DROP TABLE IF EXISTS intake;
DROP TABLE IF EXISTS requirement;
DROP TABLE IF EXISTS university;
DROP TABLE IF EXISTS course;

CREATE TABLE university(
   University VARCHAR(66) NOT NULL PRIMARY KEY
  ,Location   VARCHAR(29) NOT NULL
  ,Images     VARCHAR(150) NOT NULL
  ,Region     VARCHAR(16) NOT NULL
  ,Period     VARCHAR(139) NOT NULL
);
INSERT INTO university(University,Location,Images,Region,Period) VALUES ('Boston University Metropolitan College','United States of America','https://i0.wp.com/iisma.kemdikbud.go.id/info/wp-content/uploads/2022/02/Boston-Univ.png?fit=300%2C300&ssl=1','America & Canada','03 September 2024 – 20 December 2024');
INSERT INTO university(University,Location,Images,Region,Period) VALUES ('Arizona State University','United States of America','https://i0.wp.com/iisma.kemdikbud.go.id/info/wp-content/uploads/2022/02/Arizona-State-University.png?fit=300%2C300&ssl=1','America & Canada','22 August 2024 – 16 December 2024');
INSERT INTO university(University,Location,Images,Region,Period) VALUES ('The University of Pennsylvania','United States of America','https://i0.wp.com/iisma.kemdikbud.go.id/info/wp-content/uploads/2022/02/The-University-of-Pennsylvania.png?fit=300%2C300&ssl=1','America & Canada','21 August 2024 – 19 December 2024');
INSERT INTO university(University,Location,Images,Region,Period) VALUES ('Yale University','United States of America','https://i0.wp.com/iisma.kemdikbud.go.id/info/wp-content/uploads/2023/02/Yale.png?fit=300%2C300&ssl=1','America & Canada','27 May 2024 – 09 August 2024');
INSERT INTO university(University,Location,Images,Region,Period) VALUES ('Penn State University','United States of America','https://i0.wp.com/iisma.kemdikbud.go.id/info/wp-content/uploads/2022/02/Penn-State-University.png?fit=300%2C300&ssl=1','America & Canada','26 August 2024 – 13 December 2024');
INSERT INTO university(University,Location,Images,Region,Period) VALUES ('University of California, Davis','United States of America','https://i0.wp.com/iisma.kemdikbud.go.id/info/wp-content/uploads/2022/02/University-of-California-Davis.png?fit=300%2C300&ssl=1','America & Canada','05 August 2024 – 13 December 2024');
INSERT INTO university(University,Location,Images,Region,Period) VALUES ('UC Chile','Chile','https://i0.wp.com/iisma.kemdikbud.go.id/info/wp-content/uploads/2022/02/UC-Chile.png?fit=300%2C300&ssl=1','America & Canada','05 August 2024 – 17 December 2024');
INSERT INTO university(University,Location,Images,Region,Period) VALUES ('Michigan State University','United States of America','https://i0.wp.com/iisma.kemdikbud.go.id/info/wp-content/uploads/2022/02/Michigan-State-University-1.png?fit=300%2C300&ssl=1','America & Canada','21 August 2024 – 14 December 2024');
INSERT INTO university(University,Location,Images,Region,Period) VALUES ('University of Colorado Boulder','United States of America','https://i0.wp.com/iisma.kemdikbud.go.id/info/wp-content/uploads/2023/02/University-of-Colorado-Boulder.png?fit=300%2C300&ssl=1','America & Canada','26 August 2024 – 19 December 2024');
INSERT INTO university(University,Location,Images,Region,Period) VALUES ('University of British Columbia','Canada','https://i0.wp.com/iisma.kemdikbud.go.id/info/wp-content/uploads/2022/02/University-of-British-Columbia.png?fit=300%2C300&ssl=1','America & Canada','03 September 2024 – 20 December 2024');
INSERT INTO university(University,Location,Images,Region,Period) VALUES ('University of Waterloo','Canada','https://i0.wp.com/iisma.kemdikbud.go.id/info/wp-content/uploads/2022/02/University-of-Waterloo.png?fit=300%2C300&ssl=1','America & Canada','03 September 2024 – 20 December 2024');
INSERT INTO university(University,Location,Images,Region,Period) VALUES ('Western University','Canada','https://i0.wp.com/iisma.kemdikbud.go.id/info/wp-content/uploads/2022/02/Western-University.png?fit=300%2C300&ssl=1','America & Canada','04 September 2024 – 17 December 2024');
INSERT INTO university(University,Location,Images,Region,Period) VALUES ('The University of Chicago','United States of America','https://i0.wp.com/iisma.kemdikbud.go.id/info/wp-content/uploads/2023/02/University-of-Chicago.png?fit=300%2C300&ssl=1','America & Canada','30 September 2024 – 14 December 2024');
INSERT INTO university(University,Location,Images,Region,Period) VALUES ('University of Texas at Austin','United States of America','https://i0.wp.com/iisma.kemdikbud.go.id/info/wp-content/uploads/2023/02/University-of-Texas-at-Austin.png?fit=300%2C300&ssl=1','America & Canada','26 agustus 2024 – 9 Desember 2024');
INSERT INTO university(University,Location,Images,Region,Period) VALUES ('Cornell University','United States of America','https://i0.wp.com/iisma.kemdikbud.go.id/info/wp-content/uploads/2024/01/Cornell.png?fit=300%2C300&ssl=1','America & Canada','21 August 2024 – 31 December 2024');
INSERT INTO university(University,Location,Images,Region,Period) VALUES ('University of Michigan','Ann Arbor, Michigan, US','https://i0.wp.com/iisma.kemdikbud.go.id/info/wp-content/uploads/2024/01/Uni-of-Michigan.png?fit=300%2C300&ssl=1','America & Canada','26 August 2024 – 18 December 2024');
INSERT INTO university(University,Location,Images,Region,Period) VALUES ('New York University','New York, United States','https://i0.wp.com/iisma.kemdikbud.go.id/info/wp-content/uploads/2024/01/NYU.png?fit=300%2C300&ssl=1','America & Canada','27 May 2024 – 09 August 2024');
INSERT INTO university(University,Location,Images,Region,Period) VALUES ('Georgetown University','United States of America','https://i0.wp.com/iisma.kemdikbud.go.id/info/wp-content/uploads/2024/01/Georgetown.png?fit=300%2C300&ssl=1','America & Canada','28 August 2024 – 21 December 2024');
INSERT INTO university(University,Location,Images,Region,Period) VALUES ('University of Toronto','Canada','https://i0.wp.com/iisma.kemdikbud.go.id/info/wp-content/uploads/2024/01/WhatsApp-Image-2024-01-22-at-11.53.25.jpeg?fit=300%2C300&ssl=1','America & Canada','The University of Toronto Mississauga: September 2024 – December 2024
The University of Toronto Scarborough: September 2024 – December 2024');
INSERT INTO university(University,Location,Images,Region,Period) VALUES ('Osaka University','Japan','https://i0.wp.com/iisma.kemdikbud.go.id/info/wp-content/uploads/2023/02/OSAKA-FIX.png?fit=300%2C300&ssl=1','Asia','01 October 2024 – 07 February 2025');
INSERT INTO university(University,Location,Images,Region,Period) VALUES ('Singapore Management University','Singapore','https://i0.wp.com/iisma.kemdikbud.go.id/info/wp-content/uploads/2022/02/Singapore-Management-University.png?fit=300%2C300&ssl=1','Asia','19 August – 8 December 2024');
INSERT INTO university(University,Location,Images,Region,Period) VALUES ('Hanyang University (Seoul Campus)','South Korea','https://i0.wp.com/iisma.kemdikbud.go.id/info/wp-content/uploads/2022/02/Hanyang-University.png?fit=300%2C300&ssl=1','Asia','02 September 2024 – 20 December 2024');
INSERT INTO university(University,Location,Images,Region,Period) VALUES ('National Taiwan University of Science and Technology (Taiwan Tech)','Taiwan','https://i0.wp.com/iisma.kemdikbud.go.id/info/wp-content/uploads/2022/02/Taiwan-Tech.png?fit=300%2C300&ssl=1','Asia','01 August 2024 – 31 January 2025');
INSERT INTO university(University,Location,Images,Region,Period) VALUES ('Korea University','South Korea','https://i0.wp.com/iisma.kemdikbud.go.id/info/wp-content/uploads/2022/04/KU.png?fit=300%2C300&ssl=1','Asia','01 September 2024 – 20 December 2024');
INSERT INTO university(University,Location,Images,Region,Period) VALUES ('Universiti Malaya','Malaysia','https://i0.wp.com/iisma.kemdikbud.go.id/info/wp-content/uploads/2022/02/Universiti-Malaya-1.png?fit=300%2C300&ssl=1','Asia','07 October 2024 – 09 February 2025');
INSERT INTO university(University,Location,Images,Region,Period) VALUES ('Universiti Kebangsaan Malaysia','Malaysia','https://i0.wp.com/iisma.kemdikbud.go.id/info/wp-content/uploads/2022/02/Universiti-Kebangsaan-Malaya.png?fit=300%2C300&ssl=1','Asia','07 October 2024 – 09 February 2025');
INSERT INTO university(University,Location,Images,Region,Period) VALUES ('Universiti Sains Malaysia','Malaysia','https://i0.wp.com/iisma.kemdikbud.go.id/info/wp-content/uploads/2022/02/USM.png?fit=300%2C300&ssl=1','Asia','14 October 2024 – 23 February 2025');
INSERT INTO university(University,Location,Images,Region,Period) VALUES ('Nanyang Technological University','Singapore','https://i0.wp.com/iisma.kemdikbud.go.id/info/wp-content/uploads/2022/02/Nanyang-University.png?fit=300%2C300&ssl=1','Asia','05 August 2024 – 06 December 2024');
INSERT INTO university(University,Location,Images,Region,Period) VALUES ('Keio University','Japan','https://i0.wp.com/iisma.kemdikbud.go.id/info/wp-content/uploads/2023/02/VOKASI-EROPA-3.png?fit=300%2C300&ssl=1','Asia','12 September 2024 – 03 February 2025');
INSERT INTO university(University,Location,Images,Region,Period) VALUES ('National Taiwan University','Taiwan','https://i0.wp.com/iisma.kemdikbud.go.id/info/wp-content/uploads/2022/02/National-Taiwan-University.png?fit=300%2C300&ssl=1','Asia','28 August 2024 – 31 December 2024');
INSERT INTO university(University,Location,Images,Region,Period) VALUES ('Chulalongkorn University','Thailand','https://i0.wp.com/iisma.kemdikbud.go.id/info/wp-content/uploads/2022/02/Chulalongkorn-Univ-1.png?fit=300%2C300&ssl=1','Asia','05 August 2024 – 13 December 2024');
INSERT INTO university(University,Location,Images,Region,Period) VALUES ('Middle East Technical University','Turkey','https://i0.wp.com/iisma.kemdikbud.go.id/info/wp-content/uploads/2022/02/Middle-East-Technical-University.png?fit=300%2C300&ssl=1','Asia','23 September 2024 – 20 January 2025');
INSERT INTO university(University,Location,Images,Region,Period) VALUES ('Sophia University','Japan','https://i0.wp.com/iisma.kemdikbud.go.id/info/wp-content/uploads/2024/01/Sophia.png?fit=300%2C300&ssl=1','Asia','21 September 2024 – 29 January 2025');
INSERT INTO university(University,Location,Images,Region,Period) VALUES ('Taipei Medical University','Taiwan','https://i0.wp.com/iisma.kemdikbud.go.id/info/wp-content/uploads/2024/01/Taipei-Medical-Uni.png?fit=300%2C300&ssl=1','Asia','01 August 2024 – 31 January 2025');
INSERT INTO university(University,Location,Images,Region,Period) VALUES ('National University of Singapore','Singapore','https://i0.wp.com/iisma.kemdikbud.go.id/info/wp-content/uploads/2024/01/NUS.png?fit=300%2C300&ssl=1','Asia','05 August 2024 – 07 December 2024');
INSERT INTO university(University,Location,Images,Region,Period) VALUES ('National Cheng Kung University (NCKU)','Taiwan','https://i0.wp.com/iisma.kemdikbud.go.id/info/wp-content/uploads/2024/01/Cheng-Kung.png?fit=300%2C300&ssl=1','Asia','2 September 2024 – 7 January 2025');
INSERT INTO university(University,Location,Images,Region,Period) VALUES ('National Taiwan Normal University','Taiwan','https://i0.wp.com/iisma.kemdikbud.go.id/info/wp-content/uploads/2024/01/ntnu.png?fit=300%2C300&ssl=1','Asia','09 September 2024 – 22 December 2024');
INSERT INTO university(University,Location,Images,Region,Period) VALUES ('National Sun Yat-sen University','Taiwan','https://i0.wp.com/iisma.kemdikbud.go.id/info/wp-content/uploads/2024/01/Sun-Yat-Sen.png?fit=300%2C300&ssl=1','Asia','09 September 2024 – 10 January 2025');
INSERT INTO university(University,Location,Images,Region,Period) VALUES ('Prince of Songkla University','Thailand','https://i0.wp.com/iisma.kemdikbud.go.id/info/wp-content/uploads/2024/01/Prince-of-Songkla-University.png?fit=300%2C300&ssl=1','Asia','13 Agustus 2024 – 12 Desember 2024');
INSERT INTO university(University,Location,Images,Region,Period) VALUES ('Mahidol University','Salaya, Thailand','https://i0.wp.com/iisma.kemdikbud.go.id/info/wp-content/uploads/2024/01/28.png?fit=300%2C300&ssl=1','Asia','05 August 2024 – 13 December 2024');
INSERT INTO university(University,Location,Images,Region,Period) VALUES ('The Australian National University','Australia','https://i0.wp.com/iisma.kemdikbud.go.id/info/wp-content/uploads/2022/02/The-Australian-National-University.png?fit=300%2C300&ssl=1','Australia','22 July 2024 – 25 October 2024');
INSERT INTO university(University,Location,Images,Region,Period) VALUES ('The University of Adelaide','Australia','https://i0.wp.com/iisma.kemdikbud.go.id/info/wp-content/uploads/2022/02/The-University-of-Adelaide.png?fit=300%2C300&ssl=1','Australia','22 July 2024 – 16 November 2024');
INSERT INTO university(University,Location,Images,Region,Period) VALUES ('The University of Queensland','Australia','https://i0.wp.com/iisma.kemdikbud.go.id/info/wp-content/uploads/2022/02/The-University-of-Queensland.png?fit=300%2C300&ssl=1','Australia','15 July 2024 – 16 November 2024');
INSERT INTO university(University,Location,Images,Region,Period) VALUES ('University of Sydney','Australia','https://i0.wp.com/iisma.kemdikbud.go.id/info/wp-content/uploads/2022/02/The-University-of-Sydney.png?fit=300%2C300&ssl=1','Australia','22 July 2024 – 24 November 2024');
INSERT INTO university(University,Location,Images,Region,Period) VALUES ('University of Auckland','New Zealand','https://i0.wp.com/iisma.kemdikbud.go.id/info/wp-content/uploads/2022/02/University-of-Auckland.png?fit=300%2C300&ssl=1','Australia','15 July 2024 – 11 November 2024');
INSERT INTO university(University,Location,Images,Region,Period) VALUES ('University of Melbourne','Australia','https://i0.wp.com/iisma.kemdikbud.go.id/info/wp-content/uploads/2022/03/University-of-Melbourne.png?fit=300%2C300&ssl=1','Australia','22 July 2024 – 15 November 2024');
INSERT INTO university(University,Location,Images,Region,Period) VALUES ('Monash University','Australia','https://i0.wp.com/iisma.kemdikbud.go.id/info/wp-content/uploads/2022/02/Monash-University.png?fit=300%2C300&ssl=1','Australia','22 July 2024 – 15 November 2024');
INSERT INTO university(University,Location,Images,Region,Period) VALUES ('The University of Western Australia','Australia','https://i0.wp.com/iisma.kemdikbud.go.id/info/wp-content/uploads/2023/02/8.png?fit=300%2C300&ssl=1','Australia','22 July 2024 – 11 November 2024');
INSERT INTO university(University,Location,Images,Region,Period) VALUES ('University of Otago','New Zealand','https://i0.wp.com/iisma.kemdikbud.go.id/info/wp-content/uploads/2023/02/University-of-Otago.png?fit=300%2C300&ssl=1','Australia','15 July 2024 – 09 November 2024');
INSERT INTO university(University,Location,Images,Region,Period) VALUES ('Victoria University of Wellington','New Zealand','https://i0.wp.com/iisma.kemdikbud.go.id/info/wp-content/uploads/2023/02/University-of-Otago-2.png?fit=300%2C300&ssl=1','Australia','01 July 2024 – 09 November 2024');
INSERT INTO university(University,Location,Images,Region,Period) VALUES ('University of New South Wales','Australia','https://i0.wp.com/iisma.kemdikbud.go.id/info/wp-content/uploads/2023/02/UNSW.png?fit=300%2C300&ssl=1','Australia','09 September 2024 – 05 December 2024');
INSERT INTO university(University,Location,Images,Region,Period) VALUES ('University of Canterbury','New Zealand','https://i0.wp.com/iisma.kemdikbud.go.id/info/wp-content/uploads/2023/02/University-of-canterbury-.png?fit=300%2C300&ssl=1','Australia','08 July 2024 – 01 December 2024');
INSERT INTO university(University,Location,Images,Region,Period) VALUES ('Massey University','Palmerston North, New Zealand','https://i0.wp.com/iisma.kemdikbud.go.id/info/wp-content/uploads/2024/01/Massey-University.webp?fit=300%2C300&ssl=1','Australia','10 July 2024 – 11 November 2024');
INSERT INTO university(University,Location,Images,Region,Period) VALUES ('University of Waikato','New Zealand','https://i0.wp.com/iisma.kemdikbud.go.id/info/wp-content/uploads/2024/01/Host-Uni-baru-Sarjana.png?fit=300%2C300&ssl=1','Australia','8 July 2024 – 1 November 2024');
INSERT INTO university(University,Location,Images,Region,Period) VALUES ('Vrije Universiteit Amsterdam','Netherlands','https://i0.wp.com/iisma.kemdikbud.go.id/info/wp-content/uploads/2022/03/Vrije-Universiteit-Amsterdam.png?fit=300%2C300&ssl=1','Europe','17 August 2024 – 31 January 2025');
INSERT INTO university(University,Location,Images,Region,Period) VALUES ('Leiden University','Netherlands','https://i0.wp.com/iisma.kemdikbud.go.id/info/wp-content/uploads/2022/02/Leiden-University.png?fit=300%2C300&ssl=1','Europe','02 September 2024 – 31 January 2025');
INSERT INTO university(University,Location,Images,Region,Period) VALUES ('Maastricht University','Netherlands','https://i0.wp.com/iisma.kemdikbud.go.id/info/wp-content/uploads/2022/02/Maastricht-University.png?fit=300%2C300&ssl=1','Europe','01 September 2024 – 28 February 2025');
INSERT INTO university(University,Location,Images,Region,Period) VALUES ('KU Leuven','Leuven, Belgium','https://i0.wp.com/iisma.kemdikbud.go.id/info/wp-content/uploads/2022/02/KU-Leuven.png?fit=300%2C300&ssl=1','Europe','23 September 2024 – 09 February 2025');
INSERT INTO university(University,Location,Images,Region,Period) VALUES ('University of Szeged','Szeged, Hungary','https://i0.wp.com/iisma.kemdikbud.go.id/info/wp-content/uploads/2022/02/University-of-Szeged-2.png?fit=300%2C300&ssl=1','Europe','02 September 2024 – 30 January 2025');
INSERT INTO university(University,Location,Images,Region,Period) VALUES ('University of Pisa','Italy','https://i0.wp.com/iisma.kemdikbud.go.id/info/wp-content/uploads/2022/02/University-of-Pisa.png?fit=300%2C300&ssl=1','Europe','16 September 2024 – 28 February 2025');
INSERT INTO university(University,Location,Images,Region,Period) VALUES ('Humboldt-Universität zu Berlin','Germany','https://i0.wp.com/iisma.kemdikbud.go.id/info/wp-content/uploads/2022/02/Humboldt-University-of-Berlin.png?fit=300%2C300&ssl=1','Europe','20 August 2024 – 13 December 2024');
INSERT INTO university(University,Location,Images,Region,Period) VALUES ('University of Zagreb','Croatia','https://i0.wp.com/iisma.kemdikbud.go.id/info/wp-content/uploads/2022/02/University-of-ZagrebUniversity-of-Zagreb.png?fit=300%2C300&ssl=1','Europe','23 September 2024 – 18 February 2025');
INSERT INTO university(University,Location,Images,Region,Period) VALUES ('University of Warsaw','Poland','https://i0.wp.com/iisma.kemdikbud.go.id/info/wp-content/uploads/2022/02/University-of-Warsaw-1.png?fit=300%2C300&ssl=1','Europe','09 September 2024 – 13 December 2024');
INSERT INTO university(University,Location,Images,Region,Period) VALUES ('M.V.Lomonosov Moscow State University','Russia','https://i0.wp.com/iisma.kemdikbud.go.id/info/wp-content/uploads/2023/02/M.V.Lomonosov-Moscow-State-University.png?fit=300%2C300&ssl=1','Europe','08 September 2024 – 25 January 2025');
INSERT INTO university(University,Location,Images,Region,Period) VALUES ('Radboud University','Netherlands','https://i0.wp.com/iisma.kemdikbud.go.id/info/wp-content/uploads/2022/02/Radboud-University-1.png?fit=300%2C300&ssl=1','Europe','02 September 2024 – 25 January 2025');
INSERT INTO university(University,Location,Images,Region,Period) VALUES ('Vytautas Magnus University','Lithuania','https://i0.wp.com/iisma.kemdikbud.go.id/info/wp-content/uploads/2022/02/Vytautas-Magnus-University.png?fit=300%2C300&ssl=1','Europe','22 August 2024 – 15 January 2025');
INSERT INTO university(University,Location,Images,Region,Period) VALUES ('Sciences Po','France','https://i0.wp.com/iisma.kemdikbud.go.id/info/wp-content/uploads/2023/02/SciencesPo.png?fit=300%2C300&ssl=1','Europe','02 September 2024 – 21 December 2024');
INSERT INTO university(University,Location,Images,Region,Period) VALUES ('Universitat Pompeu Fabra','Spain','https://i0.wp.com/iisma.kemdikbud.go.id/info/wp-content/uploads/2022/02/UNIVERSITAT-POMPEU-FABRA.png?fit=300%2C300&ssl=1','Europe','25 September 2024 – 10 December 2024');
INSERT INTO university(University,Location,Images,Region,Period) VALUES ('Sapienza University of Rome','Italy','https://i0.wp.com/iisma.kemdikbud.go.id/info/wp-content/uploads/2022/02/Sapienza-University-of-Rome.png?fit=300%2C300&ssl=1','Europe','01 September 2024 – 28 February 2025');
INSERT INTO university(University,Location,Images,Region,Period) VALUES ('University of Padua','Italy','https://i0.wp.com/iisma.kemdikbud.go.id/info/wp-content/uploads/2022/02/University-of-Padua-2.png?fit=300%2C300&ssl=1','Europe','02 October 2024 – 28 February 2025');
INSERT INTO university(University,Location,Images,Region,Period) VALUES ('Universidad Autónoma de Madrid','Spain','https://i0.wp.com/iisma.kemdikbud.go.id/info/wp-content/uploads/2022/02/UNIVERSIDAD-AUTONOMA-DE-MADRID.png?fit=300%2C300&ssl=1','Europe','28 August 2023 to 30 January 2024');
INSERT INTO university(University,Location,Images,Region,Period) VALUES ('University of Groningen','Netherlands','https://i0.wp.com/iisma.kemdikbud.go.id/info/wp-content/uploads/2024/01/University-of-Groningen.webp?fit=300%2C300&ssl=1','Europe','19 August 2024 – 07 February 2025');
INSERT INTO university(University,Location,Images,Region,Period) VALUES ('Belarusian State University','Minsk, Belarus','https://i0.wp.com/iisma.kemdikbud.go.id/info/wp-content/uploads/2024/01/Belarusian.png?fit=300%2C300&ssl=1','Europe','01 September 2024 – 31 December 2024');
INSERT INTO university(University,Location,Images,Region,Period) VALUES ('Aalto University','Espoo, Finland','https://i0.wp.com/iisma.kemdikbud.go.id/info/wp-content/uploads/2024/01/Aalto.png?fit=300%2C300&ssl=1','Europe','26 August 2024 – 31 December 2024');
INSERT INTO university(University,Location,Images,Region,Period) VALUES ('University of Pécs','Pécs, Hungary','https://i0.wp.com/iisma.kemdikbud.go.id/info/wp-content/uploads/2024/01/University-of-pecs.webp?fit=300%2C300&ssl=1','Europe','02 September 2024 – 31 January 2025');
INSERT INTO university(University,Location,Images,Region,Period) VALUES ('University of Siena','Italy','https://i0.wp.com/iisma.kemdikbud.go.id/info/wp-content/uploads/2024/01/Siena.png?fit=300%2C300&ssl=1','Europe','16 September 2024 – 16 January 2025');
INSERT INTO university(University,Location,Images,Region,Period) VALUES ('Technische Universität Dresden','Germany','https://i0.wp.com/iisma.kemdikbud.go.id/info/wp-content/uploads/2024/01/Technische-Universitat-Dresden.png?fit=300%2C300&ssl=1','Europe','14 October 2024 – 02 February 2025');
INSERT INTO university(University,Location,Images,Region,Period) VALUES ('Aix-Marseille University','France','https://i0.wp.com/iisma.kemdikbud.go.id/info/wp-content/uploads/2024/01/Aix-Marseille.png?fit=300%2C300&ssl=1','Europe','30 August 2024 – 15 January 2025');
INSERT INTO university(University,Location,Images,Region,Period) VALUES ('Université de Caen Normandie','France','https://i0.wp.com/iisma.kemdikbud.go.id/info/wp-content/uploads/2024/01/Caen-Normandie.png?fit=300%2C300&ssl=1','Europe','02 September 2024 – 20 December 2024');
INSERT INTO university(University,Location,Images,Region,Period) VALUES ('Charles University','The Czech Republic','https://i0.wp.com/iisma.kemdikbud.go.id/info/wp-content/uploads/2024/01/Charles.png?fit=300%2C300&ssl=1','Europe','01 October 2024 – 16 February 2025');
INSERT INTO university(University,Location,Images,Region,Period) VALUES ('Saint Petersburg State University','Russia','https://i0.wp.com/iisma.kemdikbud.go.id/info/wp-content/uploads/2024/01/St.-Petersburg.png?fit=300%2C300&ssl=1','Europe','25 August 2024 – 31 January 2025');
INSERT INTO university(University,Location,Images,Region,Period) VALUES ('RUDN University','Russia','https://i0.wp.com/iisma.kemdikbud.go.id/info/wp-content/uploads/2024/01/RUDN.png?fit=300%2C300&ssl=1','Europe','01 September 2024 – 25 January 2025');
INSERT INTO university(University,Location,Images,Region,Period) VALUES ('Higher School of Economics National Research University','Russia','https://i0.wp.com/iisma.kemdikbud.go.id/info/wp-content/uploads/2024/01/hse.png?fit=300%2C300&ssl=1','Europe','1 September 2024 – 30 Desember 2024');
INSERT INTO university(University,Location,Images,Region,Period) VALUES ('Information Technologies, Mechanics and Optics (ITMO) University','Russia','https://i0.wp.com/iisma.kemdikbud.go.id/info/wp-content/uploads/2024/01/itmo.png?fit=300%2C300&ssl=1','Europe','01 September 2024 – 31 January 2025');
INSERT INTO university(University,Location,Images,Region,Period) VALUES ('University of Granada','Spain','https://i0.wp.com/iisma.kemdikbud.go.id/info/wp-content/uploads/2024/01/granada.webp?fit=300%2C300&ssl=1','Europe','31 August 2024 – 20 December 2024');
INSERT INTO university(University,Location,Images,Region,Period) VALUES ('KTH Royal Institute of Technology','Stockholm, Sweden','https://i0.wp.com/iisma.kemdikbud.go.id/info/wp-content/uploads/2024/01/29.png?fit=300%2C300&ssl=1','Europe','28 August 2024 – 15 January 2025');
INSERT INTO university(University,Location,Images,Region,Period) VALUES ('Lund University','Lund, Sweden','https://i0.wp.com/iisma.kemdikbud.go.id/info/wp-content/uploads/2024/01/Lund.png?fit=300%2C300&ssl=1','Europe','02 September 2024 – 19 January 2025');
INSERT INTO university(University,Location,Images,Region,Period) VALUES ('Palacký University Olomouc','Czechia','https://i0.wp.com/iisma.kemdikbud.go.id/info/wp-content/uploads/2022/02/Palacky-University-Olomouc.png?fit=300%2C300&ssl=1','Europe','15 September 2024 – 31 January 2025');
INSERT INTO university(University,Location,Images,Region,Period) VALUES ('Lancaster University','United Kingdom','https://i0.wp.com/iisma.kemdikbud.go.id/info/wp-content/uploads/2022/02/Lancaster-University.png?fit=300%2C300&ssl=1','UK & Ireland','16 September 2024 – 13 December 2024');
INSERT INTO university(University,Location,Images,Region,Period) VALUES ('University of Leicester','United Kingdom','https://i0.wp.com/iisma.kemdikbud.go.id/info/wp-content/uploads/2022/02/University-of-Leicester.png?fit=300%2C300&ssl=1','UK & Ireland','23 September 2024 – 12 January 2025');
INSERT INTO university(University,Location,Images,Region,Period) VALUES ('University of Galway','Ireland','https://i0.wp.com/iisma.kemdikbud.go.id/info/wp-content/uploads/2023/02/University-of-Galway.png?fit=300%2C300&ssl=1','UK & Ireland','09 September 2024 – 20 December 2024');
INSERT INTO university(University,Location,Images,Region,Period) VALUES ('University of Birmingham','United Kingdom','https://i0.wp.com/iisma.kemdikbud.go.id/info/wp-content/uploads/2022/02/The-University-of-Birmingham.png?fit=300%2C300&ssl=1','UK & Ireland','23 September 2024 – 13 December 2024');
INSERT INTO university(University,Location,Images,Region,Period) VALUES ('Newcastle University','United Kingdom','https://i0.wp.com/iisma.kemdikbud.go.id/info/wp-content/uploads/2023/02/Newcastle.png?fit=300%2C300&ssl=1','UK & Ireland','10 September 2024 – 14 December 2024');
INSERT INTO university(University,Location,Images,Region,Period) VALUES ('University of Edinburgh','United Kingdom','https://i0.wp.com/iisma.kemdikbud.go.id/info/wp-content/uploads/2022/02/The-University-of-Edinburgh.png?fit=300%2C300&ssl=1','UK & Ireland','16 September 2024 – 20 December 2024');
INSERT INTO university(University,Location,Images,Region,Period) VALUES ('University College Dublin','Ireland','https://i0.wp.com/iisma.kemdikbud.go.id/info/wp-content/uploads/2022/02/University-College-Dublin.png?fit=300%2C300&ssl=1','UK & Ireland','09 September 2024 – 21 December 2024');
INSERT INTO university(University,Location,Images,Region,Period) VALUES ('University College Cork - National University of Ireland','Ireland','https://i0.wp.com/iisma.kemdikbud.go.id/info/wp-content/uploads/2022/02/University-College-Cork-National-University-of-Ireland.png?fit=300%2C300&ssl=1','UK & Ireland','01 September 2024 – 23 December 2024');
INSERT INTO university(University,Location,Images,Region,Period) VALUES ('University of Glasgow','United Kingdom','https://i0.wp.com/iisma.kemdikbud.go.id/info/wp-content/uploads/2022/02/University-of-Glasgow.png?fit=300%2C300&ssl=1','UK & Ireland','16 September 2024 – 20 December 2024');
INSERT INTO university(University,Location,Images,Region,Period) VALUES ('University of Liverpool','United Kingdom','https://i0.wp.com/iisma.kemdikbud.go.id/info/wp-content/uploads/2022/02/Asset-64.png?fit=300%2C300&ssl=1','UK & Ireland','22 September 2024 – 24 January 2025');
INSERT INTO university(University,Location,Images,Region,Period) VALUES ('University of Leeds','United Kingdom','https://i0.wp.com/iisma.kemdikbud.go.id/info/wp-content/uploads/2022/02/University-of-Leeds-1.png?fit=300%2C300&ssl=1','UK & Ireland','30 September 2024 – 24 January 2025');
INSERT INTO university(University,Location,Images,Region,Period) VALUES ('University of Sussex','United Kingdom','https://i0.wp.com/iisma.kemdikbud.go.id/info/wp-content/uploads/2022/02/University-of-Sussex.png?fit=300%2C300&ssl=1','UK & Ireland','23 September 2024 – 18 January 2025');
INSERT INTO university(University,Location,Images,Region,Period) VALUES ('University of Warwick','United Kingdom','https://i0.wp.com/iisma.kemdikbud.go.id/info/wp-content/uploads/2022/02/University-of-Warwick.png?fit=300%2C300&ssl=1','UK & Ireland','23 September 2024 – 31 January 2025');
INSERT INTO university(University,Location,Images,Region,Period) VALUES ('University of York','United Kingdom','https://i0.wp.com/iisma.kemdikbud.go.id/info/wp-content/uploads/2022/02/University-of-York.png?fit=300%2C300&ssl=1','UK & Ireland','16 September 2024 – 31 January 2025');
INSERT INTO university(University,Location,Images,Region,Period) VALUES ('University College London','United Kingdom','https://i0.wp.com/iisma.kemdikbud.go.id/info/wp-content/uploads/2023/02/UCL.png?fit=300%2C300&ssl=1','UK & Ireland','23 September 2024 – 13 December 2024');
INSERT INTO university(University,Location,Images,Region,Period) VALUES ('Queen Mary University of London','United Kingdom','https://i0.wp.com/iisma.kemdikbud.go.id/info/wp-content/uploads/2022/02/Queen-Mary.png?fit=300%2C300&ssl=1','UK & Ireland','16 September 2024 – 13 December 2024');
INSERT INTO university(University,Location,Images,Region,Period) VALUES ('The University of Manchester','United Kingdom','https://i0.wp.com/iisma.kemdikbud.go.id/info/wp-content/uploads/2024/01/Manchester.png?fit=300%2C300&ssl=1','UK & Ireland','16 September 2024 – 26 January 2025');
INSERT INTO university(University,Location,Images,Region,Period) VALUES ('Durham University','United Kingdom','https://i0.wp.com/iisma.kemdikbud.go.id/info/wp-content/uploads/2024/01/Durham.png?fit=300%2C300&ssl=1','UK & Ireland','07 October 2024 – 10 January 2025');
INSERT INTO university(University,Location,Images,Region,Period) VALUES ('The University of Sheffield','United Kingdom','https://i0.wp.com/iisma.kemdikbud.go.id/info/wp-content/uploads/2024/01/Sheffield.png?fit=300%2C300&ssl=1','UK & Ireland','23 September 2024 – 08 February 2025');
INSERT INTO university(University,Location,Images,Region,Period) VALUES ('Loughborough University','United Kingdom','https://i0.wp.com/iisma.kemdikbud.go.id/info/wp-content/uploads/2024/01/Loughborough-1.png?fit=300%2C300&ssl=1','UK & Ireland','30 September 2024 – 31 January 2025');
INSERT INTO university(University,Location,Images,Region,Period) VALUES ('University of Bath','United Kingdom','https://i0.wp.com/iisma.kemdikbud.go.id/info/wp-content/uploads/2024/01/Bath.png?fit=300%2C300&ssl=1','UK & Ireland','23 September 2024 – 24 January 2025');
INSERT INTO university(University,Location,Images,Region,Period) VALUES ('University of Limerick','Ireland','https://i0.wp.com/iisma.kemdikbud.go.id/info/wp-content/uploads/2024/01/Limerick.png?fit=300%2C300&ssl=1','UK & Ireland','08 September 2024 – 21 December 2024');
INSERT INTO university(University,Location,Images,Region,Period) VALUES ('University of Southampton','United Kingdom','https://i0.wp.com/iisma.kemdikbud.go.id/info/wp-content/uploads/2024/01/Southampton.png?fit=300%2C300&ssl=1','UK & Ireland','30 September 2024 – 25 January 2025');
INSERT INTO university(University,Location,Images,Region,Period) VALUES ('Queen''s University Belfast','United Kingdom','https://i0.wp.com/iisma.kemdikbud.go.id/info/wp-content/uploads/2024/01/Queens-University.png?fit=300%2C300&ssl=1','UK & Ireland','16 September 2024 – 13 December 2024');
INSERT INTO university(University,Location,Images,Region,Period) VALUES ('University of Bristol','United Kingdom','https://i0.wp.com/iisma.kemdikbud.go.id/info/wp-content/uploads/2024/01/Bristol.png?fit=300%2C300&ssl=1','UK & Ireland','09 September 2024 – 13 December 2024');

CREATE TABLE requirement(
   Uni_Name VARCHAR(66) NOT NULL PRIMARY KEY
  ,GPA      NUMERIC(3,1) NOT NULL
  ,IELTS    NUMERIC(3,1) NOT NULL
  ,TOEFL    INTEGER 
  ,DET      INTEGER 
);
INSERT INTO requirement(Uni_Name,GPA,IELTS,TOEFL,DET) VALUES ('Boston University Metropolitan College',3,6,84,115);
INSERT INTO requirement(Uni_Name,GPA,IELTS,TOEFL,DET) VALUES ('Arizona State University',3,6,79,115);
INSERT INTO requirement(Uni_Name,GPA,IELTS,TOEFL,DET) VALUES ('The University of Pennsylvania',3.3,7,100,120);
INSERT INTO requirement(Uni_Name,GPA,IELTS,TOEFL,DET) VALUES ('Yale University',3,7,100,120);
INSERT INTO requirement(Uni_Name,GPA,IELTS,TOEFL,DET) VALUES ('Penn State University',3,6.5,80,120);
INSERT INTO requirement(Uni_Name,GPA,IELTS,TOEFL,DET) VALUES ('University of California, Davis',3,6.5,80,115);
INSERT INTO requirement(Uni_Name,GPA,IELTS,TOEFL,DET) VALUES ('UC Chile',3,6,78,100);
INSERT INTO requirement(Uni_Name,GPA,IELTS,TOEFL,DET) VALUES ('Michigan State University',3,6.5,79,110);
INSERT INTO requirement(Uni_Name,GPA,IELTS,TOEFL,DET) VALUES ('University of Colorado Boulder',3,6.5,78,120);
INSERT INTO requirement(Uni_Name,GPA,IELTS,TOEFL,DET) VALUES ('University of British Columbia',3,6,90,125);
INSERT INTO requirement(Uni_Name,GPA,IELTS,TOEFL,DET) VALUES ('University of Waterloo',3,6.5,90,120);
INSERT INTO requirement(Uni_Name,GPA,IELTS,TOEFL,DET) VALUES ('Western University',3,6.5,83,115);
INSERT INTO requirement(Uni_Name,GPA,IELTS,TOEFL,DET) VALUES ('The University of Chicago',3,7,104,NULL);
INSERT INTO requirement(Uni_Name,GPA,IELTS,TOEFL,DET) VALUES ('University of Texas at Austin',3,6,79,NULL);
INSERT INTO requirement(Uni_Name,GPA,IELTS,TOEFL,DET) VALUES ('Cornell University',3,7.5,100,120);
INSERT INTO requirement(Uni_Name,GPA,IELTS,TOEFL,DET) VALUES ('University of Michigan',3.5,7,100,130);
INSERT INTO requirement(Uni_Name,GPA,IELTS,TOEFL,DET) VALUES ('New York University',3,7.5,100,125);
INSERT INTO requirement(Uni_Name,GPA,IELTS,TOEFL,DET) VALUES ('Georgetown University',3,6,78,100);
INSERT INTO requirement(Uni_Name,GPA,IELTS,TOEFL,DET) VALUES ('University of Toronto',3,6.5,89,120);
INSERT INTO requirement(Uni_Name,GPA,IELTS,TOEFL,DET) VALUES ('Osaka University',3,6,80,110);
INSERT INTO requirement(Uni_Name,GPA,IELTS,TOEFL,DET) VALUES ('Singapore Management University',3,7,93,125);
INSERT INTO requirement(Uni_Name,GPA,IELTS,TOEFL,DET) VALUES ('Hanyang University (Seoul Campus)',3,6,78,100);
INSERT INTO requirement(Uni_Name,GPA,IELTS,TOEFL,DET) VALUES ('National Taiwan University of Science and Technology (Taiwan Tech)',3,6,78,120);
INSERT INTO requirement(Uni_Name,GPA,IELTS,TOEFL,DET) VALUES ('Korea University',3,6,78,100);
INSERT INTO requirement(Uni_Name,GPA,IELTS,TOEFL,DET) VALUES ('Universiti Malaya',3,6,78,100);
INSERT INTO requirement(Uni_Name,GPA,IELTS,TOEFL,DET) VALUES ('Universiti Kebangsaan Malaysia',3,6,79,115);
INSERT INTO requirement(Uni_Name,GPA,IELTS,TOEFL,DET) VALUES ('Universiti Sains Malaysia',3,6,79,100);
INSERT INTO requirement(Uni_Name,GPA,IELTS,TOEFL,DET) VALUES ('Nanyang Technological University',3.3,6,90,NULL);
INSERT INTO requirement(Uni_Name,GPA,IELTS,TOEFL,DET) VALUES ('Keio University',3,6,78,100);
INSERT INTO requirement(Uni_Name,GPA,IELTS,TOEFL,DET) VALUES ('National Taiwan University',3,6,78,100);
INSERT INTO requirement(Uni_Name,GPA,IELTS,TOEFL,DET) VALUES ('Chulalongkorn University',3,6,80,105);
INSERT INTO requirement(Uni_Name,GPA,IELTS,TOEFL,DET) VALUES ('Middle East Technical University',3,7,79,100);
INSERT INTO requirement(Uni_Name,GPA,IELTS,TOEFL,DET) VALUES ('Sophia University',3,6,79,NULL);
INSERT INTO requirement(Uni_Name,GPA,IELTS,TOEFL,DET) VALUES ('Taipei Medical University',3,6,79,NULL);
INSERT INTO requirement(Uni_Name,GPA,IELTS,TOEFL,DET) VALUES ('National University of Singapore',3.5,6.5,92,NULL);
INSERT INTO requirement(Uni_Name,GPA,IELTS,TOEFL,DET) VALUES ('National Cheng Kung University (NCKU)',3,6,78,NULL);
INSERT INTO requirement(Uni_Name,GPA,IELTS,TOEFL,DET) VALUES ('National Taiwan Normal University',3,6.5,80,120);
INSERT INTO requirement(Uni_Name,GPA,IELTS,TOEFL,DET) VALUES ('National Sun Yat-sen University',3,6,78,NULL);
INSERT INTO requirement(Uni_Name,GPA,IELTS,TOEFL,DET) VALUES ('Prince of Songkla University',3,6,78,100);
INSERT INTO requirement(Uni_Name,GPA,IELTS,TOEFL,DET) VALUES ('Mahidol University',3,6,78,100);
INSERT INTO requirement(Uni_Name,GPA,IELTS,TOEFL,DET) VALUES ('The Australian National University',3,6,80,NULL);
INSERT INTO requirement(Uni_Name,GPA,IELTS,TOEFL,DET) VALUES ('The University of Adelaide',3,6.5,79,NULL);
INSERT INTO requirement(Uni_Name,GPA,IELTS,TOEFL,DET) VALUES ('The University of Queensland',3,6.5,87,NULL);
INSERT INTO requirement(Uni_Name,GPA,IELTS,TOEFL,DET) VALUES ('University of Sydney',3,6.5,85,NULL);
INSERT INTO requirement(Uni_Name,GPA,IELTS,TOEFL,DET) VALUES ('University of Auckland',3,6,80,NULL);
INSERT INTO requirement(Uni_Name,GPA,IELTS,TOEFL,DET) VALUES ('University of Melbourne',3,6.5,NULL,NULL);
INSERT INTO requirement(Uni_Name,GPA,IELTS,TOEFL,DET) VALUES ('Monash University',3,6,79,125);
INSERT INTO requirement(Uni_Name,GPA,IELTS,TOEFL,DET) VALUES ('The University of Western Australia',3,6,82,NULL);
INSERT INTO requirement(Uni_Name,GPA,IELTS,TOEFL,DET) VALUES ('University of Otago',3,6,90,NULL);
INSERT INTO requirement(Uni_Name,GPA,IELTS,TOEFL,DET) VALUES ('Victoria University of Wellington',3,6,80,110);
INSERT INTO requirement(Uni_Name,GPA,IELTS,TOEFL,DET) VALUES ('University of New South Wales',3,6,90,NULL);
INSERT INTO requirement(Uni_Name,GPA,IELTS,TOEFL,DET) VALUES ('University of Canterbury',3,6,80,NULL);
INSERT INTO requirement(Uni_Name,GPA,IELTS,TOEFL,DET) VALUES ('Massey University',3,6,80,NULL);
INSERT INTO requirement(Uni_Name,GPA,IELTS,TOEFL,DET) VALUES ('University of Waikato',3,6,80,105);
INSERT INTO requirement(Uni_Name,GPA,IELTS,TOEFL,DET) VALUES ('Vrije Universiteit Amsterdam',3,6.5,92,NULL);
INSERT INTO requirement(Uni_Name,GPA,IELTS,TOEFL,DET) VALUES ('Leiden University',3.2,6,90,NULL);
INSERT INTO requirement(Uni_Name,GPA,IELTS,TOEFL,DET) VALUES ('Maastricht University',3,6.5,90,105);
INSERT INTO requirement(Uni_Name,GPA,IELTS,TOEFL,DET) VALUES ('KU Leuven',3.3,6.5,92,NULL);
INSERT INTO requirement(Uni_Name,GPA,IELTS,TOEFL,DET) VALUES ('University of Szeged',3.2,6,78,100);
INSERT INTO requirement(Uni_Name,GPA,IELTS,TOEFL,DET) VALUES ('University of Pisa',3,7,80,100);
INSERT INTO requirement(Uni_Name,GPA,IELTS,TOEFL,DET) VALUES ('Humboldt-Universität zu Berlin',3,6.5,90,105);
INSERT INTO requirement(Uni_Name,GPA,IELTS,TOEFL,DET) VALUES ('University of Zagreb',3,6,78,100);
INSERT INTO requirement(Uni_Name,GPA,IELTS,TOEFL,DET) VALUES ('University of Warsaw',3,6,78,100);
INSERT INTO requirement(Uni_Name,GPA,IELTS,TOEFL,DET) VALUES ('M.V.Lomonosov Moscow State University',3,6,78,100);
INSERT INTO requirement(Uni_Name,GPA,IELTS,TOEFL,DET) VALUES ('Radboud University',3,6.5,90,NULL);
INSERT INTO requirement(Uni_Name,GPA,IELTS,TOEFL,DET) VALUES ('Vytautas Magnus University',3,6,87,100);
INSERT INTO requirement(Uni_Name,GPA,IELTS,TOEFL,DET) VALUES ('Sciences Po',3.6,6.5,100,135);
INSERT INTO requirement(Uni_Name,GPA,IELTS,TOEFL,DET) VALUES ('Universitat Pompeu Fabra',3,6,80,115);
INSERT INTO requirement(Uni_Name,GPA,IELTS,TOEFL,DET) VALUES ('Sapienza University of Rome',3,6,90,110);
INSERT INTO requirement(Uni_Name,GPA,IELTS,TOEFL,DET) VALUES ('University of Padua',3,6,78,100);
INSERT INTO requirement(Uni_Name,GPA,IELTS,TOEFL,DET) VALUES ('Universidad Autónoma de Madrid',3,6,78,NULL);
INSERT INTO requirement(Uni_Name,GPA,IELTS,TOEFL,DET) VALUES ('University of Groningen',3,6,90,NULL);
INSERT INTO requirement(Uni_Name,GPA,IELTS,TOEFL,DET) VALUES ('Belarusian State University',3,6,78,100);
INSERT INTO requirement(Uni_Name,GPA,IELTS,TOEFL,DET) VALUES ('Aalto University',3.3,6.5,92,NULL);
INSERT INTO requirement(Uni_Name,GPA,IELTS,TOEFL,DET) VALUES ('University of Pécs',3,6,78,100);
INSERT INTO requirement(Uni_Name,GPA,IELTS,TOEFL,DET) VALUES ('University of Siena',3,6,94,NULL);
INSERT INTO requirement(Uni_Name,GPA,IELTS,TOEFL,DET) VALUES ('Technische Universität Dresden',3.3,6,80,120);
INSERT INTO requirement(Uni_Name,GPA,IELTS,TOEFL,DET) VALUES ('Aix-Marseille University',3,6,78,100);
INSERT INTO requirement(Uni_Name,GPA,IELTS,TOEFL,DET) VALUES ('Université de Caen Normandie',3,6,78,100);
INSERT INTO requirement(Uni_Name,GPA,IELTS,TOEFL,DET) VALUES ('Charles University',3,6,79,NULL);
INSERT INTO requirement(Uni_Name,GPA,IELTS,TOEFL,DET) VALUES ('Saint Petersburg State University',3,6,78,NULL);
INSERT INTO requirement(Uni_Name,GPA,IELTS,TOEFL,DET) VALUES ('RUDN University',3,6,78,125);
INSERT INTO requirement(Uni_Name,GPA,IELTS,TOEFL,DET) VALUES ('Higher School of Economics National Research University',3,6.5,78,NULL);
INSERT INTO requirement(Uni_Name,GPA,IELTS,TOEFL,DET) VALUES ('Information Technologies, Mechanics and Optics (ITMO) University',3,6,78,100);
INSERT INTO requirement(Uni_Name,GPA,IELTS,TOEFL,DET) VALUES ('University of Granada',3,6,80,100);
INSERT INTO requirement(Uni_Name,GPA,IELTS,TOEFL,DET) VALUES ('KTH Royal Institute of Technology',3,6.5,90,120);
INSERT INTO requirement(Uni_Name,GPA,IELTS,TOEFL,DET) VALUES ('Lund University',3,6.5,90,NULL);
INSERT INTO requirement(Uni_Name,GPA,IELTS,TOEFL,DET) VALUES ('Palacký University Olomouc',3,6,78,100);
INSERT INTO requirement(Uni_Name,GPA,IELTS,TOEFL,DET) VALUES ('Lancaster University',3,6,87,NULL);
INSERT INTO requirement(Uni_Name,GPA,IELTS,TOEFL,DET) VALUES ('University of Leicester',3,6.5,90,110);
INSERT INTO requirement(Uni_Name,GPA,IELTS,TOEFL,DET) VALUES ('University of Galway',3,6.5,88,NULL);
INSERT INTO requirement(Uni_Name,GPA,IELTS,TOEFL,DET) VALUES ('University of Birmingham',3,6.5,88,NULL);
INSERT INTO requirement(Uni_Name,GPA,IELTS,TOEFL,DET) VALUES ('Newcastle University',3,6,NULL,120);
INSERT INTO requirement(Uni_Name,GPA,IELTS,TOEFL,DET) VALUES ('University of Edinburgh',3,6.5,92,NULL);
INSERT INTO requirement(Uni_Name,GPA,IELTS,TOEFL,DET) VALUES ('University College Dublin',3,6.5,90,120);
INSERT INTO requirement(Uni_Name,GPA,IELTS,TOEFL,DET) VALUES ('University College Cork - National University of Ireland',3,6,80,120);
INSERT INTO requirement(Uni_Name,GPA,IELTS,TOEFL,DET) VALUES ('University of Glasgow',3,6,82,NULL);
INSERT INTO requirement(Uni_Name,GPA,IELTS,TOEFL,DET) VALUES ('University of Liverpool',3,6.5,88,NULL);
INSERT INTO requirement(Uni_Name,GPA,IELTS,TOEFL,DET) VALUES ('University of Leeds',3,6.5,NULL,110);
INSERT INTO requirement(Uni_Name,GPA,IELTS,TOEFL,DET) VALUES ('University of Sussex',3,6,80,120);
INSERT INTO requirement(Uni_Name,GPA,IELTS,TOEFL,DET) VALUES ('University of Warwick',3,6,87,NULL);
INSERT INTO requirement(Uni_Name,GPA,IELTS,TOEFL,DET) VALUES ('University of York',3,6.5,87,120);
INSERT INTO requirement(Uni_Name,GPA,IELTS,TOEFL,DET) VALUES ('University College London',3.3,7,96,NULL);
INSERT INTO requirement(Uni_Name,GPA,IELTS,TOEFL,DET) VALUES ('Queen Mary University of London',3,7,NULL,NULL);
INSERT INTO requirement(Uni_Name,GPA,IELTS,TOEFL,DET) VALUES ('The University of Manchester',3,7,90,NULL);
INSERT INTO requirement(Uni_Name,GPA,IELTS,TOEFL,DET) VALUES ('Durham University',3,6.5,92,NULL);
INSERT INTO requirement(Uni_Name,GPA,IELTS,TOEFL,DET) VALUES ('The University of Sheffield',3,6.5,88,120);
INSERT INTO requirement(Uni_Name,GPA,IELTS,TOEFL,DET) VALUES ('Loughborough University',3,6.5,92,120);
INSERT INTO requirement(Uni_Name,GPA,IELTS,TOEFL,DET) VALUES ('University of Bath',3,6.5,90,120);
INSERT INTO requirement(Uni_Name,GPA,IELTS,TOEFL,DET) VALUES ('University of Limerick',3,6,78,100);
INSERT INTO requirement(Uni_Name,GPA,IELTS,TOEFL,DET) VALUES ('University of Southampton',3,6,92,125);
INSERT INTO requirement(Uni_Name,GPA,IELTS,TOEFL,DET) VALUES ('Queen''s University Belfast',3,6.5,90,NULL);
INSERT INTO requirement(Uni_Name,GPA,IELTS,TOEFL,DET) VALUES ('University of Bristol',3,6.5,90,NULL);

CREATE TABLE intake(
   GPA_Min                         NUMERIC(4,2) NOT NULL
  ,GPA_Max                         NUMERIC(4,2) NOT NULL
  ,TOEFL_Score_Min                 NUMERIC(4,1)
  ,TOEFL_Score_Max                 NUMERIC(4,1)
  ,IELTS_Score_Min                 NUMERIC(3,1)
  ,IELTS_Score_Max                 NUMERIC(3,1)
  ,Duolingo_English_Test_Score_Min INTEGER 
  ,Duolingo_English_Test_Score_Max INTEGER 
  ,Total_Students                  INTEGER  NOT NULL
  ,Uni_Name                        VARCHAR(66) NOT NULL
  ,Type_                            VARCHAR(20) NOT NULL
  ,Year_                            INTEGER  NOT NULL
  ,PRIMARY KEY(Uni_Name,Type_,Year_)
);
INSERT INTO intake(GPA_Min,GPA_Max,TOEFL_Score_Min,TOEFL_Score_Max,IELTS_Score_Min,IELTS_Score_Max,Duolingo_English_Test_Score_Min,Duolingo_English_Test_Score_Max,Total_Students,Uni_Name,Type_,Year_) VALUES (3.39,3.96,NULL,NULL,8.5,8.5,140,155,20,'Boston University Metropolitan College','Awardees',2022);
INSERT INTO intake(GPA_Min,GPA_Max,TOEFL_Score_Min,TOEFL_Score_Max,IELTS_Score_Min,IELTS_Score_Max,Duolingo_English_Test_Score_Min,Duolingo_English_Test_Score_Max,Total_Students,Uni_Name,Type_,Year_) VALUES (3.4,3.9,NULL,NULL,8.5,8.5,140,155,20,'Boston University Metropolitan College','Awardees',2023);
INSERT INTO intake(GPA_Min,GPA_Max,TOEFL_Score_Min,TOEFL_Score_Max,IELTS_Score_Min,IELTS_Score_Max,Duolingo_English_Test_Score_Min,Duolingo_English_Test_Score_Max,Total_Students,Uni_Name,Type_,Year_) VALUES (3.44,3.94,NULL,NULL,NULL,NULL,140,145,8,'Arizona State University','Awardees',2022);
INSERT INTO intake(GPA_Min,GPA_Max,TOEFL_Score_Min,TOEFL_Score_Max,IELTS_Score_Min,IELTS_Score_Max,Duolingo_English_Test_Score_Min,Duolingo_English_Test_Score_Max,Total_Students,Uni_Name,Type_,Year_) VALUES (3.16,3.98,NULL,NULL,7.5,7.5,130,145,11,'Arizona State University','Awardees',2023);
INSERT INTO intake(GPA_Min,GPA_Max,TOEFL_Score_Min,TOEFL_Score_Max,IELTS_Score_Min,IELTS_Score_Max,Duolingo_English_Test_Score_Min,Duolingo_English_Test_Score_Max,Total_Students,Uni_Name,Type_,Year_) VALUES (3.47,4,NULL,NULL,8.5,8.5,145,160,20,'The University of Pennsylvania','Awardees',2022);
INSERT INTO intake(GPA_Min,GPA_Max,TOEFL_Score_Min,TOEFL_Score_Max,IELTS_Score_Min,IELTS_Score_Max,Duolingo_English_Test_Score_Min,Duolingo_English_Test_Score_Max,Total_Students,Uni_Name,Type_,Year_) VALUES (3.44,3.99,NULL,NULL,8,8.5,150,160,20,'The University of Pennsylvania','Awardees',2023);
INSERT INTO intake(GPA_Min,GPA_Max,TOEFL_Score_Min,TOEFL_Score_Max,IELTS_Score_Min,IELTS_Score_Max,Duolingo_English_Test_Score_Min,Duolingo_English_Test_Score_Max,Total_Students,Uni_Name,Type_,Year_) VALUES (3.3,3.96,108,108,7,8.5,130,150,20,'Yale University','Awardees',2023);
INSERT INTO intake(GPA_Min,GPA_Max,TOEFL_Score_Min,TOEFL_Score_Max,IELTS_Score_Min,IELTS_Score_Max,Duolingo_English_Test_Score_Min,Duolingo_English_Test_Score_Max,Total_Students,Uni_Name,Type_,Year_) VALUES (3.56,3.94,NULL,NULL,NULL,NULL,140,145,10,'Penn State University','Awardees',2022);
INSERT INTO intake(GPA_Min,GPA_Max,TOEFL_Score_Min,TOEFL_Score_Max,IELTS_Score_Min,IELTS_Score_Max,Duolingo_English_Test_Score_Min,Duolingo_English_Test_Score_Max,Total_Students,Uni_Name,Type_,Year_) VALUES (3.42,3.89,NULL,NULL,8,8.5,150,160,10,'Penn State University','Awardees',2023);
INSERT INTO intake(GPA_Min,GPA_Max,TOEFL_Score_Min,TOEFL_Score_Max,IELTS_Score_Min,IELTS_Score_Max,Duolingo_English_Test_Score_Min,Duolingo_English_Test_Score_Max,Total_Students,Uni_Name,Type_,Year_) VALUES (3.5,3.99,NULL,NULL,8.5,8.5,135,155,25,'University of California, Davis','Awardees',2022);
INSERT INTO intake(GPA_Min,GPA_Max,TOEFL_Score_Min,TOEFL_Score_Max,IELTS_Score_Min,IELTS_Score_Max,Duolingo_English_Test_Score_Min,Duolingo_English_Test_Score_Max,Total_Students,Uni_Name,Type_,Year_) VALUES (3,3.99,NULL,NULL,8,8,125,155,25,'University of California, Davis','Awardees',2023);
INSERT INTO intake(GPA_Min,GPA_Max,TOEFL_Score_Min,TOEFL_Score_Max,IELTS_Score_Min,IELTS_Score_Max,Duolingo_English_Test_Score_Min,Duolingo_English_Test_Score_Max,Total_Students,Uni_Name,Type_,Year_) VALUES (3.63,3.93,NULL,NULL,NULL,NULL,115,150,5,'UC Chile','Awardees',2023);
INSERT INTO intake(GPA_Min,GPA_Max,TOEFL_Score_Min,TOEFL_Score_Max,IELTS_Score_Min,IELTS_Score_Max,Duolingo_English_Test_Score_Min,Duolingo_English_Test_Score_Max,Total_Students,Uni_Name,Type_,Year_) VALUES (3.24,4,NULL,NULL,8,8.5,130,150,22,'Michigan State University','Awardees',2022);
INSERT INTO intake(GPA_Min,GPA_Max,TOEFL_Score_Min,TOEFL_Score_Max,IELTS_Score_Min,IELTS_Score_Max,Duolingo_English_Test_Score_Min,Duolingo_English_Test_Score_Max,Total_Students,Uni_Name,Type_,Year_) VALUES (3.23,3.98,NULL,NULL,8.0,8.0,125,160,20,'Michigan State University','Awardees',2023);
INSERT INTO intake(GPA_Min,GPA_Max,TOEFL_Score_Min,TOEFL_Score_Max,IELTS_Score_Min,IELTS_Score_Max,Duolingo_English_Test_Score_Min,Duolingo_English_Test_Score_Max,Total_Students,Uni_Name,Type_,Year_) VALUES (3.15,3.91,NULL,NULL,6.5,7.5,110,145,26,'Michigan State University','Cofunding Awardees',2023);
INSERT INTO intake(GPA_Min,GPA_Max,TOEFL_Score_Min,TOEFL_Score_Max,IELTS_Score_Min,IELTS_Score_Max,Duolingo_English_Test_Score_Min,Duolingo_English_Test_Score_Max,Total_Students,Uni_Name,Type_,Year_) VALUES (3.51,3.8,NULL,NULL,7,7,125,145,5,'University of Colorado Boulder','Awardees',2023);
INSERT INTO intake(GPA_Min,GPA_Max,TOEFL_Score_Min,TOEFL_Score_Max,IELTS_Score_Min,IELTS_Score_Max,Duolingo_English_Test_Score_Min,Duolingo_English_Test_Score_Max,Total_Students,Uni_Name,Type_,Year_) VALUES (3.46,3.9,NULL,NULL,8,8,140,150,10,'University of British Columbia','Awardees',2022);
INSERT INTO intake(GPA_Min,GPA_Max,TOEFL_Score_Min,TOEFL_Score_Max,IELTS_Score_Min,IELTS_Score_Max,Duolingo_English_Test_Score_Min,Duolingo_English_Test_Score_Max,Total_Students,Uni_Name,Type_,Year_) VALUES (3.59,3.96,NULL,NULL,8,8,150,155,10,'University of British Columbia','Awardees',2023);
INSERT INTO intake(GPA_Min,GPA_Max,TOEFL_Score_Min,TOEFL_Score_Max,IELTS_Score_Min,IELTS_Score_Max,Duolingo_English_Test_Score_Min,Duolingo_English_Test_Score_Max,Total_Students,Uni_Name,Type_,Year_) VALUES (3.11,3.96,NULL,NULL,8,8,140,155,15,'University of Waterloo','Awardees',2022);
INSERT INTO intake(GPA_Min,GPA_Max,TOEFL_Score_Min,TOEFL_Score_Max,IELTS_Score_Min,IELTS_Score_Max,Duolingo_English_Test_Score_Min,Duolingo_English_Test_Score_Max,Total_Students,Uni_Name,Type_,Year_) VALUES (3.41,3.96,NULL,NULL,7.5,8,140,150,15,'University of Waterloo','Awardees',2023);
INSERT INTO intake(GPA_Min,GPA_Max,TOEFL_Score_Min,TOEFL_Score_Max,IELTS_Score_Min,IELTS_Score_Max,Duolingo_English_Test_Score_Min,Duolingo_English_Test_Score_Max,Total_Students,Uni_Name,Type_,Year_) VALUES (3.42,3.84,NULL,NULL,NULL,NULL,140,145,10,'Western University','Awardees',2022);
INSERT INTO intake(GPA_Min,GPA_Max,TOEFL_Score_Min,TOEFL_Score_Max,IELTS_Score_Min,IELTS_Score_Max,Duolingo_English_Test_Score_Min,Duolingo_English_Test_Score_Max,Total_Students,Uni_Name,Type_,Year_) VALUES (3.4,3.96,NULL,NULL,7.5,8,130,160,10,'Western University','Awardees',2023);
INSERT INTO intake(GPA_Min,GPA_Max,TOEFL_Score_Min,TOEFL_Score_Max,IELTS_Score_Min,IELTS_Score_Max,Duolingo_English_Test_Score_Min,Duolingo_English_Test_Score_Max,Total_Students,Uni_Name,Type_,Year_) VALUES (3.81,3.97,NULL,NULL,8,8,NULL,NULL,5,'The University of Chicago','Awardees',2023);
INSERT INTO intake(GPA_Min,GPA_Max,TOEFL_Score_Min,TOEFL_Score_Max,IELTS_Score_Min,IELTS_Score_Max,Duolingo_English_Test_Score_Min,Duolingo_English_Test_Score_Max,Total_Students,Uni_Name,Type_,Year_) VALUES (3.15,3.83,88,89,6.5,7.5,NULL,NULL,5,'University of Texas at Austin','Awardees',2023);
INSERT INTO intake(GPA_Min,GPA_Max,TOEFL_Score_Min,TOEFL_Score_Max,IELTS_Score_Min,IELTS_Score_Max,Duolingo_English_Test_Score_Min,Duolingo_English_Test_Score_Max,Total_Students,Uni_Name,Type_,Year_) VALUES (3.48,3.97,NULL,NULL,8,8,145,155,7,'Osaka University','Awardees',2023);
INSERT INTO intake(GPA_Min,GPA_Max,TOEFL_Score_Min,TOEFL_Score_Max,IELTS_Score_Min,IELTS_Score_Max,Duolingo_English_Test_Score_Min,Duolingo_English_Test_Score_Max,Total_Students,Uni_Name,Type_,Year_) VALUES (3.45,3.98,NULL,NULL,7.5,8,145,145,5,'Singapore Management University','Awardees',2023);
INSERT INTO intake(GPA_Min,GPA_Max,TOEFL_Score_Min,TOEFL_Score_Max,IELTS_Score_Min,IELTS_Score_Max,Duolingo_English_Test_Score_Min,Duolingo_English_Test_Score_Max,Total_Students,Uni_Name,Type_,Year_) VALUES (3.31,4,108,108,7.5,8,125,145,50,'Hanyang University (Seoul Campus)','Awardees',2022);
INSERT INTO intake(GPA_Min,GPA_Max,TOEFL_Score_Min,TOEFL_Score_Max,IELTS_Score_Min,IELTS_Score_Max,Duolingo_English_Test_Score_Min,Duolingo_English_Test_Score_Max,Total_Students,Uni_Name,Type_,Year_) VALUES (3.32,4,NULL,NULL,7.5,8,125,150,40,'Hanyang University (Seoul Campus)','Awardees',2023);
INSERT INTO intake(GPA_Min,GPA_Max,TOEFL_Score_Min,TOEFL_Score_Max,IELTS_Score_Min,IELTS_Score_Max,Duolingo_English_Test_Score_Min,Duolingo_English_Test_Score_Max,Total_Students,Uni_Name,Type_,Year_) VALUES (3.18,3.97,NULL,NULL,6,7.5,100,150,37,'Hanyang University (Seoul Campus)','Cofunding Awardees',2023);
INSERT INTO intake(GPA_Min,GPA_Max,TOEFL_Score_Min,TOEFL_Score_Max,IELTS_Score_Min,IELTS_Score_Max,Duolingo_English_Test_Score_Min,Duolingo_English_Test_Score_Max,Total_Students,Uni_Name,Type_,Year_) VALUES (3.36,3.88,NULL,NULL,NULL,NULL,125,145,20,'National Taiwan University of Science and Technology (Taiwan Tech)','Awardees',2022);
INSERT INTO intake(GPA_Min,GPA_Max,TOEFL_Score_Min,TOEFL_Score_Max,IELTS_Score_Min,IELTS_Score_Max,Duolingo_English_Test_Score_Min,Duolingo_English_Test_Score_Max,Total_Students,Uni_Name,Type_,Year_) VALUES (3.28,3.88,NULL,NULL,7.5,7.5,130,145,14,'National Taiwan University of Science and Technology (Taiwan Tech)','Awardees',2023);
INSERT INTO intake(GPA_Min,GPA_Max,TOEFL_Score_Min,TOEFL_Score_Max,IELTS_Score_Min,IELTS_Score_Max,Duolingo_English_Test_Score_Min,Duolingo_English_Test_Score_Max,Total_Students,Uni_Name,Type_,Year_) VALUES (3.22,3.96,NULL,NULL,8,8,135,150,50,'Korea University','Awardees',2022);
INSERT INTO intake(GPA_Min,GPA_Max,TOEFL_Score_Min,TOEFL_Score_Max,IELTS_Score_Min,IELTS_Score_Max,Duolingo_English_Test_Score_Min,Duolingo_English_Test_Score_Max,Total_Students,Uni_Name,Type_,Year_) VALUES (3.42,4,NULL,NULL,7.5,8,130,160,40,'Korea University','Awardees',2023);
INSERT INTO intake(GPA_Min,GPA_Max,TOEFL_Score_Min,TOEFL_Score_Max,IELTS_Score_Min,IELTS_Score_Max,Duolingo_English_Test_Score_Min,Duolingo_English_Test_Score_Max,Total_Students,Uni_Name,Type_,Year_) VALUES (3.36,4,NULL,NULL,NULL,NULL,125,145,20,'Universiti Malaya','Awardees',2022);
INSERT INTO intake(GPA_Min,GPA_Max,TOEFL_Score_Min,TOEFL_Score_Max,IELTS_Score_Min,IELTS_Score_Max,Duolingo_English_Test_Score_Min,Duolingo_English_Test_Score_Max,Total_Students,Uni_Name,Type_,Year_) VALUES (3.32,3.94,94,94,7,7,110,150,31,'Universiti Malaya','Awardees',2023);
INSERT INTO intake(GPA_Min,GPA_Max,TOEFL_Score_Min,TOEFL_Score_Max,IELTS_Score_Min,IELTS_Score_Max,Duolingo_English_Test_Score_Min,Duolingo_English_Test_Score_Max,Total_Students,Uni_Name,Type_,Year_) VALUES (3.38,3.93,NULL,NULL,6,7,100,130,39,'Universiti Malaya','Cofunding Awardees',2023);
INSERT INTO intake(GPA_Min,GPA_Max,TOEFL_Score_Min,TOEFL_Score_Max,IELTS_Score_Min,IELTS_Score_Max,Duolingo_English_Test_Score_Min,Duolingo_English_Test_Score_Max,Total_Students,Uni_Name,Type_,Year_) VALUES (3.08,3.98,NULL,NULL,7,7,120,140,16,'Universiti Kebangsaan Malaysia','Awardees',2022);
INSERT INTO intake(GPA_Min,GPA_Max,TOEFL_Score_Min,TOEFL_Score_Max,IELTS_Score_Min,IELTS_Score_Max,Duolingo_English_Test_Score_Min,Duolingo_English_Test_Score_Max,Total_Students,Uni_Name,Type_,Year_) VALUES (3.09,4,NULL,NULL,7,7,120,150,15,'Universiti Kebangsaan Malaysia','Awardees',2023);
INSERT INTO intake(GPA_Min,GPA_Max,TOEFL_Score_Min,TOEFL_Score_Max,IELTS_Score_Min,IELTS_Score_Max,Duolingo_English_Test_Score_Min,Duolingo_English_Test_Score_Max,Total_Students,Uni_Name,Type_,Year_) VALUES (3.65,4,NULL,NULL,7,7,105,130,5,'Universiti Kebangsaan Malaysia','Cofunding Awardees',2023);
INSERT INTO intake(GPA_Min,GPA_Max,TOEFL_Score_Min,TOEFL_Score_Max,IELTS_Score_Min,IELTS_Score_Max,Duolingo_English_Test_Score_Min,Duolingo_English_Test_Score_Max,Total_Students,Uni_Name,Type_,Year_) VALUES (3.31,3.84,NULL,NULL,6.5,6.5,110,135,14,'Universiti Sains Malaysia','Awardees',2022);
INSERT INTO intake(GPA_Min,GPA_Max,TOEFL_Score_Min,TOEFL_Score_Max,IELTS_Score_Min,IELTS_Score_Max,Duolingo_English_Test_Score_Min,Duolingo_English_Test_Score_Max,Total_Students,Uni_Name,Type_,Year_) VALUES (3.43,3.93,NULL,NULL,6.5,7.5,105,140,23,'Universiti Sains Malaysia','Awardees',2023);
INSERT INTO intake(GPA_Min,GPA_Max,TOEFL_Score_Min,TOEFL_Score_Max,IELTS_Score_Min,IELTS_Score_Max,Duolingo_English_Test_Score_Min,Duolingo_English_Test_Score_Max,Total_Students,Uni_Name,Type_,Year_) VALUES (3.33,3.99,NULL,NULL,8,8.5,135,155,25,'Nanyang Technological University','Awardees',2022);
INSERT INTO intake(GPA_Min,GPA_Max,TOEFL_Score_Min,TOEFL_Score_Max,IELTS_Score_Min,IELTS_Score_Max,Duolingo_English_Test_Score_Min,Duolingo_English_Test_Score_Max,Total_Students,Uni_Name,Type_,Year_) VALUES (3.4,4,NULL,NULL,7.5,8,140,155,25,'Nanyang Technological University','Awardees',2023);
INSERT INTO intake(GPA_Min,GPA_Max,TOEFL_Score_Min,TOEFL_Score_Max,IELTS_Score_Min,IELTS_Score_Max,Duolingo_English_Test_Score_Min,Duolingo_English_Test_Score_Max,Total_Students,Uni_Name,Type_,Year_) VALUES (3.43,3.79,NULL,NULL,8,8,150,150,7,'Keio University','Awardees',2023);
INSERT INTO intake(GPA_Min,GPA_Max,TOEFL_Score_Min,TOEFL_Score_Max,IELTS_Score_Min,IELTS_Score_Max,Duolingo_English_Test_Score_Min,Duolingo_English_Test_Score_Max,Total_Students,Uni_Name,Type_,Year_) VALUES (3.28,3.98,NULL,NULL,7.5,7.5,135,150,20,'National Taiwan University','Awardees',2022);
INSERT INTO intake(GPA_Min,GPA_Max,TOEFL_Score_Min,TOEFL_Score_Max,IELTS_Score_Min,IELTS_Score_Max,Duolingo_English_Test_Score_Min,Duolingo_English_Test_Score_Max,Total_Students,Uni_Name,Type_,Year_) VALUES (3.4,3.93,NULL,NULL,8.0,8.0,110,155,22,'National Taiwan University','Awardees',2023);
INSERT INTO intake(GPA_Min,GPA_Max,TOEFL_Score_Min,TOEFL_Score_Max,IELTS_Score_Min,IELTS_Score_Max,Duolingo_English_Test_Score_Min,Duolingo_English_Test_Score_Max,Total_Students,Uni_Name,Type_,Year_) VALUES (3.56,3.88,NULL,NULL,NULL,NULL,135,145,6,'Chulalongkorn University','Awardees',2022);
INSERT INTO intake(GPA_Min,GPA_Max,TOEFL_Score_Min,TOEFL_Score_Max,IELTS_Score_Min,IELTS_Score_Max,Duolingo_English_Test_Score_Min,Duolingo_English_Test_Score_Max,Total_Students,Uni_Name,Type_,Year_) VALUES (3.47,3.88,NULL,NULL,7,7,135,140,5,'Chulalongkorn University','Awardees',2023);
INSERT INTO intake(GPA_Min,GPA_Max,TOEFL_Score_Min,TOEFL_Score_Max,IELTS_Score_Min,IELTS_Score_Max,Duolingo_English_Test_Score_Min,Duolingo_English_Test_Score_Max,Total_Students,Uni_Name,Type_,Year_) VALUES (3.44,3.93,NULL,NULL,7,7,135,140,10,'Middle East Technical University','Awardees',2022);
INSERT INTO intake(GPA_Min,GPA_Max,TOEFL_Score_Min,TOEFL_Score_Max,IELTS_Score_Min,IELTS_Score_Max,Duolingo_English_Test_Score_Min,Duolingo_English_Test_Score_Max,Total_Students,Uni_Name,Type_,Year_) VALUES (3.04,4,NULL,NULL,7.5,7.5,110,150,15,'Middle East Technical University','Awardees',2023);
INSERT INTO intake(GPA_Min,GPA_Max,TOEFL_Score_Min,TOEFL_Score_Max,IELTS_Score_Min,IELTS_Score_Max,Duolingo_English_Test_Score_Min,Duolingo_English_Test_Score_Max,Total_Students,Uni_Name,Type_,Year_) VALUES (3.69,3.97,NULL,NULL,6.5,6.5,120,135,5,'Middle East Technical University','Cofunding Awardees',2023);
INSERT INTO intake(GPA_Min,GPA_Max,TOEFL_Score_Min,TOEFL_Score_Max,IELTS_Score_Min,IELTS_Score_Max,Duolingo_English_Test_Score_Min,Duolingo_English_Test_Score_Max,Total_Students,Uni_Name,Type_,Year_) VALUES (3.56,3.95,NULL,NULL,6,7.5,NULL,NULL,3,'Prince of Songkla University','Awardees',2022);
INSERT INTO intake(GPA_Min,GPA_Max,TOEFL_Score_Min,TOEFL_Score_Max,IELTS_Score_Min,IELTS_Score_Max,Duolingo_English_Test_Score_Min,Duolingo_English_Test_Score_Max,Total_Students,Uni_Name,Type_,Year_) VALUES (3.49,3.96,NULL,NULL,NULL,NULL,140,150,10,'The Australian National University','Awardees',2022);
INSERT INTO intake(GPA_Min,GPA_Max,TOEFL_Score_Min,TOEFL_Score_Max,IELTS_Score_Min,IELTS_Score_Max,Duolingo_English_Test_Score_Min,Duolingo_English_Test_Score_Max,Total_Students,Uni_Name,Type_,Year_) VALUES (3.36,3.99,98,98,7,8.5,NULL,NULL,9,'The Australian National University','Awardees',2023);
INSERT INTO intake(GPA_Min,GPA_Max,TOEFL_Score_Min,TOEFL_Score_Max,IELTS_Score_Min,IELTS_Score_Max,Duolingo_English_Test_Score_Min,Duolingo_English_Test_Score_Max,Total_Students,Uni_Name,Type_,Year_) VALUES (3.58,3.96,NULL,NULL,7.5,8.5,NULL,NULL,8,'The University of Adelaide','Awardees',2022);
INSERT INTO intake(GPA_Min,GPA_Max,TOEFL_Score_Min,TOEFL_Score_Max,IELTS_Score_Min,IELTS_Score_Max,Duolingo_English_Test_Score_Min,Duolingo_English_Test_Score_Max,Total_Students,Uni_Name,Type_,Year_) VALUES (3.44,3.9,NULL,NULL,7,8,NULL,NULL,15,'The University of Adelaide','Awardees',2023);
INSERT INTO intake(GPA_Min,GPA_Max,TOEFL_Score_Min,TOEFL_Score_Max,IELTS_Score_Min,IELTS_Score_Max,Duolingo_English_Test_Score_Min,Duolingo_English_Test_Score_Max,Total_Students,Uni_Name,Type_,Year_) VALUES (3.32,3.94,NULL,NULL,7,8,NULL,NULL,10,'The University of Queensland','Awardees',2022);
INSERT INTO intake(GPA_Min,GPA_Max,TOEFL_Score_Min,TOEFL_Score_Max,IELTS_Score_Min,IELTS_Score_Max,Duolingo_English_Test_Score_Min,Duolingo_English_Test_Score_Max,Total_Students,Uni_Name,Type_,Year_) VALUES (3.39,3.99,NULL,NULL,7.5,8.5,NULL,NULL,15,'The University of Queensland','Awardees',2023);
INSERT INTO intake(GPA_Min,GPA_Max,TOEFL_Score_Min,TOEFL_Score_Max,IELTS_Score_Min,IELTS_Score_Max,Duolingo_English_Test_Score_Min,Duolingo_English_Test_Score_Max,Total_Students,Uni_Name,Type_,Year_) VALUES (3.6,3.97,102,102,7,8,NULL,NULL,7,'University of Sydney','Awardees',2022);
INSERT INTO intake(GPA_Min,GPA_Max,TOEFL_Score_Min,TOEFL_Score_Max,IELTS_Score_Min,IELTS_Score_Max,Duolingo_English_Test_Score_Min,Duolingo_English_Test_Score_Max,Total_Students,Uni_Name,Type_,Year_) VALUES (3.34,3.99,NULL,NULL,7,8,NULL,NULL,15,'University of Sydney','Awardees',2023);
INSERT INTO intake(GPA_Min,GPA_Max,TOEFL_Score_Min,TOEFL_Score_Max,IELTS_Score_Min,IELTS_Score_Max,Duolingo_English_Test_Score_Min,Duolingo_English_Test_Score_Max,Total_Students,Uni_Name,Type_,Year_) VALUES (3.19,3.95,100,100,7,8,NULL,NULL,15,'University of Auckland','Awardees',2022);
INSERT INTO intake(GPA_Min,GPA_Max,TOEFL_Score_Min,TOEFL_Score_Max,IELTS_Score_Min,IELTS_Score_Max,Duolingo_English_Test_Score_Min,Duolingo_English_Test_Score_Max,Total_Students,Uni_Name,Type_,Year_) VALUES (3.15,3.86,115,115,7.5,8,NULL,NULL,15,'University of Auckland','Awardees',2023);
INSERT INTO intake(GPA_Min,GPA_Max,TOEFL_Score_Min,TOEFL_Score_Max,IELTS_Score_Min,IELTS_Score_Max,Duolingo_English_Test_Score_Min,Duolingo_English_Test_Score_Max,Total_Students,Uni_Name,Type_,Year_) VALUES (3.56,3.96,NULL,NULL,7.5,8.5,NULL,NULL,10,'University of Melbourne','Awardees',2022);
INSERT INTO intake(GPA_Min,GPA_Max,TOEFL_Score_Min,TOEFL_Score_Max,IELTS_Score_Min,IELTS_Score_Max,Duolingo_English_Test_Score_Min,Duolingo_English_Test_Score_Max,Total_Students,Uni_Name,Type_,Year_) VALUES (3.49,4,NULL,NULL,8,8.5,NULL,NULL,15,'University of Melbourne','Awardees',2023);
INSERT INTO intake(GPA_Min,GPA_Max,TOEFL_Score_Min,TOEFL_Score_Max,IELTS_Score_Min,IELTS_Score_Max,Duolingo_English_Test_Score_Min,Duolingo_English_Test_Score_Max,Total_Students,Uni_Name,Type_,Year_) VALUES (3.34,3.89,114,114,7.5,8,NULL,NULL,10,'Monash University','Awardees',2022);
INSERT INTO intake(GPA_Min,GPA_Max,TOEFL_Score_Min,TOEFL_Score_Max,IELTS_Score_Min,IELTS_Score_Max,Duolingo_English_Test_Score_Min,Duolingo_English_Test_Score_Max,Total_Students,Uni_Name,Type_,Year_) VALUES (3.34,3.95,NULL,NULL,7.5,8,145,155,15,'Monash University','Awardees',2023);
INSERT INTO intake(GPA_Min,GPA_Max,TOEFL_Score_Min,TOEFL_Score_Max,IELTS_Score_Min,IELTS_Score_Max,Duolingo_English_Test_Score_Min,Duolingo_English_Test_Score_Max,Total_Students,Uni_Name,Type_,Year_) VALUES (3.13,3.94,NULL,NULL,7,8,NULL,NULL,15,'The University of Western Australia','Awardees',2023);
INSERT INTO intake(GPA_Min,GPA_Max,TOEFL_Score_Min,TOEFL_Score_Max,IELTS_Score_Min,IELTS_Score_Max,Duolingo_English_Test_Score_Min,Duolingo_English_Test_Score_Max,Total_Students,Uni_Name,Type_,Year_) VALUES (3.29,3.95,NULL,NULL,6,8,NULL,NULL,10,'University of Otago','Awardees',2023);
INSERT INTO intake(GPA_Min,GPA_Max,TOEFL_Score_Min,TOEFL_Score_Max,IELTS_Score_Min,IELTS_Score_Max,Duolingo_English_Test_Score_Min,Duolingo_English_Test_Score_Max,Total_Students,Uni_Name,Type_,Year_) VALUES (3.38,3.97,NULL,NULL,7.5,7.5,130,150,15,'Victoria University of Wellington','Awardees',2023);
INSERT INTO intake(GPA_Min,GPA_Max,TOEFL_Score_Min,TOEFL_Score_Max,IELTS_Score_Min,IELTS_Score_Max,Duolingo_English_Test_Score_Min,Duolingo_English_Test_Score_Max,Total_Students,Uni_Name,Type_,Year_) VALUES (3.13,3.97,NULL,NULL,7.5,8,NULL,NULL,15,'University of New South Wales','Awardees',2023);
INSERT INTO intake(GPA_Min,GPA_Max,TOEFL_Score_Min,TOEFL_Score_Max,IELTS_Score_Min,IELTS_Score_Max,Duolingo_English_Test_Score_Min,Duolingo_English_Test_Score_Max,Total_Students,Uni_Name,Type_,Year_) VALUES (3.36,3.86,NULL,NULL,7.5,7.5,NULL,NULL,10,'University of Canterbury','Awardees',2023);
INSERT INTO intake(GPA_Min,GPA_Max,TOEFL_Score_Min,TOEFL_Score_Max,IELTS_Score_Min,IELTS_Score_Max,Duolingo_English_Test_Score_Min,Duolingo_English_Test_Score_Max,Total_Students,Uni_Name,Type_,Year_) VALUES (3.28,3.98,NULL,NULL,NULL,NULL,140,150,8,'Vrije Universiteit Amsterdam','Awardees',2022);
INSERT INTO intake(GPA_Min,GPA_Max,TOEFL_Score_Min,TOEFL_Score_Max,IELTS_Score_Min,IELTS_Score_Max,Duolingo_English_Test_Score_Min,Duolingo_English_Test_Score_Max,Total_Students,Uni_Name,Type_,Year_) VALUES (3.36,3.81,NULL,NULL,7.5,8,NULL,NULL,4,'Vrije Universiteit Amsterdam','Awardees',2023);
INSERT INTO intake(GPA_Min,GPA_Max,TOEFL_Score_Min,TOEFL_Score_Max,IELTS_Score_Min,IELTS_Score_Max,Duolingo_English_Test_Score_Min,Duolingo_English_Test_Score_Max,Total_Students,Uni_Name,Type_,Year_) VALUES (3.67,3.97,NULL,NULL,8,8.5,NULL,NULL,4,'Leiden University','Awardees',2022);
INSERT INTO intake(GPA_Min,GPA_Max,TOEFL_Score_Min,TOEFL_Score_Max,IELTS_Score_Min,IELTS_Score_Max,Duolingo_English_Test_Score_Min,Duolingo_English_Test_Score_Max,Total_Students,Uni_Name,Type_,Year_) VALUES (3.59,3.84,NULL,NULL,8,8.5,NULL,NULL,4,'Leiden University','Awardees',2023);
INSERT INTO intake(GPA_Min,GPA_Max,TOEFL_Score_Min,TOEFL_Score_Max,IELTS_Score_Min,IELTS_Score_Max,Duolingo_English_Test_Score_Min,Duolingo_English_Test_Score_Max,Total_Students,Uni_Name,Type_,Year_) VALUES (3.25,3.95,NULL,NULL,8,8,140,150,20,'Maastricht University','Awardees',2022);
INSERT INTO intake(GPA_Min,GPA_Max,TOEFL_Score_Min,TOEFL_Score_Max,IELTS_Score_Min,IELTS_Score_Max,Duolingo_English_Test_Score_Min,Duolingo_English_Test_Score_Max,Total_Students,Uni_Name,Type_,Year_) VALUES (3.2,4,NULL,NULL,NULL,NULL,125,155,18,'Maastricht University','Awardees',2023);
INSERT INTO intake(GPA_Min,GPA_Max,TOEFL_Score_Min,TOEFL_Score_Max,IELTS_Score_Min,IELTS_Score_Max,Duolingo_English_Test_Score_Min,Duolingo_English_Test_Score_Max,Total_Students,Uni_Name,Type_,Year_) VALUES (3.36,3.98,103,103,7.5,8.5,NULL,NULL,10,'KU Leuven','Awardees',2022);
INSERT INTO intake(GPA_Min,GPA_Max,TOEFL_Score_Min,TOEFL_Score_Max,IELTS_Score_Min,IELTS_Score_Max,Duolingo_English_Test_Score_Min,Duolingo_English_Test_Score_Max,Total_Students,Uni_Name,Type_,Year_) VALUES (3.35,3.88,NULL,NULL,7.5,8,NULL,NULL,10,'KU Leuven','Awardees',2023);
INSERT INTO intake(GPA_Min,GPA_Max,TOEFL_Score_Min,TOEFL_Score_Max,IELTS_Score_Min,IELTS_Score_Max,Duolingo_English_Test_Score_Min,Duolingo_English_Test_Score_Max,Total_Students,Uni_Name,Type_,Year_) VALUES (3.08,4,NULL,NULL,7.5,7.5,125,150,46,'University of Szeged','Awardees',2022);
INSERT INTO intake(GPA_Min,GPA_Max,TOEFL_Score_Min,TOEFL_Score_Max,IELTS_Score_Min,IELTS_Score_Max,Duolingo_English_Test_Score_Min,Duolingo_English_Test_Score_Max,Total_Students,Uni_Name,Type_,Year_) VALUES (3.29,3.92,NULL,NULL,7.5,7.5,130,150,39,'University of Szeged','Awardees',2023);
INSERT INTO intake(GPA_Min,GPA_Max,TOEFL_Score_Min,TOEFL_Score_Max,IELTS_Score_Min,IELTS_Score_Max,Duolingo_English_Test_Score_Min,Duolingo_English_Test_Score_Max,Total_Students,Uni_Name,Type_,Year_) VALUES (3.32,3.98,NULL,NULL,7.5,7.5,130,145,20,'University of Pisa','Awardees',2022);
INSERT INTO intake(GPA_Min,GPA_Max,TOEFL_Score_Min,TOEFL_Score_Max,IELTS_Score_Min,IELTS_Score_Max,Duolingo_English_Test_Score_Min,Duolingo_English_Test_Score_Max,Total_Students,Uni_Name,Type_,Year_) VALUES (3.03,3.9,NULL,NULL,7,7.5,140,150,20,'University of Pisa','Awardees',2023);
INSERT INTO intake(GPA_Min,GPA_Max,TOEFL_Score_Min,TOEFL_Score_Max,IELTS_Score_Min,IELTS_Score_Max,Duolingo_English_Test_Score_Min,Duolingo_English_Test_Score_Max,Total_Students,Uni_Name,Type_,Year_) VALUES (3.72,4,NULL,NULL,8,8.5,120,145,25,'Humboldt-Universität zu Berlin','Awardees',2022);
INSERT INTO intake(GPA_Min,GPA_Max,TOEFL_Score_Min,TOEFL_Score_Max,IELTS_Score_Min,IELTS_Score_Max,Duolingo_English_Test_Score_Min,Duolingo_English_Test_Score_Max,Total_Students,Uni_Name,Type_,Year_) VALUES (3.08,4,NULL,NULL,8,8,140,150,20,'Humboldt-Universität zu Berlin','Awardees',2023);
INSERT INTO intake(GPA_Min,GPA_Max,TOEFL_Score_Min,TOEFL_Score_Max,IELTS_Score_Min,IELTS_Score_Max,Duolingo_English_Test_Score_Min,Duolingo_English_Test_Score_Max,Total_Students,Uni_Name,Type_,Year_) VALUES (3.23,3.93,NULL,NULL,7.5,7.5,130,140,10,'University of Zagreb','Awardees',2022);
INSERT INTO intake(GPA_Min,GPA_Max,TOEFL_Score_Min,TOEFL_Score_Max,IELTS_Score_Min,IELTS_Score_Max,Duolingo_English_Test_Score_Min,Duolingo_English_Test_Score_Max,Total_Students,Uni_Name,Type_,Year_) VALUES (3.06,3.99,NULL,NULL,NULL,NULL,130,140,15,'University of Zagreb','Awardees',2023);
INSERT INTO intake(GPA_Min,GPA_Max,TOEFL_Score_Min,TOEFL_Score_Max,IELTS_Score_Min,IELTS_Score_Max,Duolingo_English_Test_Score_Min,Duolingo_English_Test_Score_Max,Total_Students,Uni_Name,Type_,Year_) VALUES (3.48,3.99,NULL,NULL,7.5,8,125,150,25,'University of Warsaw','Awardees',2022);
INSERT INTO intake(GPA_Min,GPA_Max,TOEFL_Score_Min,TOEFL_Score_Max,IELTS_Score_Min,IELTS_Score_Max,Duolingo_English_Test_Score_Min,Duolingo_English_Test_Score_Max,Total_Students,Uni_Name,Type_,Year_) VALUES (3.39,4,NULL,NULL,7.5,7.5,135,145,20,'University of Warsaw','Awardees',2023);
INSERT INTO intake(GPA_Min,GPA_Max,TOEFL_Score_Min,TOEFL_Score_Max,IELTS_Score_Min,IELTS_Score_Max,Duolingo_English_Test_Score_Min,Duolingo_English_Test_Score_Max,Total_Students,Uni_Name,Type_,Year_) VALUES (3.17,3.92,NULL,NULL,7.0,7.0,130,145,9,'M.V.Lomonosov Moscow State University','Awardees',2023);
INSERT INTO intake(GPA_Min,GPA_Max,TOEFL_Score_Min,TOEFL_Score_Max,IELTS_Score_Min,IELTS_Score_Max,Duolingo_English_Test_Score_Min,Duolingo_English_Test_Score_Max,Total_Students,Uni_Name,Type_,Year_) VALUES (3.11,4,94,94,7,8,NULL,NULL,15,'Radboud University','Awardees',2022);
INSERT INTO intake(GPA_Min,GPA_Max,TOEFL_Score_Min,TOEFL_Score_Max,IELTS_Score_Min,IELTS_Score_Max,Duolingo_English_Test_Score_Min,Duolingo_English_Test_Score_Max,Total_Students,Uni_Name,Type_,Year_) VALUES (3.17,4,102,102,7,8,NULL,NULL,15,'Radboud University','Awardees',2023);
INSERT INTO intake(GPA_Min,GPA_Max,TOEFL_Score_Min,TOEFL_Score_Max,IELTS_Score_Min,IELTS_Score_Max,Duolingo_English_Test_Score_Min,Duolingo_English_Test_Score_Max,Total_Students,Uni_Name,Type_,Year_) VALUES (3.35,3.98,NULL,NULL,NULL,NULL,105,130,8,'Vytautas Magnus University','Awardees',2022);
INSERT INTO intake(GPA_Min,GPA_Max,TOEFL_Score_Min,TOEFL_Score_Max,IELTS_Score_Min,IELTS_Score_Max,Duolingo_English_Test_Score_Min,Duolingo_English_Test_Score_Max,Total_Students,Uni_Name,Type_,Year_) VALUES (3.24,3.86,NULL,NULL,6,8,105,135,14,'Vytautas Magnus University','Awardees',2023);
INSERT INTO intake(GPA_Min,GPA_Max,TOEFL_Score_Min,TOEFL_Score_Max,IELTS_Score_Min,IELTS_Score_Max,Duolingo_English_Test_Score_Min,Duolingo_English_Test_Score_Max,Total_Students,Uni_Name,Type_,Year_) VALUES (3.81,3.98,NULL,NULL,7.5,8,140,150,5,'Sciences Po','Awardees',2023);
INSERT INTO intake(GPA_Min,GPA_Max,TOEFL_Score_Min,TOEFL_Score_Max,IELTS_Score_Min,IELTS_Score_Max,Duolingo_English_Test_Score_Min,Duolingo_English_Test_Score_Max,Total_Students,Uni_Name,Type_,Year_) VALUES (3.38,3.97,NULL,NULL,8,8,105,145,32,'Universitat Pompeu Fabra','Awardees',2022);
INSERT INTO intake(GPA_Min,GPA_Max,TOEFL_Score_Min,TOEFL_Score_Max,IELTS_Score_Min,IELTS_Score_Max,Duolingo_English_Test_Score_Min,Duolingo_English_Test_Score_Max,Total_Students,Uni_Name,Type_,Year_) VALUES (3.42,3.96,108,108,7.5,7.5,125,155,25,'Universitat Pompeu Fabra','Awardees',2023);
INSERT INTO intake(GPA_Min,GPA_Max,TOEFL_Score_Min,TOEFL_Score_Max,IELTS_Score_Min,IELTS_Score_Max,Duolingo_English_Test_Score_Min,Duolingo_English_Test_Score_Max,Total_Students,Uni_Name,Type_,Year_) VALUES (3.4,3.96,111,111,7.5,8,130,155,45,'Sapienza University of Rome','Awardees',2022);
INSERT INTO intake(GPA_Min,GPA_Max,TOEFL_Score_Min,TOEFL_Score_Max,IELTS_Score_Min,IELTS_Score_Max,Duolingo_English_Test_Score_Min,Duolingo_English_Test_Score_Max,Total_Students,Uni_Name,Type_,Year_) VALUES (3.45,3.97,NULL,NULL,8,8.5,120,160,41,'Sapienza University of Rome','Awardees',2023);
INSERT INTO intake(GPA_Min,GPA_Max,TOEFL_Score_Min,TOEFL_Score_Max,IELTS_Score_Min,IELTS_Score_Max,Duolingo_English_Test_Score_Min,Duolingo_English_Test_Score_Max,Total_Students,Uni_Name,Type_,Year_) VALUES (3.32,4,NULL,NULL,8,8,105,150,35,'University of Padua','Awardees',2022);
INSERT INTO intake(GPA_Min,GPA_Max,TOEFL_Score_Min,TOEFL_Score_Max,IELTS_Score_Min,IELTS_Score_Max,Duolingo_English_Test_Score_Min,Duolingo_English_Test_Score_Max,Total_Students,Uni_Name,Type_,Year_) VALUES (3.35,3.99,NULL,NULL,NULL,NULL,100,155,34,'University of Padua','Awardees',2023);
INSERT INTO intake(GPA_Min,GPA_Max,TOEFL_Score_Min,TOEFL_Score_Max,IELTS_Score_Min,IELTS_Score_Max,Duolingo_English_Test_Score_Min,Duolingo_English_Test_Score_Max,Total_Students,Uni_Name,Type_,Year_) VALUES (3.3,3.85,94,94,6.5,7.5,NULL,NULL,10,'Universidad Autónoma de Madrid','Awardees',2022);
INSERT INTO intake(GPA_Min,GPA_Max,TOEFL_Score_Min,TOEFL_Score_Max,IELTS_Score_Min,IELTS_Score_Max,Duolingo_English_Test_Score_Min,Duolingo_English_Test_Score_Max,Total_Students,Uni_Name,Type_,Year_) VALUES (3.6,3.87,NULL,NULL,7.5,8,NULL,NULL,10,'Universidad Autónoma de Madrid','Awardees',2023);
INSERT INTO intake(GPA_Min,GPA_Max,TOEFL_Score_Min,TOEFL_Score_Max,IELTS_Score_Min,IELTS_Score_Max,Duolingo_English_Test_Score_Min,Duolingo_English_Test_Score_Max,Total_Students,Uni_Name,Type_,Year_) VALUES (3.25,3.96,100,100,6.5,8.5,NULL,NULL,19,'University of Groningen','Awardees',2022);
INSERT INTO intake(GPA_Min,GPA_Max,TOEFL_Score_Min,TOEFL_Score_Max,IELTS_Score_Min,IELTS_Score_Max,Duolingo_English_Test_Score_Min,Duolingo_English_Test_Score_Max,Total_Students,Uni_Name,Type_,Year_) VALUES (3.37,3.98,104,104,7.5,8,115,155,46,'University of Pécs','Awardees',2022);
INSERT INTO intake(GPA_Min,GPA_Max,TOEFL_Score_Min,TOEFL_Score_Max,IELTS_Score_Min,IELTS_Score_Max,Duolingo_English_Test_Score_Min,Duolingo_English_Test_Score_Max,Total_Students,Uni_Name,Type_,Year_) VALUES (3.25,3.94,NULL,NULL,NULL,NULL,110,145,25,'University of Granada','Awardees',2022);
INSERT INTO intake(GPA_Min,GPA_Max,TOEFL_Score_Min,TOEFL_Score_Max,IELTS_Score_Min,IELTS_Score_Max,Duolingo_English_Test_Score_Min,Duolingo_English_Test_Score_Max,Total_Students,Uni_Name,Type_,Year_) VALUES (3.02,3.99,NULL,NULL,NULL,NULL,110,135,20,'Palacký University Olomouc','Awardees',2022);
INSERT INTO intake(GPA_Min,GPA_Max,TOEFL_Score_Min,TOEFL_Score_Max,IELTS_Score_Min,IELTS_Score_Max,Duolingo_English_Test_Score_Min,Duolingo_English_Test_Score_Max,Total_Students,Uni_Name,Type_,Year_) VALUES (3.21,4,NULL,NULL,6,7,125,150,22,'Palacký University Olomouc','Awardees',2023);
INSERT INTO intake(GPA_Min,GPA_Max,TOEFL_Score_Min,TOEFL_Score_Max,IELTS_Score_Min,IELTS_Score_Max,Duolingo_English_Test_Score_Min,Duolingo_English_Test_Score_Max,Total_Students,Uni_Name,Type_,Year_) VALUES (3.65,3.92,NULL,NULL,7.5,8.5,140,140,10,'Lancaster University','Awardees',2022);
INSERT INTO intake(GPA_Min,GPA_Max,TOEFL_Score_Min,TOEFL_Score_Max,IELTS_Score_Min,IELTS_Score_Max,Duolingo_English_Test_Score_Min,Duolingo_English_Test_Score_Max,Total_Students,Uni_Name,Type_,Year_) VALUES (3.5,3.97,NULL,NULL,7.5,8,NULL,NULL,10,'Lancaster University','Awardees',2023);
INSERT INTO intake(GPA_Min,GPA_Max,TOEFL_Score_Min,TOEFL_Score_Max,IELTS_Score_Min,IELTS_Score_Max,Duolingo_English_Test_Score_Min,Duolingo_English_Test_Score_Max,Total_Students,Uni_Name,Type_,Year_) VALUES (3.26,4,95,95,7.5,8,NULL,NULL,15,'Lancaster University','Cofunding Awardees',2023);
INSERT INTO intake(GPA_Min,GPA_Max,TOEFL_Score_Min,TOEFL_Score_Max,IELTS_Score_Min,IELTS_Score_Max,Duolingo_English_Test_Score_Min,Duolingo_English_Test_Score_Max,Total_Students,Uni_Name,Type_,Year_) VALUES (3.53,3.96,NULL,NULL,8,8,140,150,10,'University of Leicester','Awardees',2022);
INSERT INTO intake(GPA_Min,GPA_Max,TOEFL_Score_Min,TOEFL_Score_Max,IELTS_Score_Min,IELTS_Score_Max,Duolingo_English_Test_Score_Min,Duolingo_English_Test_Score_Max,Total_Students,Uni_Name,Type_,Year_) VALUES (3.48,3.92,NULL,NULL,7.5,8,140,145,10,'University of Leicester','Awardees',2023);
INSERT INTO intake(GPA_Min,GPA_Max,TOEFL_Score_Min,TOEFL_Score_Max,IELTS_Score_Min,IELTS_Score_Max,Duolingo_English_Test_Score_Min,Duolingo_English_Test_Score_Max,Total_Students,Uni_Name,Type_,Year_) VALUES (3.2,3.98,NULL,NULL,7.5,7.5,135,140,15,'University of Galway','Awardees',2022);
INSERT INTO intake(GPA_Min,GPA_Max,TOEFL_Score_Min,TOEFL_Score_Max,IELTS_Score_Min,IELTS_Score_Max,Duolingo_English_Test_Score_Min,Duolingo_English_Test_Score_Max,Total_Students,Uni_Name,Type_,Year_) VALUES (3.11,3.93,NULL,NULL,7.5,7.5,130,150,15,'University of Galway','Awardees',2023);
INSERT INTO intake(GPA_Min,GPA_Max,TOEFL_Score_Min,TOEFL_Score_Max,IELTS_Score_Min,IELTS_Score_Max,Duolingo_English_Test_Score_Min,Duolingo_English_Test_Score_Max,Total_Students,Uni_Name,Type_,Year_) VALUES (3.23,3.96,NULL,NULL,8,8.5,135,155,15,'University of Birmingham','Awardees',2022);
INSERT INTO intake(GPA_Min,GPA_Max,TOEFL_Score_Min,TOEFL_Score_Max,IELTS_Score_Min,IELTS_Score_Max,Duolingo_English_Test_Score_Min,Duolingo_English_Test_Score_Max,Total_Students,Uni_Name,Type_,Year_) VALUES (3.37,3.95,NULL,NULL,7,8.5,NULL,NULL,8,'University of Birmingham','Awardees',2023);
INSERT INTO intake(GPA_Min,GPA_Max,TOEFL_Score_Min,TOEFL_Score_Max,IELTS_Score_Min,IELTS_Score_Max,Duolingo_English_Test_Score_Min,Duolingo_English_Test_Score_Max,Total_Students,Uni_Name,Type_,Year_) VALUES (3.5,3.94,NULL,NULL,8.5,8.5,145,150,10,'Newcastle University','Awardees',2022);
INSERT INTO intake(GPA_Min,GPA_Max,TOEFL_Score_Min,TOEFL_Score_Max,IELTS_Score_Min,IELTS_Score_Max,Duolingo_English_Test_Score_Min,Duolingo_English_Test_Score_Max,Total_Students,Uni_Name,Type_,Year_) VALUES (3.25,3.93,NULL,NULL,8,8,120,160,10,'Newcastle University','Awardees',2023);
INSERT INTO intake(GPA_Min,GPA_Max,TOEFL_Score_Min,TOEFL_Score_Max,IELTS_Score_Min,IELTS_Score_Max,Duolingo_English_Test_Score_Min,Duolingo_English_Test_Score_Max,Total_Students,Uni_Name,Type_,Year_) VALUES (3.41,3.97,115,115,7.5,8.5,NULL,NULL,20,'University of Edinburgh','Awardees',2022);
INSERT INTO intake(GPA_Min,GPA_Max,TOEFL_Score_Min,TOEFL_Score_Max,IELTS_Score_Min,IELTS_Score_Max,Duolingo_English_Test_Score_Min,Duolingo_English_Test_Score_Max,Total_Students,Uni_Name,Type_,Year_) VALUES (3.46,4,112,112,8,8.5,NULL,NULL,15,'University of Edinburgh','Awardees',2023);
INSERT INTO intake(GPA_Min,GPA_Max,TOEFL_Score_Min,TOEFL_Score_Max,IELTS_Score_Min,IELTS_Score_Max,Duolingo_English_Test_Score_Min,Duolingo_English_Test_Score_Max,Total_Students,Uni_Name,Type_,Year_) VALUES (3.39,3.88,NULL,NULL,8,8,135,150,10,'University College Dublin','Awardees',2022);
INSERT INTO intake(GPA_Min,GPA_Max,TOEFL_Score_Min,TOEFL_Score_Max,IELTS_Score_Min,IELTS_Score_Max,Duolingo_English_Test_Score_Min,Duolingo_English_Test_Score_Max,Total_Students,Uni_Name,Type_,Year_) VALUES (3.55,3.95,NULL,NULL,NULL,NULL,130,150,10,'University College Dublin','Awardees',2023);
INSERT INTO intake(GPA_Min,GPA_Max,TOEFL_Score_Min,TOEFL_Score_Max,IELTS_Score_Min,IELTS_Score_Max,Duolingo_English_Test_Score_Min,Duolingo_English_Test_Score_Max,Total_Students,Uni_Name,Type_,Year_) VALUES (3.33,4,83,83,6.5,8,NULL,NULL,14,'University College Cork - National University of Ireland','Awardees',2022);
INSERT INTO intake(GPA_Min,GPA_Max,TOEFL_Score_Min,TOEFL_Score_Max,IELTS_Score_Min,IELTS_Score_Max,Duolingo_English_Test_Score_Min,Duolingo_English_Test_Score_Max,Total_Students,Uni_Name,Type_,Year_) VALUES (3.25,3.98,NULL,NULL,7.5,8,140,160,15,'University College Cork - National University of Ireland','Awardees',2023);
INSERT INTO intake(GPA_Min,GPA_Max,TOEFL_Score_Min,TOEFL_Score_Max,IELTS_Score_Min,IELTS_Score_Max,Duolingo_English_Test_Score_Min,Duolingo_English_Test_Score_Max,Total_Students,Uni_Name,Type_,Year_) VALUES (3.54,4,112,112,7.5,8,NULL,NULL,20,'University of Glasgow','Awardees',2022);
INSERT INTO intake(GPA_Min,GPA_Max,TOEFL_Score_Min,TOEFL_Score_Max,IELTS_Score_Min,IELTS_Score_Max,Duolingo_English_Test_Score_Min,Duolingo_English_Test_Score_Max,Total_Students,Uni_Name,Type_,Year_) VALUES (3.39,3.97,108,108,7.5,8,NULL,NULL,19,'University of Glasgow','Awardees',2023);
INSERT INTO intake(GPA_Min,GPA_Max,TOEFL_Score_Min,TOEFL_Score_Max,IELTS_Score_Min,IELTS_Score_Max,Duolingo_English_Test_Score_Min,Duolingo_English_Test_Score_Max,Total_Students,Uni_Name,Type_,Year_) VALUES (3.44,3.92,NULL,NULL,8,8,135,145,25,'University of Liverpool','Awardees',2022);
INSERT INTO intake(GPA_Min,GPA_Max,TOEFL_Score_Min,TOEFL_Score_Max,IELTS_Score_Min,IELTS_Score_Max,Duolingo_English_Test_Score_Min,Duolingo_English_Test_Score_Max,Total_Students,Uni_Name,Type_,Year_) VALUES (3.23,3.92,101,112,7,7.5,NULL,NULL,9,'University of Liverpool','Awardees',2023);
INSERT INTO intake(GPA_Min,GPA_Max,TOEFL_Score_Min,TOEFL_Score_Max,IELTS_Score_Min,IELTS_Score_Max,Duolingo_English_Test_Score_Min,Duolingo_English_Test_Score_Max,Total_Students,Uni_Name,Type_,Year_) VALUES (3.4,4,NULL,NULL,8.5,8.5,140,155,20,'University of Leeds','Awardees',2022);
INSERT INTO intake(GPA_Min,GPA_Max,TOEFL_Score_Min,TOEFL_Score_Max,IELTS_Score_Min,IELTS_Score_Max,Duolingo_English_Test_Score_Min,Duolingo_English_Test_Score_Max,Total_Students,Uni_Name,Type_,Year_) VALUES (3.26,3.91,NULL,NULL,8,8,130,160,19,'University of Leeds','Awardees',2023);
INSERT INTO intake(GPA_Min,GPA_Max,TOEFL_Score_Min,TOEFL_Score_Max,IELTS_Score_Min,IELTS_Score_Max,Duolingo_English_Test_Score_Min,Duolingo_English_Test_Score_Max,Total_Students,Uni_Name,Type_,Year_) VALUES (3.28,3.95,NULL,NULL,8.5,8.5,140,160,15,'University of Sussex','Awardees',2022);
INSERT INTO intake(GPA_Min,GPA_Max,TOEFL_Score_Min,TOEFL_Score_Max,IELTS_Score_Min,IELTS_Score_Max,Duolingo_English_Test_Score_Min,Duolingo_English_Test_Score_Max,Total_Students,Uni_Name,Type_,Year_) VALUES (3.47,3.96,NULL,NULL,NULL,NULL,140,155,15,'University of Sussex','Awardees',2023);
INSERT INTO intake(GPA_Min,GPA_Max,TOEFL_Score_Min,TOEFL_Score_Max,IELTS_Score_Min,IELTS_Score_Max,Duolingo_English_Test_Score_Min,Duolingo_English_Test_Score_Max,Total_Students,Uni_Name,Type_,Year_) VALUES (3.47,3.92,NULL,NULL,8.5,8.5,140,150,10,'University of Warwick','Awardees',2022);
INSERT INTO intake(GPA_Min,GPA_Max,TOEFL_Score_Min,TOEFL_Score_Max,IELTS_Score_Min,IELTS_Score_Max,Duolingo_English_Test_Score_Min,Duolingo_English_Test_Score_Max,Total_Students,Uni_Name,Type_,Year_) VALUES (3.59,3.95,102,102,7.5,8,NULL,NULL,10,'University of Warwick','Awardees',2023);
INSERT INTO intake(GPA_Min,GPA_Max,TOEFL_Score_Min,TOEFL_Score_Max,IELTS_Score_Min,IELTS_Score_Max,Duolingo_English_Test_Score_Min,Duolingo_English_Test_Score_Max,Total_Students,Uni_Name,Type_,Year_) VALUES (3.4,3.91,NULL,NULL,NULL,NULL,140,155,15,'University of York','Awardees',2022);
INSERT INTO intake(GPA_Min,GPA_Max,TOEFL_Score_Min,TOEFL_Score_Max,IELTS_Score_Min,IELTS_Score_Max,Duolingo_English_Test_Score_Min,Duolingo_English_Test_Score_Max,Total_Students,Uni_Name,Type_,Year_) VALUES (3.58,3.93,NULL,NULL,6.5,6.5,110,150,14,'University of York','Awardees',2023);
INSERT INTO intake(GPA_Min,GPA_Max,TOEFL_Score_Min,TOEFL_Score_Max,IELTS_Score_Min,IELTS_Score_Max,Duolingo_English_Test_Score_Min,Duolingo_English_Test_Score_Max,Total_Students,Uni_Name,Type_,Year_) VALUES (3.28,3.97,NULL,NULL,8,8.5,NULL,NULL,10,'University College London','Awardees',2022);
INSERT INTO intake(GPA_Min,GPA_Max,TOEFL_Score_Min,TOEFL_Score_Max,IELTS_Score_Min,IELTS_Score_Max,Duolingo_English_Test_Score_Min,Duolingo_English_Test_Score_Max,Total_Students,Uni_Name,Type_,Year_) VALUES (3.46,3.95,NULL,NULL,8,8.5,NULL,NULL,10,'University College London','Awardees',2023);
INSERT INTO intake(GPA_Min,GPA_Max,TOEFL_Score_Min,TOEFL_Score_Max,IELTS_Score_Min,IELTS_Score_Max,Duolingo_English_Test_Score_Min,Duolingo_English_Test_Score_Max,Total_Students,Uni_Name,Type_,Year_) VALUES (3.67,3.82,NULL,NULL,8,8,NULL,NULL,4,'Queen Mary University of London','Awardees',2022);
INSERT INTO intake(GPA_Min,GPA_Max,TOEFL_Score_Min,TOEFL_Score_Max,IELTS_Score_Min,IELTS_Score_Max,Duolingo_English_Test_Score_Min,Duolingo_English_Test_Score_Max,Total_Students,Uni_Name,Type_,Year_) VALUES (3.25,3.86,NULL,NULL,7,8,NULL,NULL,8,'Queen Mary University of London','Awardees',2023);
INSERT INTO intake(GPA_Min,GPA_Max,TOEFL_Score_Min,TOEFL_Score_Max,IELTS_Score_Min,IELTS_Score_Max,Duolingo_English_Test_Score_Min,Duolingo_English_Test_Score_Max,Total_Students,Uni_Name,Type_,Year_) VALUES (3.12,4,88,106,6.5,8.5,0,155,395,'Boston University Metropolitan College','Applicants',2022);
INSERT INTO intake(GPA_Min,GPA_Max,TOEFL_Score_Min,TOEFL_Score_Max,IELTS_Score_Min,IELTS_Score_Max,Duolingo_English_Test_Score_Min,Duolingo_English_Test_Score_Max,Total_Students,Uni_Name,Type_,Year_) VALUES (2.89,3.99,67,67,5.5,8.5,80,155,231,'Boston University Metropolitan College','Applicants',2023);
INSERT INTO intake(GPA_Min,GPA_Max,TOEFL_Score_Min,TOEFL_Score_Max,IELTS_Score_Min,IELTS_Score_Max,Duolingo_English_Test_Score_Min,Duolingo_English_Test_Score_Max,Total_Students,Uni_Name,Type_,Year_) VALUES (3.31,3.81,NULL,NULL,6.5,6.5,100,140,9,'Boston University Metropolitan College','Cofunding Applicants',2023);
INSERT INTO intake(GPA_Min,GPA_Max,TOEFL_Score_Min,TOEFL_Score_Max,IELTS_Score_Min,IELTS_Score_Max,Duolingo_English_Test_Score_Min,Duolingo_English_Test_Score_Max,Total_Students,Uni_Name,Type_,Year_) VALUES (3.01,3.99,64,97,6.5,8.5,100,150,190,'Arizona State University','Applicants',2022);
INSERT INTO intake(GPA_Min,GPA_Max,TOEFL_Score_Min,TOEFL_Score_Max,IELTS_Score_Min,IELTS_Score_Max,Duolingo_English_Test_Score_Min,Duolingo_English_Test_Score_Max,Total_Students,Uni_Name,Type_,Year_) VALUES (3.16,3.99,NULL,NULL,6.5,8,90,150,68,'Arizona State University','Applicants',2023);
INSERT INTO intake(GPA_Min,GPA_Max,TOEFL_Score_Min,TOEFL_Score_Max,IELTS_Score_Min,IELTS_Score_Max,Duolingo_English_Test_Score_Min,Duolingo_English_Test_Score_Max,Total_Students,Uni_Name,Type_,Year_) VALUES (3.03,4,107,114,6.5,8.5,105,160,309,'The University of Pennsylvania','Applicants',2022);
INSERT INTO intake(GPA_Min,GPA_Max,TOEFL_Score_Min,TOEFL_Score_Max,IELTS_Score_Min,IELTS_Score_Max,Duolingo_English_Test_Score_Min,Duolingo_English_Test_Score_Max,Total_Students,Uni_Name,Type_,Year_) VALUES (3.11,4,99,99,7,8.5,65,160,155,'The University of Pennsylvania','Applicants',2023);
INSERT INTO intake(GPA_Min,GPA_Max,TOEFL_Score_Min,TOEFL_Score_Max,IELTS_Score_Min,IELTS_Score_Max,Duolingo_English_Test_Score_Min,Duolingo_English_Test_Score_Max,Total_Students,Uni_Name,Type_,Year_) VALUES (3.07,4,104,108,7,8.5,95,150,83,'Yale University','Applicants',2023);
INSERT INTO intake(GPA_Min,GPA_Max,TOEFL_Score_Min,TOEFL_Score_Max,IELTS_Score_Min,IELTS_Score_Max,Duolingo_English_Test_Score_Min,Duolingo_English_Test_Score_Max,Total_Students,Uni_Name,Type_,Year_) VALUES (3.09,3.96,90,102,6.5,7.5,90,145,80,'Penn State University','Applicants',2022);
INSERT INTO intake(GPA_Min,GPA_Max,TOEFL_Score_Min,TOEFL_Score_Max,IELTS_Score_Min,IELTS_Score_Max,Duolingo_English_Test_Score_Min,Duolingo_English_Test_Score_Max,Total_Students,Uni_Name,Type_,Year_) VALUES (3.09,3.99,NULL,NULL,6.5,8.5,100,160,107,'Penn State University','Applicants',2023);
INSERT INTO intake(GPA_Min,GPA_Max,TOEFL_Score_Min,TOEFL_Score_Max,IELTS_Score_Min,IELTS_Score_Max,Duolingo_English_Test_Score_Min,Duolingo_English_Test_Score_Max,Total_Students,Uni_Name,Type_,Year_) VALUES (3,4,84,95,6.5,8.5,95,155,509,'University of California, Davis','Applicants',2022);
INSERT INTO intake(GPA_Min,GPA_Max,TOEFL_Score_Min,TOEFL_Score_Max,IELTS_Score_Min,IELTS_Score_Max,Duolingo_English_Test_Score_Min,Duolingo_English_Test_Score_Max,Total_Students,Uni_Name,Type_,Year_) VALUES (3,4,112,112,6.5,8,55,155,285,'University of California, Davis','Applicants',2023);
INSERT INTO intake(GPA_Min,GPA_Max,TOEFL_Score_Min,TOEFL_Score_Max,IELTS_Score_Min,IELTS_Score_Max,Duolingo_English_Test_Score_Min,Duolingo_English_Test_Score_Max,Total_Students,Uni_Name,Type_,Year_) VALUES (3.47,4,56,94,6,7.5,125,160,12,'UC Chile','Applicants',2022);
INSERT INTO intake(GPA_Min,GPA_Max,TOEFL_Score_Min,TOEFL_Score_Max,IELTS_Score_Min,IELTS_Score_Max,Duolingo_English_Test_Score_Min,Duolingo_English_Test_Score_Max,Total_Students,Uni_Name,Type_,Year_) VALUES (3.04,4,92,120,6,7.5,40,150,165,'UC Chile','Applicants',2023);
INSERT INTO intake(GPA_Min,GPA_Max,TOEFL_Score_Min,TOEFL_Score_Max,IELTS_Score_Min,IELTS_Score_Max,Duolingo_English_Test_Score_Min,Duolingo_English_Test_Score_Max,Total_Students,Uni_Name,Type_,Year_) VALUES (3.06,4,88,110,6.5,8.5,90,155,343,'Michigan State University','Applicants',2022);
INSERT INTO intake(GPA_Min,GPA_Max,TOEFL_Score_Min,TOEFL_Score_Max,IELTS_Score_Min,IELTS_Score_Max,Duolingo_English_Test_Score_Min,Duolingo_English_Test_Score_Max,Total_Students,Uni_Name,Type_,Year_) VALUES (3.05,4,108,120,6,8,80,160,263,'Michigan State University','Applicants',2023);
INSERT INTO intake(GPA_Min,GPA_Max,TOEFL_Score_Min,TOEFL_Score_Max,IELTS_Score_Min,IELTS_Score_Max,Duolingo_English_Test_Score_Min,Duolingo_English_Test_Score_Max,Total_Students,Uni_Name,Type_,Year_) VALUES (3.15,3.91,45.3,45.3,6.5,7.5,110,145,41,'Michigan State University','Cofunding Applicants',2023);
INSERT INTO intake(GPA_Min,GPA_Max,TOEFL_Score_Min,TOEFL_Score_Max,IELTS_Score_Min,IELTS_Score_Max,Duolingo_English_Test_Score_Min,Duolingo_English_Test_Score_Max,Total_Students,Uni_Name,Type_,Year_) VALUES (3.01,4,89,89,6.5,7.5,95,155,134,'University of Colorado Boulder','Applicants',2023);
INSERT INTO intake(GPA_Min,GPA_Max,TOEFL_Score_Min,TOEFL_Score_Max,IELTS_Score_Min,IELTS_Score_Max,Duolingo_English_Test_Score_Min,Duolingo_English_Test_Score_Max,Total_Students,Uni_Name,Type_,Year_) VALUES (3.07,3.98,94,101,6,8,90,150,82,'University of British Columbia','Applicants',2022);
INSERT INTO intake(GPA_Min,GPA_Max,TOEFL_Score_Min,TOEFL_Score_Max,IELTS_Score_Min,IELTS_Score_Max,Duolingo_English_Test_Score_Min,Duolingo_English_Test_Score_Max,Total_Students,Uni_Name,Type_,Year_) VALUES (3.02,3.96,90,99,5,8,65,155,99,'University of British Columbia','Applicants',2023);
INSERT INTO intake(GPA_Min,GPA_Max,TOEFL_Score_Min,TOEFL_Score_Max,IELTS_Score_Min,IELTS_Score_Max,Duolingo_English_Test_Score_Min,Duolingo_English_Test_Score_Max,Total_Students,Uni_Name,Type_,Year_) VALUES (3.03,4,88,96,6.5,8.5,70,155,145,'University of Waterloo','Applicants',2022);
INSERT INTO intake(GPA_Min,GPA_Max,TOEFL_Score_Min,TOEFL_Score_Max,IELTS_Score_Min,IELTS_Score_Max,Duolingo_English_Test_Score_Min,Duolingo_English_Test_Score_Max,Total_Students,Uni_Name,Type_,Year_) VALUES (3.03,4,90,105,5,8,85,155,127,'University of Waterloo','Applicants',2023);
INSERT INTO intake(GPA_Min,GPA_Max,TOEFL_Score_Min,TOEFL_Score_Max,IELTS_Score_Min,IELTS_Score_Max,Duolingo_English_Test_Score_Min,Duolingo_English_Test_Score_Max,Total_Students,Uni_Name,Type_,Year_) VALUES (3.02,4,88,103,6.5,8,65,150,233,'Western University','Applicants',2022);
INSERT INTO intake(GPA_Min,GPA_Max,TOEFL_Score_Min,TOEFL_Score_Max,IELTS_Score_Min,IELTS_Score_Max,Duolingo_English_Test_Score_Min,Duolingo_English_Test_Score_Max,Total_Students,Uni_Name,Type_,Year_) VALUES (3.03,4,NULL,NULL,7.5,8,90,160,63,'Western University','Applicants',2023);
INSERT INTO intake(GPA_Min,GPA_Max,TOEFL_Score_Min,TOEFL_Score_Max,IELTS_Score_Min,IELTS_Score_Max,Duolingo_English_Test_Score_Min,Duolingo_English_Test_Score_Max,Total_Students,Uni_Name,Type_,Year_) VALUES (3.12,3.97,NULL,NULL,7,8.5,NULL,NULL,10,'The University of Chicago','Applicants',2023);
INSERT INTO intake(GPA_Min,GPA_Max,TOEFL_Score_Min,TOEFL_Score_Max,IELTS_Score_Min,IELTS_Score_Max,Duolingo_English_Test_Score_Min,Duolingo_English_Test_Score_Max,Total_Students,Uni_Name,Type_,Year_) VALUES (3.11,3.97,88,91,6,8.5,NULL,NULL,12,'University of Texas at Austin','Applicants',2023);
INSERT INTO intake(GPA_Min,GPA_Max,TOEFL_Score_Min,TOEFL_Score_Max,IELTS_Score_Min,IELTS_Score_Max,Duolingo_English_Test_Score_Min,Duolingo_English_Test_Score_Max,Total_Students,Uni_Name,Type_,Year_) VALUES (2.91,4,100,107,NULL,NULL,60,155,431,'Osaka University','Applicants',2023);
INSERT INTO intake(GPA_Min,GPA_Max,TOEFL_Score_Min,TOEFL_Score_Max,IELTS_Score_Min,IELTS_Score_Max,Duolingo_English_Test_Score_Min,Duolingo_English_Test_Score_Max,Total_Students,Uni_Name,Type_,Year_) VALUES (3.01,4,99,112,6,8,90,150,136,'Singapore Management University','Applicants',2023);
INSERT INTO intake(GPA_Min,GPA_Max,TOEFL_Score_Min,TOEFL_Score_Max,IELTS_Score_Min,IELTS_Score_Max,Duolingo_English_Test_Score_Min,Duolingo_English_Test_Score_Max,Total_Students,Uni_Name,Type_,Year_) VALUES (3,4,80,120,6,8,65,160,925,'Hanyang University (Seoul Campus)','Applicants',2022);
INSERT INTO intake(GPA_Min,GPA_Max,TOEFL_Score_Min,TOEFL_Score_Max,IELTS_Score_Min,IELTS_Score_Max,Duolingo_English_Test_Score_Min,Duolingo_English_Test_Score_Max,Total_Students,Uni_Name,Type_,Year_) VALUES (3.08,4,88,100,6,8.5,60,150,666,'Hanyang University (Seoul Campus)','Applicants',2023);
INSERT INTO intake(GPA_Min,GPA_Max,TOEFL_Score_Min,TOEFL_Score_Max,IELTS_Score_Min,IELTS_Score_Max,Duolingo_English_Test_Score_Min,Duolingo_English_Test_Score_Max,Total_Students,Uni_Name,Type_,Year_) VALUES (2.95,4,94,94,6,7.5,70,150,84,'Hanyang University (Seoul Campus)','Cofunding Applicants',2023);
INSERT INTO intake(GPA_Min,GPA_Max,TOEFL_Score_Min,TOEFL_Score_Max,IELTS_Score_Min,IELTS_Score_Max,Duolingo_English_Test_Score_Min,Duolingo_English_Test_Score_Max,Total_Students,Uni_Name,Type_,Year_) VALUES (3.16,4,NULL,NULL,6,7,80,145,183,'National Taiwan University of Science and Technology (Taiwan Tech)','Applicants',2022);
INSERT INTO intake(GPA_Min,GPA_Max,TOEFL_Score_Min,TOEFL_Score_Max,IELTS_Score_Min,IELTS_Score_Max,Duolingo_English_Test_Score_Min,Duolingo_English_Test_Score_Max,Total_Students,Uni_Name,Type_,Year_) VALUES (3.11,4,93,93,5,8,60,150,281,'National Taiwan University of Science and Technology (Taiwan Tech)','Applicants',2023);
INSERT INTO intake(GPA_Min,GPA_Max,TOEFL_Score_Min,TOEFL_Score_Max,IELTS_Score_Min,IELTS_Score_Max,Duolingo_English_Test_Score_Min,Duolingo_English_Test_Score_Max,Total_Students,Uni_Name,Type_,Year_) VALUES (3,4,81,120,6,8,0,160,555,'Korea University','Applicants',2022);
INSERT INTO intake(GPA_Min,GPA_Max,TOEFL_Score_Min,TOEFL_Score_Max,IELTS_Score_Min,IELTS_Score_Max,Duolingo_English_Test_Score_Min,Duolingo_English_Test_Score_Max,Total_Students,Uni_Name,Type_,Year_) VALUES (2.99,4,56,88,6,8.5,85,160,349,'Korea University','Applicants',2023);
INSERT INTO intake(GPA_Min,GPA_Max,TOEFL_Score_Min,TOEFL_Score_Max,IELTS_Score_Min,IELTS_Score_Max,Duolingo_English_Test_Score_Min,Duolingo_English_Test_Score_Max,Total_Students,Uni_Name,Type_,Year_) VALUES (3.17,4,NULL,NULL,6,7,0,145,176,'Universiti Malaya','Applicants',2022);
INSERT INTO intake(GPA_Min,GPA_Max,TOEFL_Score_Min,TOEFL_Score_Max,IELTS_Score_Min,IELTS_Score_Max,Duolingo_English_Test_Score_Min,Duolingo_English_Test_Score_Max,Total_Students,Uni_Name,Type_,Year_) VALUES (3.01,4,78,100,5,7.5,60,150,417,'Universiti Malaya','Applicants',2023);
INSERT INTO intake(GPA_Min,GPA_Max,TOEFL_Score_Min,TOEFL_Score_Max,IELTS_Score_Min,IELTS_Score_Max,Duolingo_English_Test_Score_Min,Duolingo_English_Test_Score_Max,Total_Students,Uni_Name,Type_,Year_) VALUES (2.95,3.98,NULL,NULL,6,7.5,75,150,71,'Universiti Malaya','Cofunding Applicants',2023);
INSERT INTO intake(GPA_Min,GPA_Max,TOEFL_Score_Min,TOEFL_Score_Max,IELTS_Score_Min,IELTS_Score_Max,Duolingo_English_Test_Score_Min,Duolingo_English_Test_Score_Max,Total_Students,Uni_Name,Type_,Year_) VALUES (3.06,3.99,90,90,4,7,0,140,191,'Universiti Kebangsaan Malaysia','Applicants',2022);
INSERT INTO intake(GPA_Min,GPA_Max,TOEFL_Score_Min,TOEFL_Score_Max,IELTS_Score_Min,IELTS_Score_Max,Duolingo_English_Test_Score_Min,Duolingo_English_Test_Score_Max,Total_Students,Uni_Name,Type_,Year_) VALUES (3.05,4,78,78,6,7,80,150,265,'Universiti Kebangsaan Malaysia','Applicants',2023);
INSERT INTO intake(GPA_Min,GPA_Max,TOEFL_Score_Min,TOEFL_Score_Max,IELTS_Score_Min,IELTS_Score_Max,Duolingo_English_Test_Score_Min,Duolingo_English_Test_Score_Max,Total_Students,Uni_Name,Type_,Year_) VALUES (3.31,4,NULL,NULL,6,8,95,150,52,'Universiti Kebangsaan Malaysia','Cofunding Applicants',2023);
INSERT INTO intake(GPA_Min,GPA_Max,TOEFL_Score_Min,TOEFL_Score_Max,IELTS_Score_Min,IELTS_Score_Max,Duolingo_English_Test_Score_Min,Duolingo_English_Test_Score_Max,Total_Students,Uni_Name,Type_,Year_) VALUES (3.13,4,NULL,NULL,6.5,7,0,140,130,'Universiti Sains Malaysia','Applicants',2022);
INSERT INTO intake(GPA_Min,GPA_Max,TOEFL_Score_Min,TOEFL_Score_Max,IELTS_Score_Min,IELTS_Score_Max,Duolingo_English_Test_Score_Min,Duolingo_English_Test_Score_Max,Total_Students,Uni_Name,Type_,Year_) VALUES (2.95,3.93,NULL,NULL,6,8,95,140,37,'Universiti Sains Malaysia','Applicants',2023);
INSERT INTO intake(GPA_Min,GPA_Max,TOEFL_Score_Min,TOEFL_Score_Max,IELTS_Score_Min,IELTS_Score_Max,Duolingo_English_Test_Score_Min,Duolingo_English_Test_Score_Max,Total_Students,Uni_Name,Type_,Year_) VALUES (3.12,4,100,109,6,8.5,105,155,112,'Nanyang Technological University','Applicants',2022);
INSERT INTO intake(GPA_Min,GPA_Max,TOEFL_Score_Min,TOEFL_Score_Max,IELTS_Score_Min,IELTS_Score_Max,Duolingo_English_Test_Score_Min,Duolingo_English_Test_Score_Max,Total_Students,Uni_Name,Type_,Year_) VALUES (2.89,4,93,104,6,8.5,70,160,197,'Nanyang Technological University','Applicants',2023);
INSERT INTO intake(GPA_Min,GPA_Max,TOEFL_Score_Min,TOEFL_Score_Max,IELTS_Score_Min,IELTS_Score_Max,Duolingo_English_Test_Score_Min,Duolingo_English_Test_Score_Max,Total_Students,Uni_Name,Type_,Year_) VALUES (3,4,58,107,5.5,8.5,70,155,836,'Keio University','Applicants',2023);
INSERT INTO intake(GPA_Min,GPA_Max,TOEFL_Score_Min,TOEFL_Score_Max,IELTS_Score_Min,IELTS_Score_Max,Duolingo_English_Test_Score_Min,Duolingo_English_Test_Score_Max,Total_Students,Uni_Name,Type_,Year_) VALUES (3.04,4,86,97,6.5,7.5,85,150,240,'National Taiwan University','Applicants',2022);
INSERT INTO intake(GPA_Min,GPA_Max,TOEFL_Score_Min,TOEFL_Score_Max,IELTS_Score_Min,IELTS_Score_Max,Duolingo_English_Test_Score_Min,Duolingo_English_Test_Score_Max,Total_Students,Uni_Name,Type_,Year_) VALUES (3.08,4,104,104,6,8,70,155,232,'National Taiwan University','Applicants',2023);
INSERT INTO intake(GPA_Min,GPA_Max,TOEFL_Score_Min,TOEFL_Score_Max,IELTS_Score_Min,IELTS_Score_Max,Duolingo_English_Test_Score_Min,Duolingo_English_Test_Score_Max,Total_Students,Uni_Name,Type_,Year_) VALUES (3.05,4,83,96,6.5,7.5,75,145,182,'Chulalongkorn University','Applicants',2022);
INSERT INTO intake(GPA_Min,GPA_Max,TOEFL_Score_Min,TOEFL_Score_Max,IELTS_Score_Min,IELTS_Score_Max,Duolingo_English_Test_Score_Min,Duolingo_English_Test_Score_Max,Total_Students,Uni_Name,Type_,Year_) VALUES (3.04,4,NULL,NULL,5,7,80,150,105,'Chulalongkorn University','Applicants',2023);
INSERT INTO intake(GPA_Min,GPA_Max,TOEFL_Score_Min,TOEFL_Score_Max,IELTS_Score_Min,IELTS_Score_Max,Duolingo_English_Test_Score_Min,Duolingo_English_Test_Score_Max,Total_Students,Uni_Name,Type_,Year_) VALUES (3.51,3.67,NULL,NULL,NULL,NULL,120,130,3,'Chulalongkorn University','Cofunding Applicants',2023);
INSERT INTO intake(GPA_Min,GPA_Max,TOEFL_Score_Min,TOEFL_Score_Max,IELTS_Score_Min,IELTS_Score_Max,Duolingo_English_Test_Score_Min,Duolingo_English_Test_Score_Max,Total_Students,Uni_Name,Type_,Year_) VALUES (3,4,94,94,6,7.5,0,140,551,'Middle East Technical University','Applicants',2022);
INSERT INTO intake(GPA_Min,GPA_Max,TOEFL_Score_Min,TOEFL_Score_Max,IELTS_Score_Min,IELTS_Score_Max,Duolingo_English_Test_Score_Min,Duolingo_English_Test_Score_Max,Total_Students,Uni_Name,Type_,Year_) VALUES (3.03,4,NULL,NULL,5,7.5,40,150,208,'Middle East Technical University','Applicants',2023);
INSERT INTO intake(GPA_Min,GPA_Max,TOEFL_Score_Min,TOEFL_Score_Max,IELTS_Score_Min,IELTS_Score_Max,Duolingo_English_Test_Score_Min,Duolingo_English_Test_Score_Max,Total_Students,Uni_Name,Type_,Year_) VALUES (3.21,4,NULL,NULL,6,7.5,70,140,38,'Middle East Technical University','Cofunding Applicants',2023);
INSERT INTO intake(GPA_Min,GPA_Max,TOEFL_Score_Min,TOEFL_Score_Max,IELTS_Score_Min,IELTS_Score_Max,Duolingo_English_Test_Score_Min,Duolingo_English_Test_Score_Max,Total_Students,Uni_Name,Type_,Year_) VALUES (3.55,4,79,79,4,7.5,125,125,14,'Prince of Songkla University','Applicants',2022);
INSERT INTO intake(GPA_Min,GPA_Max,TOEFL_Score_Min,TOEFL_Score_Max,IELTS_Score_Min,IELTS_Score_Max,Duolingo_English_Test_Score_Min,Duolingo_English_Test_Score_Max,Total_Students,Uni_Name,Type_,Year_) VALUES (3.12,4,96,108,6.5,8,80,160,109,'The Australian National University','Applicants',2022);
INSERT INTO intake(GPA_Min,GPA_Max,TOEFL_Score_Min,TOEFL_Score_Max,IELTS_Score_Min,IELTS_Score_Max,Duolingo_English_Test_Score_Min,Duolingo_English_Test_Score_Max,Total_Students,Uni_Name,Type_,Year_) VALUES (3.36,3.99,98,100,7,8.5,115,115,16,'The Australian National University','Applicants',2023);
INSERT INTO intake(GPA_Min,GPA_Max,TOEFL_Score_Min,TOEFL_Score_Max,IELTS_Score_Min,IELTS_Score_Max,Duolingo_English_Test_Score_Min,Duolingo_English_Test_Score_Max,Total_Students,Uni_Name,Type_,Year_) VALUES (3.09,4,0,114,6.5,8.5,NULL,NULL,56,'The University of Adelaide','Applicants',2022);
INSERT INTO intake(GPA_Min,GPA_Max,TOEFL_Score_Min,TOEFL_Score_Max,IELTS_Score_Min,IELTS_Score_Max,Duolingo_English_Test_Score_Min,Duolingo_English_Test_Score_Max,Total_Students,Uni_Name,Type_,Year_) VALUES (3.27,4,86,97,6.5,8,NULL,NULL,48,'The University of Adelaide','Applicants',2023);
INSERT INTO intake(GPA_Min,GPA_Max,TOEFL_Score_Min,TOEFL_Score_Max,IELTS_Score_Min,IELTS_Score_Max,Duolingo_English_Test_Score_Min,Duolingo_English_Test_Score_Max,Total_Students,Uni_Name,Type_,Year_) VALUES (3.05,4,NULL,NULL,6.5,8,105,120,30,'The University of Queensland','Applicants',2022);
INSERT INTO intake(GPA_Min,GPA_Max,TOEFL_Score_Min,TOEFL_Score_Max,IELTS_Score_Min,IELTS_Score_Max,Duolingo_English_Test_Score_Min,Duolingo_English_Test_Score_Max,Total_Students,Uni_Name,Type_,Year_) VALUES (2.97,4,90,115,6.5,8.5,NULL,NULL,94,'The University of Queensland','Applicants',2023);
INSERT INTO intake(GPA_Min,GPA_Max,TOEFL_Score_Min,TOEFL_Score_Max,IELTS_Score_Min,IELTS_Score_Max,Duolingo_English_Test_Score_Min,Duolingo_English_Test_Score_Max,Total_Students,Uni_Name,Type_,Year_) VALUES (3.15,3.97,87,102,6.5,8.5,100,120,18,'University of Sydney','Applicants',2022);
INSERT INTO intake(GPA_Min,GPA_Max,TOEFL_Score_Min,TOEFL_Score_Max,IELTS_Score_Min,IELTS_Score_Max,Duolingo_English_Test_Score_Min,Duolingo_English_Test_Score_Max,Total_Students,Uni_Name,Type_,Year_) VALUES (3.29,3.99,86,100,5.5,8,NULL,NULL,35,'University of Sydney','Applicants',2023);
INSERT INTO intake(GPA_Min,GPA_Max,TOEFL_Score_Min,TOEFL_Score_Max,IELTS_Score_Min,IELTS_Score_Max,Duolingo_English_Test_Score_Min,Duolingo_English_Test_Score_Max,Total_Students,Uni_Name,Type_,Year_) VALUES (3.19,3.98,89,101,6,8,NULL,NULL,57,'University of Auckland','Applicants',2022);
INSERT INTO intake(GPA_Min,GPA_Max,TOEFL_Score_Min,TOEFL_Score_Max,IELTS_Score_Min,IELTS_Score_Max,Duolingo_English_Test_Score_Min,Duolingo_English_Test_Score_Max,Total_Students,Uni_Name,Type_,Year_) VALUES (3.15,4,94,115,6,8.5,NULL,NULL,113,'University of Auckland','Applicants',2023);
INSERT INTO intake(GPA_Min,GPA_Max,TOEFL_Score_Min,TOEFL_Score_Max,IELTS_Score_Min,IELTS_Score_Max,Duolingo_English_Test_Score_Min,Duolingo_English_Test_Score_Max,Total_Students,Uni_Name,Type_,Year_) VALUES (3.28,4,80,108,6.5,8.5,90,120,53,'University of Melbourne','Applicants',2022);
INSERT INTO intake(GPA_Min,GPA_Max,TOEFL_Score_Min,TOEFL_Score_Max,IELTS_Score_Min,IELTS_Score_Max,Duolingo_English_Test_Score_Min,Duolingo_English_Test_Score_Max,Total_Students,Uni_Name,Type_,Year_) VALUES (3.04,4,94,108,5.5,8.5,NULL,NULL,103,'University of Melbourne','Applicants',2023);
INSERT INTO intake(GPA_Min,GPA_Max,TOEFL_Score_Min,TOEFL_Score_Max,IELTS_Score_Min,IELTS_Score_Max,Duolingo_English_Test_Score_Min,Duolingo_English_Test_Score_Max,Total_Students,Uni_Name,Type_,Year_) VALUES (3.06,4,79,114,6.5,8,100,130,60,'Monash University','Applicants',2022);
INSERT INTO intake(GPA_Min,GPA_Max,TOEFL_Score_Min,TOEFL_Score_Max,IELTS_Score_Min,IELTS_Score_Max,Duolingo_English_Test_Score_Min,Duolingo_English_Test_Score_Max,Total_Students,Uni_Name,Type_,Year_) VALUES (2.88,3.99,NULL,NULL,6.5,8,90,155,145,'Monash University','Applicants',2023);
INSERT INTO intake(GPA_Min,GPA_Max,TOEFL_Score_Min,TOEFL_Score_Max,IELTS_Score_Min,IELTS_Score_Max,Duolingo_English_Test_Score_Min,Duolingo_English_Test_Score_Max,Total_Students,Uni_Name,Type_,Year_) VALUES (3.13,3.98,86,104,6.5,8.5,NULL,NULL,36,'The University of Western Australia','Applicants',2023);
INSERT INTO intake(GPA_Min,GPA_Max,TOEFL_Score_Min,TOEFL_Score_Max,IELTS_Score_Min,IELTS_Score_Max,Duolingo_English_Test_Score_Min,Duolingo_English_Test_Score_Max,Total_Students,Uni_Name,Type_,Year_) VALUES (2.97,4,60,114,6,8,NULL,NULL,73,'University of Otago','Applicants',2023);
INSERT INTO intake(GPA_Min,GPA_Max,TOEFL_Score_Min,TOEFL_Score_Max,IELTS_Score_Min,IELTS_Score_Max,Duolingo_English_Test_Score_Min,Duolingo_English_Test_Score_Max,Total_Students,Uni_Name,Type_,Year_) VALUES (2.88,4,85,99,6,8.5,85,150,258,'Victoria University of Wellington','Applicants',2023);
INSERT INTO intake(GPA_Min,GPA_Max,TOEFL_Score_Min,TOEFL_Score_Max,IELTS_Score_Min,IELTS_Score_Max,Duolingo_English_Test_Score_Min,Duolingo_English_Test_Score_Max,Total_Students,Uni_Name,Type_,Year_) VALUES (3.13,3.97,NULL,NULL,6.5,8.5,NULL,NULL,68,'University of New South Wales','Applicants',2023);
INSERT INTO intake(GPA_Min,GPA_Max,TOEFL_Score_Min,TOEFL_Score_Max,IELTS_Score_Min,IELTS_Score_Max,Duolingo_English_Test_Score_Min,Duolingo_English_Test_Score_Max,Total_Students,Uni_Name,Type_,Year_) VALUES (3.11,3.98,60,98,5.5,8,NULL,NULL,143,'University of Canterbury','Applicants',2023);
INSERT INTO intake(GPA_Min,GPA_Max,TOEFL_Score_Min,TOEFL_Score_Max,IELTS_Score_Min,IELTS_Score_Max,Duolingo_English_Test_Score_Min,Duolingo_English_Test_Score_Max,Total_Students,Uni_Name,Type_,Year_) VALUES (3.05,3.98,96,106,6.5,8.5,70,150,174,'Vrije Universiteit Amsterdam','Applicants',2022);
INSERT INTO intake(GPA_Min,GPA_Max,TOEFL_Score_Min,TOEFL_Score_Max,IELTS_Score_Min,IELTS_Score_Max,Duolingo_English_Test_Score_Min,Duolingo_English_Test_Score_Max,Total_Students,Uni_Name,Type_,Year_) VALUES (3.19,3.97,99,115,6.5,8.5,NULL,NULL,62,'Vrije Universiteit Amsterdam','Applicants',2023);
INSERT INTO intake(GPA_Min,GPA_Max,TOEFL_Score_Min,TOEFL_Score_Max,IELTS_Score_Min,IELTS_Score_Max,Duolingo_English_Test_Score_Min,Duolingo_English_Test_Score_Max,Total_Students,Uni_Name,Type_,Year_) VALUES (3.07,3.98,90,115,6,8.5,100,135,81,'Leiden University','Applicants',2022);
INSERT INTO intake(GPA_Min,GPA_Max,TOEFL_Score_Min,TOEFL_Score_Max,IELTS_Score_Min,IELTS_Score_Max,Duolingo_English_Test_Score_Min,Duolingo_English_Test_Score_Max,Total_Students,Uni_Name,Type_,Year_) VALUES (3.19,3.95,NULL,NULL,6.5,8.5,NULL,NULL,28,'Leiden University','Applicants',2023);
INSERT INTO intake(GPA_Min,GPA_Max,TOEFL_Score_Min,TOEFL_Score_Max,IELTS_Score_Min,IELTS_Score_Max,Duolingo_English_Test_Score_Min,Duolingo_English_Test_Score_Max,Total_Students,Uni_Name,Type_,Year_) VALUES (3.04,4,64,115,6.5,8,70,150,393,'Maastricht University','Applicants',2022);
INSERT INTO intake(GPA_Min,GPA_Max,TOEFL_Score_Min,TOEFL_Score_Max,IELTS_Score_Min,IELTS_Score_Max,Duolingo_English_Test_Score_Min,Duolingo_English_Test_Score_Max,Total_Students,Uni_Name,Type_,Year_) VALUES (3.02,4,NULL,NULL,5.5,8,70,160,192,'Maastricht University','Applicants',2023);
INSERT INTO intake(GPA_Min,GPA_Max,TOEFL_Score_Min,TOEFL_Score_Max,IELTS_Score_Min,IELTS_Score_Max,Duolingo_English_Test_Score_Min,Duolingo_English_Test_Score_Max,Total_Students,Uni_Name,Type_,Year_) VALUES (3.04,3.98,100,111,6.5,8.5,75,140,23,'KU Leuven','Applicants',2022);
INSERT INTO intake(GPA_Min,GPA_Max,TOEFL_Score_Min,TOEFL_Score_Max,IELTS_Score_Min,IELTS_Score_Max,Duolingo_English_Test_Score_Min,Duolingo_English_Test_Score_Max,Total_Students,Uni_Name,Type_,Year_) VALUES (3.27,3.99,92,99,6.5,8,NULL,NULL,39,'KU Leuven','Applicants',2023);
INSERT INTO intake(GPA_Min,GPA_Max,TOEFL_Score_Min,TOEFL_Score_Max,IELTS_Score_Min,IELTS_Score_Max,Duolingo_English_Test_Score_Min,Duolingo_English_Test_Score_Max,Total_Students,Uni_Name,Type_,Year_) VALUES (3.08,4,35,92,6,8,0,150,641,'University of Szeged','Applicants',2022);
INSERT INTO intake(GPA_Min,GPA_Max,TOEFL_Score_Min,TOEFL_Score_Max,IELTS_Score_Min,IELTS_Score_Max,Duolingo_English_Test_Score_Min,Duolingo_English_Test_Score_Max,Total_Students,Uni_Name,Type_,Year_) VALUES (2.91,4,79,79,6,8,55,150,472,'University of Szeged','Applicants',2023);
INSERT INTO intake(GPA_Min,GPA_Max,TOEFL_Score_Min,TOEFL_Score_Max,IELTS_Score_Min,IELTS_Score_Max,Duolingo_English_Test_Score_Min,Duolingo_English_Test_Score_Max,Total_Students,Uni_Name,Type_,Year_) VALUES (3.07,4,94,97,6.5,7.5,80,150,274,'University of Pisa','Applicants',2022);
INSERT INTO intake(GPA_Min,GPA_Max,TOEFL_Score_Min,TOEFL_Score_Max,IELTS_Score_Min,IELTS_Score_Max,Duolingo_English_Test_Score_Min,Duolingo_English_Test_Score_Max,Total_Students,Uni_Name,Type_,Year_) VALUES (2.6,4,72,102,6,8.5,80,160,399,'University of Pisa','Applicants',2023);
INSERT INTO intake(GPA_Min,GPA_Max,TOEFL_Score_Min,TOEFL_Score_Max,IELTS_Score_Min,IELTS_Score_Max,Duolingo_English_Test_Score_Min,Duolingo_English_Test_Score_Max,Total_Students,Uni_Name,Type_,Year_) VALUES (3.04,4,107,107,6,8.5,80,155,149,'Humboldt-Universität zu Berlin','Applicants',2022);
INSERT INTO intake(GPA_Min,GPA_Max,TOEFL_Score_Min,TOEFL_Score_Max,IELTS_Score_Min,IELTS_Score_Max,Duolingo_English_Test_Score_Min,Duolingo_English_Test_Score_Max,Total_Students,Uni_Name,Type_,Year_) VALUES (3.06,4,NULL,NULL,6.5,8,75,155,486,'Humboldt-Universität zu Berlin','Applicants',2023);
INSERT INTO intake(GPA_Min,GPA_Max,TOEFL_Score_Min,TOEFL_Score_Max,IELTS_Score_Min,IELTS_Score_Max,Duolingo_English_Test_Score_Min,Duolingo_English_Test_Score_Max,Total_Students,Uni_Name,Type_,Year_) VALUES (3.39,3.91,NULL,NULL,NULL,NULL,105,140,15,'Humboldt-Universität zu Berlin','Cofunding Applicants',2023);
INSERT INTO intake(GPA_Min,GPA_Max,TOEFL_Score_Min,TOEFL_Score_Max,IELTS_Score_Min,IELTS_Score_Max,Duolingo_English_Test_Score_Min,Duolingo_English_Test_Score_Max,Total_Students,Uni_Name,Type_,Year_) VALUES (3,4,102,102,5.5,8,75,155,340,'University of Zagreb','Applicants',2022);
INSERT INTO intake(GPA_Min,GPA_Max,TOEFL_Score_Min,TOEFL_Score_Max,IELTS_Score_Min,IELTS_Score_Max,Duolingo_English_Test_Score_Min,Duolingo_English_Test_Score_Max,Total_Students,Uni_Name,Type_,Year_) VALUES (3.03,3.99,NULL,NULL,6,8,80,150,214,'University of Zagreb','Applicants',2023);
INSERT INTO intake(GPA_Min,GPA_Max,TOEFL_Score_Min,TOEFL_Score_Max,IELTS_Score_Min,IELTS_Score_Max,Duolingo_English_Test_Score_Min,Duolingo_English_Test_Score_Max,Total_Students,Uni_Name,Type_,Year_) VALUES (3.13,4,89,89,6,8,80,150,203,'University of Warsaw','Applicants',2022);
INSERT INTO intake(GPA_Min,GPA_Max,TOEFL_Score_Min,TOEFL_Score_Max,IELTS_Score_Min,IELTS_Score_Max,Duolingo_English_Test_Score_Min,Duolingo_English_Test_Score_Max,Total_Students,Uni_Name,Type_,Year_) VALUES (3.06,4,NULL,NULL,6.5,8,85,160,283,'University of Warsaw','Applicants',2023);
INSERT INTO intake(GPA_Min,GPA_Max,TOEFL_Score_Min,TOEFL_Score_Max,IELTS_Score_Min,IELTS_Score_Max,Duolingo_English_Test_Score_Min,Duolingo_English_Test_Score_Max,Total_Students,Uni_Name,Type_,Year_) VALUES (3.15,3.99,NULL,NULL,6,8.5,65,145,200,'M.V.Lomonosov Moscow State University','Applicants',2023);
INSERT INTO intake(GPA_Min,GPA_Max,TOEFL_Score_Min,TOEFL_Score_Max,IELTS_Score_Min,IELTS_Score_Max,Duolingo_English_Test_Score_Min,Duolingo_English_Test_Score_Max,Total_Students,Uni_Name,Type_,Year_) VALUES (3.11,4,111,111,5,8.5,110,125,65,'Radboud University','Applicants',2022);
INSERT INTO intake(GPA_Min,GPA_Max,TOEFL_Score_Min,TOEFL_Score_Max,IELTS_Score_Min,IELTS_Score_Max,Duolingo_English_Test_Score_Min,Duolingo_English_Test_Score_Max,Total_Students,Uni_Name,Type_,Year_) VALUES (3.05,4,90,102,5.5,8,NULL,NULL,106,'Radboud University','Applicants',2023);
INSERT INTO intake(GPA_Min,GPA_Max,TOEFL_Score_Min,TOEFL_Score_Max,IELTS_Score_Min,IELTS_Score_Max,Duolingo_English_Test_Score_Min,Duolingo_English_Test_Score_Max,Total_Students,Uni_Name,Type_,Year_) VALUES (3.04,3.99,94,94,6,7.5,90,145,241,'Vytautas Magnus University','Applicants',2022);
INSERT INTO intake(GPA_Min,GPA_Max,TOEFL_Score_Min,TOEFL_Score_Max,IELTS_Score_Min,IELTS_Score_Max,Duolingo_English_Test_Score_Min,Duolingo_English_Test_Score_Max,Total_Students,Uni_Name,Type_,Year_) VALUES (3.21,3.93,NULL,NULL,6,8,75,150,55,'Vytautas Magnus University','Applicants',2023);
INSERT INTO intake(GPA_Min,GPA_Max,TOEFL_Score_Min,TOEFL_Score_Max,IELTS_Score_Min,IELTS_Score_Max,Duolingo_English_Test_Score_Min,Duolingo_English_Test_Score_Max,Total_Students,Uni_Name,Type_,Year_) VALUES (3.48,4,101,101,6.5,8.5,90,155,71,'Sciences Po','Applicants',2023);
INSERT INTO intake(GPA_Min,GPA_Max,TOEFL_Score_Min,TOEFL_Score_Max,IELTS_Score_Min,IELTS_Score_Max,Duolingo_English_Test_Score_Min,Duolingo_English_Test_Score_Max,Total_Students,Uni_Name,Type_,Year_) VALUES (3,4,86,107,6,8,100,150,312,'Universitat Pompeu Fabra','Applicants',2022);
INSERT INTO intake(GPA_Min,GPA_Max,TOEFL_Score_Min,TOEFL_Score_Max,IELTS_Score_Min,IELTS_Score_Max,Duolingo_English_Test_Score_Min,Duolingo_English_Test_Score_Max,Total_Students,Uni_Name,Type_,Year_) VALUES (3.03,4,85,108,5.5,8.5,70,160,696,'Universitat Pompeu Fabra','Applicants',2023);
INSERT INTO intake(GPA_Min,GPA_Max,TOEFL_Score_Min,TOEFL_Score_Max,IELTS_Score_Min,IELTS_Score_Max,Duolingo_English_Test_Score_Min,Duolingo_English_Test_Score_Max,Total_Students,Uni_Name,Type_,Year_) VALUES (3.06,4,94,113,6,8.5,100,155,157,'Sapienza University of Rome','Applicants',2022);
INSERT INTO intake(GPA_Min,GPA_Max,TOEFL_Score_Min,TOEFL_Score_Max,IELTS_Score_Min,IELTS_Score_Max,Duolingo_English_Test_Score_Min,Duolingo_English_Test_Score_Max,Total_Students,Uni_Name,Type_,Year_) VALUES (3.05,4,NULL,NULL,6,8.5,65,160,418,'Sapienza University of Rome','Applicants',2023);
INSERT INTO intake(GPA_Min,GPA_Max,TOEFL_Score_Min,TOEFL_Score_Max,IELTS_Score_Min,IELTS_Score_Max,Duolingo_English_Test_Score_Min,Duolingo_English_Test_Score_Max,Total_Students,Uni_Name,Type_,Year_) VALUES (2.82,4,78,98,6,8,75,155,591,'University of Padua','Applicants',2022);
INSERT INTO intake(GPA_Min,GPA_Max,TOEFL_Score_Min,TOEFL_Score_Max,IELTS_Score_Min,IELTS_Score_Max,Duolingo_English_Test_Score_Min,Duolingo_English_Test_Score_Max,Total_Students,Uni_Name,Type_,Year_) VALUES (2.52,4,98,108,6,8,20,155,784,'University of Padua','Applicants',2023);
INSERT INTO intake(GPA_Min,GPA_Max,TOEFL_Score_Min,TOEFL_Score_Max,IELTS_Score_Min,IELTS_Score_Max,Duolingo_English_Test_Score_Min,Duolingo_English_Test_Score_Max,Total_Students,Uni_Name,Type_,Year_) VALUES (3.27,3.95,35,101,6.5,7.5,105,105,37,'Universidad Autónoma de Madrid','Applicants',2022);
INSERT INTO intake(GPA_Min,GPA_Max,TOEFL_Score_Min,TOEFL_Score_Max,IELTS_Score_Min,IELTS_Score_Max,Duolingo_English_Test_Score_Min,Duolingo_English_Test_Score_Max,Total_Students,Uni_Name,Type_,Year_) VALUES (3.22,4,78,92,5.5,8,NULL,NULL,104,'Universidad Autónoma de Madrid','Applicants',2023);
INSERT INTO intake(GPA_Min,GPA_Max,TOEFL_Score_Min,TOEFL_Score_Max,IELTS_Score_Min,IELTS_Score_Max,Duolingo_English_Test_Score_Min,Duolingo_English_Test_Score_Max,Total_Students,Uni_Name,Type_,Year_) VALUES (3.05,3.96,100,100,6.5,8.5,105,110,32,'University of Groningen','Applicants',2022);
INSERT INTO intake(GPA_Min,GPA_Max,TOEFL_Score_Min,TOEFL_Score_Max,IELTS_Score_Min,IELTS_Score_Max,Duolingo_English_Test_Score_Min,Duolingo_English_Test_Score_Max,Total_Students,Uni_Name,Type_,Year_) VALUES (3.08,4,82,104,6,8.5,0,155,662,'University of Pécs','Applicants',2022);
INSERT INTO intake(GPA_Min,GPA_Max,TOEFL_Score_Min,TOEFL_Score_Max,IELTS_Score_Min,IELTS_Score_Max,Duolingo_English_Test_Score_Min,Duolingo_English_Test_Score_Max,Total_Students,Uni_Name,Type_,Year_) VALUES (3,4,104,114,6,8.5,80,145,470,'University of Granada','Applicants',2022);
INSERT INTO intake(GPA_Min,GPA_Max,TOEFL_Score_Min,TOEFL_Score_Max,IELTS_Score_Min,IELTS_Score_Max,Duolingo_English_Test_Score_Min,Duolingo_English_Test_Score_Max,Total_Students,Uni_Name,Type_,Year_) VALUES (3.02,4,56,56,6,8,85,145,333,'Palacký University Olomouc','Applicants',2022);
INSERT INTO intake(GPA_Min,GPA_Max,TOEFL_Score_Min,TOEFL_Score_Max,IELTS_Score_Min,IELTS_Score_Max,Duolingo_English_Test_Score_Min,Duolingo_English_Test_Score_Max,Total_Students,Uni_Name,Type_,Year_) VALUES (3.21,3.97,NULL,NULL,6,8,100,145,47,'Palacký University Olomouc','Applicants',2023);
INSERT INTO intake(GPA_Min,GPA_Max,TOEFL_Score_Min,TOEFL_Score_Max,IELTS_Score_Min,IELTS_Score_Max,Duolingo_English_Test_Score_Min,Duolingo_English_Test_Score_Max,Total_Students,Uni_Name,Type_,Year_) VALUES (3.1,4,90,102,6,8.5,100,140,68,'Lancaster University','Applicants',2022);
INSERT INTO intake(GPA_Min,GPA_Max,TOEFL_Score_Min,TOEFL_Score_Max,IELTS_Score_Min,IELTS_Score_Max,Duolingo_English_Test_Score_Min,Duolingo_English_Test_Score_Max,Total_Students,Uni_Name,Type_,Year_) VALUES (3.03,4,95,97,6,8.5,NULL,NULL,89,'Lancaster University','Applicants',2023);
INSERT INTO intake(GPA_Min,GPA_Max,TOEFL_Score_Min,TOEFL_Score_Max,IELTS_Score_Min,IELTS_Score_Max,Duolingo_English_Test_Score_Min,Duolingo_English_Test_Score_Max,Total_Students,Uni_Name,Type_,Year_) VALUES (3.03,4,95,95,6.5,8.5,NULL,NULL,35,'Lancaster University','Cofunding Applicants',2023);
INSERT INTO intake(GPA_Min,GPA_Max,TOEFL_Score_Min,TOEFL_Score_Max,IELTS_Score_Min,IELTS_Score_Max,Duolingo_English_Test_Score_Min,Duolingo_English_Test_Score_Max,Total_Students,Uni_Name,Type_,Year_) VALUES (3.01,4,109,109,6,8,90,160,254,'University of Leicester','Applicants',2022);
INSERT INTO intake(GPA_Min,GPA_Max,TOEFL_Score_Min,TOEFL_Score_Max,IELTS_Score_Min,IELTS_Score_Max,Duolingo_English_Test_Score_Min,Duolingo_English_Test_Score_Max,Total_Students,Uni_Name,Type_,Year_) VALUES (3.08,4,NULL,NULL,6.5,8.5,90,155,148,'University of Leicester','Applicants',2023);
INSERT INTO intake(GPA_Min,GPA_Max,TOEFL_Score_Min,TOEFL_Score_Max,IELTS_Score_Min,IELTS_Score_Max,Duolingo_English_Test_Score_Min,Duolingo_English_Test_Score_Max,Total_Students,Uni_Name,Type_,Year_) VALUES (3,4,96,107,6.5,8,90,150,208,'University of Galway','Applicants',2022);
INSERT INTO intake(GPA_Min,GPA_Max,TOEFL_Score_Min,TOEFL_Score_Max,IELTS_Score_Min,IELTS_Score_Max,Duolingo_English_Test_Score_Min,Duolingo_English_Test_Score_Max,Total_Students,Uni_Name,Type_,Year_) VALUES (3.01,4,NULL,NULL,6,7.5,90,155,209,'University of Galway','Applicants',2023);
INSERT INTO intake(GPA_Min,GPA_Max,TOEFL_Score_Min,TOEFL_Score_Max,IELTS_Score_Min,IELTS_Score_Max,Duolingo_English_Test_Score_Min,Duolingo_English_Test_Score_Max,Total_Students,Uni_Name,Type_,Year_) VALUES (3.14,4,107,107,6,8.5,100,155,109,'University of Birmingham','Applicants',2022);
INSERT INTO intake(GPA_Min,GPA_Max,TOEFL_Score_Min,TOEFL_Score_Max,IELTS_Score_Min,IELTS_Score_Max,Duolingo_English_Test_Score_Min,Duolingo_English_Test_Score_Max,Total_Students,Uni_Name,Type_,Year_) VALUES (3.25,3.95,NULL,NULL,6.5,8.5,NULL,NULL,19,'University of Birmingham','Applicants',2023);
INSERT INTO intake(GPA_Min,GPA_Max,TOEFL_Score_Min,TOEFL_Score_Max,IELTS_Score_Min,IELTS_Score_Max,Duolingo_English_Test_Score_Min,Duolingo_English_Test_Score_Max,Total_Students,Uni_Name,Type_,Year_) VALUES (3,4,90,112,6,8.5,155,155,334,'Newcastle University','Applicants',2022);
INSERT INTO intake(GPA_Min,GPA_Max,TOEFL_Score_Min,TOEFL_Score_Max,IELTS_Score_Min,IELTS_Score_Max,Duolingo_English_Test_Score_Min,Duolingo_English_Test_Score_Max,Total_Students,Uni_Name,Type_,Year_) VALUES (3.19,3.95,98,98,6,8,80,160,111,'Newcastle University','Applicants',2023);
INSERT INTO intake(GPA_Min,GPA_Max,TOEFL_Score_Min,TOEFL_Score_Max,IELTS_Score_Min,IELTS_Score_Max,Duolingo_English_Test_Score_Min,Duolingo_English_Test_Score_Max,Total_Students,Uni_Name,Type_,Year_) VALUES (2.82,4,100,115,6.5,8.5,0,150,89,'University of Edinburgh','Applicants',2022);
INSERT INTO intake(GPA_Min,GPA_Max,TOEFL_Score_Min,TOEFL_Score_Max,IELTS_Score_Min,IELTS_Score_Max,Duolingo_English_Test_Score_Min,Duolingo_English_Test_Score_Max,Total_Students,Uni_Name,Type_,Year_) VALUES (3.04,4,88,112,6,8.5,NULL,NULL,115,'University of Edinburgh','Applicants',2023);
INSERT INTO intake(GPA_Min,GPA_Max,TOEFL_Score_Min,TOEFL_Score_Max,IELTS_Score_Min,IELTS_Score_Max,Duolingo_English_Test_Score_Min,Duolingo_English_Test_Score_Max,Total_Students,Uni_Name,Type_,Year_) VALUES (3.12,3.98,98,98,6.5,8,85,150,135,'University College Dublin','Applicants',2022);
INSERT INTO intake(GPA_Min,GPA_Max,TOEFL_Score_Min,TOEFL_Score_Max,IELTS_Score_Min,IELTS_Score_Max,Duolingo_English_Test_Score_Min,Duolingo_English_Test_Score_Max,Total_Students,Uni_Name,Type_,Year_) VALUES (3.22,3.99,NULL,NULL,6.5,8,100,155,84,'University College Dublin','Applicants',2023);
INSERT INTO intake(GPA_Min,GPA_Max,TOEFL_Score_Min,TOEFL_Score_Max,IELTS_Score_Min,IELTS_Score_Max,Duolingo_English_Test_Score_Min,Duolingo_English_Test_Score_Max,Total_Students,Uni_Name,Type_,Year_) VALUES (3.33,4,82,93,6.5,8.5,NULL,NULL,26,'University College Cork - National University of Ireland','Applicants',2022);
INSERT INTO intake(GPA_Min,GPA_Max,TOEFL_Score_Min,TOEFL_Score_Max,IELTS_Score_Min,IELTS_Score_Max,Duolingo_English_Test_Score_Min,Duolingo_English_Test_Score_Max,Total_Students,Uni_Name,Type_,Year_) VALUES (3.33,4,87,97,5.5,8,60,160,211,'University College Cork - National University of Ireland','Applicants',2023);
INSERT INTO intake(GPA_Min,GPA_Max,TOEFL_Score_Min,TOEFL_Score_Max,IELTS_Score_Min,IELTS_Score_Max,Duolingo_English_Test_Score_Min,Duolingo_English_Test_Score_Max,Total_Students,Uni_Name,Type_,Year_) VALUES (3.16,4,85,112,6,8,130,130,81,'University of Glasgow','Applicants',2022);
INSERT INTO intake(GPA_Min,GPA_Max,TOEFL_Score_Min,TOEFL_Score_Max,IELTS_Score_Min,IELTS_Score_Max,Duolingo_English_Test_Score_Min,Duolingo_English_Test_Score_Max,Total_Students,Uni_Name,Type_,Year_) VALUES (3.01,3.98,85,108,6,8.5,NULL,NULL,96,'University of Glasgow','Applicants',2023);
INSERT INTO intake(GPA_Min,GPA_Max,TOEFL_Score_Min,TOEFL_Score_Max,IELTS_Score_Min,IELTS_Score_Max,Duolingo_English_Test_Score_Min,Duolingo_English_Test_Score_Max,Total_Students,Uni_Name,Type_,Year_) VALUES (3.05,4,111,111,6,8,0,145,766,'University of Liverpool','Applicants',2022);
INSERT INTO intake(GPA_Min,GPA_Max,TOEFL_Score_Min,TOEFL_Score_Max,IELTS_Score_Min,IELTS_Score_Max,Duolingo_English_Test_Score_Min,Duolingo_English_Test_Score_Max,Total_Students,Uni_Name,Type_,Year_) VALUES (3,3.96,101,112,7,8,NULL,NULL,16,'University of Liverpool','Applicants',2023);
INSERT INTO intake(GPA_Min,GPA_Max,TOEFL_Score_Min,TOEFL_Score_Max,IELTS_Score_Min,IELTS_Score_Max,Duolingo_English_Test_Score_Min,Duolingo_English_Test_Score_Max,Total_Students,Uni_Name,Type_,Year_) VALUES (3,4,109,109,6.5,8.5,100,155,368,'University of Leeds','Applicants',2022);
INSERT INTO intake(GPA_Min,GPA_Max,TOEFL_Score_Min,TOEFL_Score_Max,IELTS_Score_Min,IELTS_Score_Max,Duolingo_English_Test_Score_Min,Duolingo_English_Test_Score_Max,Total_Students,Uni_Name,Type_,Year_) VALUES (3.1,4,108,108,6,8.5,60,160,251,'University of Leeds','Applicants',2023);
INSERT INTO intake(GPA_Min,GPA_Max,TOEFL_Score_Min,TOEFL_Score_Max,IELTS_Score_Min,IELTS_Score_Max,Duolingo_English_Test_Score_Min,Duolingo_English_Test_Score_Max,Total_Students,Uni_Name,Type_,Year_) VALUES (3,4,82,99,6,8.5,75,160,576,'University of Sussex','Applicants',2022);
INSERT INTO intake(GPA_Min,GPA_Max,TOEFL_Score_Min,TOEFL_Score_Max,IELTS_Score_Min,IELTS_Score_Max,Duolingo_English_Test_Score_Min,Duolingo_English_Test_Score_Max,Total_Students,Uni_Name,Type_,Year_) VALUES (3.1,3.98,85,100,5.5,8,80,160,161,'University of Sussex','Applicants',2023);
INSERT INTO intake(GPA_Min,GPA_Max,TOEFL_Score_Min,TOEFL_Score_Max,IELTS_Score_Min,IELTS_Score_Max,Duolingo_English_Test_Score_Min,Duolingo_English_Test_Score_Max,Total_Students,Uni_Name,Type_,Year_) VALUES (3,4,104,104,6,8.5,105,150,144,'University of Warwick','Applicants',2022);
INSERT INTO intake(GPA_Min,GPA_Max,TOEFL_Score_Min,TOEFL_Score_Max,IELTS_Score_Min,IELTS_Score_Max,Duolingo_English_Test_Score_Min,Duolingo_English_Test_Score_Max,Total_Students,Uni_Name,Type_,Year_) VALUES (3.18,3.95,102,102,5.5,8.5,NULL,NULL,48,'University of Warwick','Applicants',2023);
INSERT INTO intake(GPA_Min,GPA_Max,TOEFL_Score_Min,TOEFL_Score_Max,IELTS_Score_Min,IELTS_Score_Max,Duolingo_English_Test_Score_Min,Duolingo_English_Test_Score_Max,Total_Students,Uni_Name,Type_,Year_) VALUES (3,4,82,115,6.5,8,100,155,219,'University of York','Applicants',2022);
INSERT INTO intake(GPA_Min,GPA_Max,TOEFL_Score_Min,TOEFL_Score_Max,IELTS_Score_Min,IELTS_Score_Max,Duolingo_English_Test_Score_Min,Duolingo_English_Test_Score_Max,Total_Students,Uni_Name,Type_,Year_) VALUES (3,3.96,114,114,6.5,8,101,112,37,'University of York','Applicants',2023);
INSERT INTO intake(GPA_Min,GPA_Max,TOEFL_Score_Min,TOEFL_Score_Max,IELTS_Score_Min,IELTS_Score_Max,Duolingo_English_Test_Score_Min,Duolingo_English_Test_Score_Max,Total_Students,Uni_Name,Type_,Year_) VALUES (3.28,4,110,111,7.5,8.5,105,135,24,'University College London','Applicants',2022);
INSERT INTO intake(GPA_Min,GPA_Max,TOEFL_Score_Min,TOEFL_Score_Max,IELTS_Score_Min,IELTS_Score_Max,Duolingo_English_Test_Score_Min,Duolingo_English_Test_Score_Max,Total_Students,Uni_Name,Type_,Year_) VALUES (3.29,3.97,108,108,7,8.5,NULL,NULL,65,'University College London','Applicants',2023);
INSERT INTO intake(GPA_Min,GPA_Max,TOEFL_Score_Min,TOEFL_Score_Max,IELTS_Score_Min,IELTS_Score_Max,Duolingo_English_Test_Score_Min,Duolingo_English_Test_Score_Max,Total_Students,Uni_Name,Type_,Year_) VALUES (3.04,4,103,110,6,8,100,100,26,'Queen Mary University of London','Applicants',2022);
INSERT INTO intake(GPA_Min,GPA_Max,TOEFL_Score_Min,TOEFL_Score_Max,IELTS_Score_Min,IELTS_Score_Max,Duolingo_English_Test_Score_Min,Duolingo_English_Test_Score_Max,Total_Students,Uni_Name,Type_,Year_) VALUES (3.25,3.86,NULL,NULL,7,8,NULL,NULL,13,'Queen Mary University of London','Applicants',2023);


CREATE TABLE course(
   University VARCHAR(66) NOT NULL
  ,Course     VARCHAR(112) NOT NULL
);
INSERT INTO course(University,Course) VALUES ('Boston University Metropolitan College','Entrepreneurial Management');
INSERT INTO course(University,Course) VALUES ('Boston University Metropolitan College','Project Management');
INSERT INTO course(University,Course) VALUES ('Boston University Metropolitan College','Negotiations and Organizational Conflict Resolution');
INSERT INTO course(University,Course) VALUES ('Boston University Metropolitan College','The Innovation Process: Developing New Products and Services');
INSERT INTO course(University,Course) VALUES ('Boston University Metropolitan College','American Institutions and Culture');
INSERT INTO course(University,Course) VALUES ('Boston University Metropolitan College','International Economics');
INSERT INTO course(University,Course) VALUES ('Boston University Metropolitan College','Leadership in the Workplace');
INSERT INTO course(University,Course) VALUES ('Boston University Metropolitan College','International Business Management');
INSERT INTO course(University,Course) VALUES ('Boston University Metropolitan College','Operations Management');
INSERT INTO course(University,Course) VALUES ('Boston University Metropolitan College','Business Strategy: Policy, problems of business organizations');
INSERT INTO course(University,Course) VALUES ('Arizona State University','Principles of Marketing for Global Organizations');
INSERT INTO course(University,Course) VALUES ('Arizona State University','Global Entrepreneurship');
INSERT INTO course(University,Course) VALUES ('Arizona State University','Regional Management Environment');
INSERT INTO course(University,Course) VALUES ('Arizona State University','Multinational Organizational Leadership');
INSERT INTO course(University,Course) VALUES ('Arizona State University','States and Markets in a Global Economy');
INSERT INTO course(University,Course) VALUES ('Arizona State University','Principles of Global Management');
INSERT INTO course(University,Course) VALUES ('Arizona State University','International Trade Regional Economic Agreements');
INSERT INTO course(University,Course) VALUES ('Arizona State University','Principles of Accounting for Global Organizations');
INSERT INTO course(University,Course) VALUES ('Arizona State University','Principles of Finance for Global Organizations');
INSERT INTO course(University,Course) VALUES ('Arizona State University','Global Business & Professional Development Skills');
INSERT INTO course(University,Course) VALUES ('The University of Pennsylvania','Essentials of Molecular Biology and Genetics');
INSERT INTO course(University,Course) VALUES ('The University of Pennsylvania','World Film History 1945 - Present');
INSERT INTO course(University,Course) VALUES ('The University of Pennsylvania','The Twentieth Century: Whose American Dream?');
INSERT INTO course(University,Course) VALUES ('The University of Pennsylvania','Judgment and Decisions');
INSERT INTO course(University,Course) VALUES ('The University of Pennsylvania','Experimental Organic Chemistry');
INSERT INTO course(University,Course) VALUES ('The University of Pennsylvania','International Economics');
INSERT INTO course(University,Course) VALUES ('The University of Pennsylvania','Tax Policy and Practice in the Philadelphia Community');
INSERT INTO course(University,Course) VALUES ('The University of Pennsylvania','Work, Power, and Inequality');
INSERT INTO course(University,Course) VALUES ('The University of Pennsylvania','Gender and Society');
INSERT INTO course(University,Course) VALUES ('The University of Pennsylvania','Word Musics and Culture');
INSERT INTO course(University,Course) VALUES ('The University of Pennsylvania','Global Media');
INSERT INTO course(University,Course) VALUES ('The University of Pennsylvania','Introduction to Asian American Studies');
INSERT INTO course(University,Course) VALUES ('The University of Pennsylvania','Applied Data Analysis');
INSERT INTO course(University,Course) VALUES ('The University of Pennsylvania','Introduction to Micro Economics');
INSERT INTO course(University,Course) VALUES ('The University of Pennsylvania','Political Economy');
INSERT INTO course(University,Course) VALUES ('The University of Pennsylvania','Introduction to Developmental Psychology');
INSERT INTO course(University,Course) VALUES ('The University of Pennsylvania','Language and Social Identity');
INSERT INTO course(University,Course) VALUES ('The University of Pennsylvania','Ideas in Mathematics');
INSERT INTO course(University,Course) VALUES ('The University of Pennsylvania','Knowledge for Social Impact: Analyzing Current Issues and Approaches');
INSERT INTO course(University,Course) VALUES ('The University of Pennsylvania','Climate Change');
INSERT INTO course(University,Course) VALUES ('Yale University','World Cinema');
INSERT INTO course(University,Course) VALUES ('Yale University','Education and Empire');
INSERT INTO course(University,Course) VALUES ('Yale University','What is Law?');
INSERT INTO course(University,Course) VALUES ('Yale University','Energy, Environment, and Public Policy');
INSERT INTO course(University,Course) VALUES ('Yale University','Global Climate Change and the Carbon Cycle');
INSERT INTO course(University,Course) VALUES ('Yale University','Introduction to American Politics');
INSERT INTO course(University,Course) VALUES ('Yale University','Global Health Ethnography');
INSERT INTO course(University,Course) VALUES ('Yale University','Investigative Journalism');
INSERT INTO course(University,Course) VALUES ('Yale University','Medicine and the Humanities: Certainty and Unknowing');
INSERT INTO course(University,Course) VALUES ('Yale University','Multiracial Identities, Experiences, and Politics');
INSERT INTO course(University,Course) VALUES ('Penn State University','Introductory Sociology');
INSERT INTO course(University,Course) VALUES ('Penn State University','Race, Ethnicity, and Culture');
INSERT INTO course(University,Course) VALUES ('Penn State University','Introduction to Art');
INSERT INTO course(University,Course) VALUES ('Penn State University','Anthropology, Ancestry, and You');
INSERT INTO course(University,Course) VALUES ('Penn State University','Stars, Galaxies, and the Universe');
INSERT INTO course(University,Course) VALUES ('Penn State University','Environmental Science');
INSERT INTO course(University,Course) VALUES ('Penn State University','Introduction to Spreadsheets and Databases');
INSERT INTO course(University,Course) VALUES ('Penn State University','General View of Mathematics');
INSERT INTO course(University,Course) VALUES ('Penn State University','Classical Mythology');
INSERT INTO course(University,Course) VALUES ('Penn State University','Gender, Diversity and the Media');
INSERT INTO course(University,Course) VALUES ('University of California, Davis','Introduction to Film Studies');
INSERT INTO course(University,Course) VALUES ('University of California, Davis','Principles of Microeconomics');
INSERT INTO course(University,Course) VALUES ('University of California, Davis','Principles of Macroeconomics');
INSERT INTO course(University,Course) VALUES ('University of California, Davis','Introduction to Entrepreneurship');
INSERT INTO course(University,Course) VALUES ('University of California, Davis','Introduction to Food Preservation');
INSERT INTO course(University,Course) VALUES ('University of California, Davis','Discovery and Concepts');
INSERT INTO course(University,Course) VALUES ('University of California, Davis','Sociology of Culture');
INSERT INTO course(University,Course) VALUES ('University of California, Davis','Computational Cognitive Neuroscience');
INSERT INTO course(University,Course) VALUES ('University of California, Davis','Interpersonal Communication Competence');
INSERT INTO course(University,Course) VALUES ('University of California, Davis','Natural Resource Economics');
INSERT INTO course(University,Course) VALUES ('University of California, Davis','Design of Coffee');
INSERT INTO course(University,Course) VALUES ('University of California, Davis','Introduction to Comparative Politics');
INSERT INTO course(University,Course) VALUES ('University of California, Davis','General Psychology');
INSERT INTO course(University,Course) VALUES ('University of California, Davis','Fundamentals of Organization Management');
INSERT INTO course(University,Course) VALUES ('University of California, Davis','Introduction to Mass Communication');
INSERT INTO course(University,Course) VALUES ('University of California, Davis','Presentation, Communication, Collaboration');
INSERT INTO course(University,Course) VALUES ('University of California, Davis','Design and Analysis for Sensory Food Science');
INSERT INTO course(University,Course) VALUES ('University of California, Davis','Managing and Using Information Technology');
INSERT INTO course(University,Course) VALUES ('University of California, Davis','Supply Chain Planning & Management');
INSERT INTO course(University,Course) VALUES ('University of California, Davis','Pathways to Discovery: Science & Society');
INSERT INTO course(University,Course) VALUES ('UC Chile','PERSUASIVE COMMUNICATION');
INSERT INTO course(University,Course) VALUES ('UC Chile','Fintech: Financial Technology and Applications');
INSERT INTO course(University,Course) VALUES ('UC Chile','Litigating Before International Courts And Tribunals');
INSERT INTO course(University,Course) VALUES ('UC Chile','CHINA:BUSINESS, LAW, TECHNOLOGY AND SOCIETY');
INSERT INTO course(University,Course) VALUES ('UC Chile','COMPARATIVE CONSTITUTIONAL LAW');
INSERT INTO course(University,Course) VALUES ('UC Chile','CLASSROOM RESEARCH');
INSERT INTO course(University,Course) VALUES ('UC Chile','POETRY');
INSERT INTO course(University,Course) VALUES ('UC Chile','MATERIALS DAMAGE DUE TO THE ENVIRONMENT ACTION');
INSERT INTO course(University,Course) VALUES ('UC Chile','INTRODUCTION TO THE GASTRONOMIC ENGINEERING');
INSERT INTO course(University,Course) VALUES ('UC Chile','LITERATURE FOR TEEN READERS');
INSERT INTO course(University,Course) VALUES ('UC Chile','CULTURE, MIND, AND LANGUAGE');
INSERT INTO course(University,Course) VALUES ('UC Chile','RESEARCH, INNOVATION AND ENTREPRENEURSHIP');
INSERT INTO course(University,Course) VALUES ('UC Chile','ENGLISH DIALECTS');
INSERT INTO course(University,Course) VALUES ('UC Chile','STRANGE TALES IN NARRATIVE AND FILM');
INSERT INTO course(University,Course) VALUES ('UC Chile','ASTRONOMY');
INSERT INTO course(University,Course) VALUES ('UC Chile','Intercultural Communication in EFL Contexts');
INSERT INTO course(University,Course) VALUES ('UC Chile','Survival Spanish for Beginners A1');
INSERT INTO course(University,Course) VALUES ('UC Chile','Spanish for Upper Beginners A2');
INSERT INTO course(University,Course) VALUES ('UC Chile','RESEARCH UNIT');
INSERT INTO course(University,Course) VALUES ('UC Chile','TEACHING AND LEARNING ENGLISH SECONDARY I');
INSERT INTO course(University,Course) VALUES ('Michigan State University','Issues in Food and Agriculture');
INSERT INTO course(University,Course) VALUES ('Michigan State University','Introduction to Financial Literacy');
INSERT INTO course(University,Course) VALUES ('Michigan State University','The Individual, Couples and Families');
INSERT INTO course(University,Course) VALUES ('Michigan State University','Social Differentiation and Equality');
INSERT INTO course(University,Course) VALUES ('Michigan State University','Introduction to Cultural Anthropology');
INSERT INTO course(University,Course) VALUES ('Michigan State University','Geography: Sports Geography');
INSERT INTO course(University,Course) VALUES ('Michigan State University','History: Environmental History of North America');
INSERT INTO course(University,Course) VALUES ('Michigan State University','Human Development and Family Studies: Interpersonal Relationships in the Family');
INSERT INTO course(University,Course) VALUES ('Michigan State University','Theatre: Acting for Non-Theatre Majors');
INSERT INTO course(University,Course) VALUES ('Michigan State University','Economics: Introduction to Microeconomics');
INSERT INTO course(University,Course) VALUES ('Michigan State University','Personal Finance');
INSERT INTO course(University,Course) VALUES ('Michigan State University','Children, Youth and Family');
INSERT INTO course(University,Course) VALUES ('Michigan State University','Introduction to Microeconomics');
INSERT INTO course(University,Course) VALUES ('Michigan State University','Writing as Inquiry');
INSERT INTO course(University,Course) VALUES ('Michigan State University','Introduction to Criminal Justice');
INSERT INTO course(University,Course) VALUES ('Michigan State University','Anthropology: Gender Relations in Comparative Perspective');
INSERT INTO course(University,Course) VALUES ('Michigan State University','Anthropology: Introduction to Anthropology');
INSERT INTO course(University,Course) VALUES ('Michigan State University','Communication: Human Communication');
INSERT INTO course(University,Course) VALUES ('Michigan State University','Digital Storytelling: Media History');
INSERT INTO course(University,Course) VALUES ('Michigan State University','Human Development and Family Studies: The Individual, Couples and Families');
INSERT INTO course(University,Course) VALUES ('University of Colorado Boulder','Modern Cosmology: Origin and Structure of the Universe');
INSERT INTO course(University,Course) VALUES ('University of Colorado Boulder','Computation in Society');
INSERT INTO course(University,Course) VALUES ('University of Colorado Boulder','Designing Interactions');
INSERT INTO course(University,Course) VALUES ('University of Colorado Boulder','Foundations in Public Health');
INSERT INTO course(University,Course) VALUES ('University of Colorado Boulder','Introduction to Nutrition');
INSERT INTO course(University,Course) VALUES ('University of Colorado Boulder','Critical Thinking');
INSERT INTO course(University,Course) VALUES ('University of Colorado Boulder','Ethics for Information Technology');
INSERT INTO course(University,Course) VALUES ('University of Colorado Boulder','Symbolic Logic');
INSERT INTO course(University,Course) VALUES ('University of Colorado Boulder','Introduction to Contemporary Media Cultures');
INSERT INTO course(University,Course) VALUES ('University of Colorado Boulder','Media And Popular Culture');
INSERT INTO course(University,Course) VALUES ('University of Colorado Boulder','Introduction to American Politics');
INSERT INTO course(University,Course) VALUES ('University of Colorado Boulder','Exploring Culture and Gender Through Film');
INSERT INTO course(University,Course) VALUES ('University of Colorado Boulder','Ancient Astronomies of the World');
INSERT INTO course(University,Course) VALUES ('University of Colorado Boulder','American Indians in Film');
INSERT INTO course(University,Course) VALUES ('University of Colorado Boulder','Group Interaction');
INSERT INTO course(University,Course) VALUES ('University of Colorado Boulder','Environmental Literature');
INSERT INTO course(University,Course) VALUES ('University of Colorado Boulder','Global Geographies: Societies, Places, Connections');
INSERT INTO course(University,Course) VALUES ('University of Colorado Boulder','History of Jazz');
INSERT INTO course(University,Course) VALUES ('University of Colorado Boulder','US Art Across Cultures');
INSERT INTO course(University,Course) VALUES ('University of Colorado Boulder','Environment And Society');
INSERT INTO course(University,Course) VALUES ('University of British Columbia','Foundations in Bioproducts and the Bioeconomy');
INSERT INTO course(University,Course) VALUES ('University of British Columbia','Plants, Carbon, and Environment');
INSERT INTO course(University,Course) VALUES ('University of British Columbia','Introduction to Conservation');
INSERT INTO course(University,Course) VALUES ('University of British Columbia','Principles of Forest Science');
INSERT INTO course(University,Course) VALUES ('University of British Columbia','Introduction to Wood Products and Global Trade');
INSERT INTO course(University,Course) VALUES ('University of British Columbia','Visualizing Climate Change');
INSERT INTO course(University,Course) VALUES ('University of British Columbia','Communications Strategies');
INSERT INTO course(University,Course) VALUES ('University of British Columbia','Conservation Decision-Making and Policy');
INSERT INTO course(University,Course) VALUES ('University of British Columbia','Issues in Genomics and the Environment');
INSERT INTO course(University,Course) VALUES ('University of British Columbia','Recreation and Tourism Planning');
INSERT INTO course(University,Course) VALUES ('University of British Columbia','Greening the City');
INSERT INTO course(University,Course) VALUES ('University of British Columbia','Urban Forests and Well-Being');
INSERT INTO course(University,Course) VALUES ('University of British Columbia','Bioenergy');
INSERT INTO course(University,Course) VALUES ('University of Waterloo','Plants and Civilization');
INSERT INTO course(University,Course) VALUES ('University of Waterloo','Introductory Earth Sciences');
INSERT INTO course(University,Course) VALUES ('University of Waterloo','World Cinema and Visual Culture');
INSERT INTO course(University,Course) VALUES ('University of Waterloo','Introduction to Global Emerging Cities');
INSERT INTO course(University,Course) VALUES ('University of Waterloo','Green Entrepreneurship');
INSERT INTO course(University,Course) VALUES ('University of Waterloo','The Physics of How Things Work');
INSERT INTO course(University,Course) VALUES ('University of Waterloo','Introduction to Microeconomics');
INSERT INTO course(University,Course) VALUES ('University of Waterloo','Introductory Psychology');
INSERT INTO course(University,Course) VALUES ('University of Waterloo','Introduction to Environmental Studies');
INSERT INTO course(University,Course) VALUES ('University of Waterloo','Foundations:  Environment, Resources and Sustainability');
INSERT INTO course(University,Course) VALUES ('Western University','Data Science Concepts');
INSERT INTO course(University,Course) VALUES ('Western University','Sounds, Sights & Bits: Explorations in 20th Century Canadian Popular Culture');
INSERT INTO course(University,Course) VALUES ('Western University','Computer Science Fundamentals 1');
INSERT INTO course(University,Course) VALUES ('Western University','Social Networking: Theory & Practice');
INSERT INTO course(University,Course) VALUES ('Western University','Geography of Canada');
INSERT INTO course(University,Course) VALUES ('Western University','Race, Ethnicity, Nation');
INSERT INTO course(University,Course) VALUES ('Western University','Introduction to Medical Biophysics for Advancing Medicine');
INSERT INTO course(University,Course) VALUES ('Western University','Roman Emperors: The Good, The Bad, and The Ugly');
INSERT INTO course(University,Course) VALUES ('Western University','Economics of Sports');
INSERT INTO course(University,Course) VALUES ('Western University','Climate Change');
INSERT INTO course(University,Course) VALUES ('Western University','Philosophy and AI	Will robots take all our jobs?');
INSERT INTO course(University,Course) VALUES ('Western University','Race and the struggle for Freedom in America');
INSERT INTO course(University,Course) VALUES ('Western University','Gender, Migration & Climate Change');
INSERT INTO course(University,Course) VALUES ('The University of Chicago','The Wealth of Nations');
INSERT INTO course(University,Course) VALUES ('The University of Chicago','Machiavelli''s Political Thought');
INSERT INTO course(University,Course) VALUES ('The University of Chicago','Introduction to Machine Learning');
INSERT INTO course(University,Course) VALUES ('The University of Chicago','Introduction to Data Science');
INSERT INTO course(University,Course) VALUES ('The University of Chicago','Women and Work in Modern East');
INSERT INTO course(University,Course) VALUES ('The University of Chicago','Nuclear Policy');
INSERT INTO course(University,Course) VALUES ('The University of Chicago','American Grand Strategy');
INSERT INTO course(University,Course) VALUES ('The University of Chicago','Postcolonial and Decolonial History');
INSERT INTO course(University,Course) VALUES ('The University of Chicago','Death & Dying');
INSERT INTO course(University,Course) VALUES ('The University of Chicago','Cultural Psychology');
INSERT INTO course(University,Course) VALUES ('The University of Chicago','Building the New Venture');
INSERT INTO course(University,Course) VALUES ('The University of Chicago','Topics in Behavioral Economics');
INSERT INTO course(University,Course) VALUES ('The University of Chicago','Managing in Organizations');
INSERT INTO course(University,Course) VALUES ('The University of Chicago','International Corporate Finance');
INSERT INTO course(University,Course) VALUES ('The University of Chicago','Experimental Economics');
INSERT INTO course(University,Course) VALUES ('The University of Chicago','Insurgency, Terrorism, and Civil War');
INSERT INTO course(University,Course) VALUES ('The University of Chicago','Psychoactive drugs, the Brain and Behavior');
INSERT INTO course(University,Course) VALUES ('The University of Chicago','Introduction to Film Analysis');
INSERT INTO course(University,Course) VALUES ('The University of Chicago','Environmental Justice in Principle and Practice');
INSERT INTO course(University,Course) VALUES ('The University of Chicago','Justice and the Economy');
INSERT INTO course(University,Course) VALUES ('University of Texas at Austin','10-WOMEN AND SOCL MVMNTS IN US');
INSERT INTO course(University,Course) VALUES ('University of Texas at Austin','23-INTL RELS OF E/STHEAST ASIA');
INSERT INTO course(University,Course) VALUES ('University of Texas at Austin','COMPARATIVE US HLTH SYSTEMS');
INSERT INTO course(University,Course) VALUES ('University of Texas at Austin','ETHICS/GENETICS/THE BRAIN');
INSERT INTO course(University,Course) VALUES ('University of Texas at Austin','GLOBAL DISINFORMATION');
INSERT INTO course(University,Course) VALUES ('University of Texas at Austin','INTRO: HISTORY OF ECON THOUGHT');
INSERT INTO course(University,Course) VALUES ('University of Texas at Austin','LANG, CULTURE, COMM OF HIP-HOP');
INSERT INTO course(University,Course) VALUES ('University of Texas at Austin','MAIN CURR AMER CUL SINCE 1865');
INSERT INTO course(University,Course) VALUES ('University of Texas at Austin','RHETORIC: EAST AND WEST');
INSERT INTO course(University,Course) VALUES ('University of Texas at Austin','SPEECH WRITING AND CRITICISM');
INSERT INTO course(University,Course) VALUES ('Cornell University','Human-Centered Design and Engaged Media');
INSERT INTO course(University,Course) VALUES ('Cornell University','Introduction to Language Endangerment and Revitalization');
INSERT INTO course(University,Course) VALUES ('Cornell University','Inventing an Information Society');
INSERT INTO course(University,Course) VALUES ('Cornell University','Language and Technology');
INSERT INTO course(University,Course) VALUES ('Cornell University','Laughter');
INSERT INTO course(University,Course) VALUES ('Cornell University','Making a Difference by Design');
INSERT INTO course(University,Course) VALUES ('Cornell University','Making Sense of World Politics');
INSERT INTO course(University,Course) VALUES ('Cornell University','Mathematical Modeling');
INSERT INTO course(University,Course) VALUES ('Cornell University','Migration: Histories, Controversies, and Perspectives');
INSERT INTO course(University,Course) VALUES ('Cornell University','Money, Work, and Power');
INSERT INTO course(University,Course) VALUES ('Cornell University','Nature-Culture: Ethnographic');
INSERT INTO course(University,Course) VALUES ('Cornell University','Statistical Theory and Application in the Real World');
INSERT INTO course(University,Course) VALUES ('Cornell University','Stress and Coping');
INSERT INTO course(University,Course) VALUES ('Cornell University','The Arts of Southeast Asia');
INSERT INTO course(University,Course) VALUES ('Cornell University','Thinking from a Different Place: Indigenous Philosophies');
INSERT INTO course(University,Course) VALUES ('Cornell University','Cages and Creativity: Arts in Incarceration');
INSERT INTO course(University,Course) VALUES ('Cornell University','Climate Change and Global Development');
INSERT INTO course(University,Course) VALUES ('Cornell University','Controversies About Inequality');
INSERT INTO course(University,Course) VALUES ('Cornell University','Critical Reading and Thinking');
INSERT INTO course(University,Course) VALUES ('Cornell University','Cultural Diversity and Contemporary Issues');
INSERT INTO course(University,Course) VALUES ('Cornell University','Culture and Mental Health: Anthropological Perspectives');
INSERT INTO course(University,Course) VALUES ('Cornell University','Design and Innovation');
INSERT INTO course(University,Course) VALUES ('Cornell University','Digital History of Black Resistance');
INSERT INTO course(University,Course) VALUES ('Cornell University','Dress Cloth and Identity');
INSERT INTO course(University,Course) VALUES ('Cornell University','Ethics in New Media, Technology, and Communication');
INSERT INTO course(University,Course) VALUES ('Cornell University','Finite Mathematics for the Life and Social Sciences');
INSERT INTO course(University,Course) VALUES ('Cornell University','Foreign Policy as Subversion');
INSERT INTO course(University,Course) VALUES ('Cornell University','Free Speech, Censorship, and the Age of Global Media');
INSERT INTO course(University,Course) VALUES ('Cornell University','Global Food, Water and Energy Nexus');
INSERT INTO course(University,Course) VALUES ('Cornell University','Health, Poverty and Inequality: A Global Perspective');
INSERT INTO course(University,Course) VALUES ('University of Michigan','Introduction to American Politics');
INSERT INTO course(University,Course) VALUES ('University of Michigan','American Presidency');
INSERT INTO course(University,Course) VALUES ('University of Michigan','The Comparative Study of Culture');
INSERT INTO course(University,Course) VALUES ('University of Michigan','The Globalization of Biomedicine');
INSERT INTO course(University,Course) VALUES ('University of Michigan','The Anthropology of Food');
INSERT INTO course(University,Course) VALUES ('University of Michigan','Anthropologies of Insurgency: Bandits, Rebels and Freedom Fighters');
INSERT INTO course(University,Course) VALUES ('University of Michigan','Intro to Amer Literature:  American Dream, American Nightmare');
INSERT INTO course(University,Course) VALUES ('University of Michigan','Green Indigeneity');
INSERT INTO course(University,Course) VALUES ('University of Michigan','Asian American Literature and Culture');
INSERT INTO course(University,Course) VALUES ('University of Michigan','Language and Culture');
INSERT INTO course(University,Course) VALUES ('University of Michigan','Peoples and Cultures of Southeast Asia');
INSERT INTO course(University,Course) VALUES ('University of Michigan','Early American Cultural History');
INSERT INTO course(University,Course) VALUES ('University of Michigan','Introduction to Women''s and Gender Studies');
INSERT INTO course(University,Course) VALUES ('University of Michigan','The History of Asian Americans in Michigan');
INSERT INTO course(University,Course) VALUES ('University of Michigan','The Office: Business, Technology and the Shape of Work in the West');
INSERT INTO course(University,Course) VALUES ('University of Michigan','Art of the Story');
INSERT INTO course(University,Course) VALUES ('University of Michigan','Detroit State of Mind: Literary Representations of the Motor City');
INSERT INTO course(University,Course) VALUES ('New York University','Applied Data Analytics');
INSERT INTO course(University,Course) VALUES ('New York University','Critical Thinking');
INSERT INTO course(University,Course) VALUES ('New York University','Current Political Issues');
INSERT INTO course(University,Course) VALUES ('New York University','Digital Storytelling');
INSERT INTO course(University,Course) VALUES ('New York University','International Trade and Investment');
INSERT INTO course(University,Course) VALUES ('New York University','Interrogating Political Globalization');
INSERT INTO course(University,Course) VALUES ('New York University','Multicultural communications');
INSERT INTO course(University,Course) VALUES ('New York University','Psychology of Women');
INSERT INTO course(University,Course) VALUES ('New York University','Sustainable Management Principles');
INSERT INTO course(University,Course) VALUES ('New York University','World Cultures');
INSERT INTO course(University,Course) VALUES ('Georgetown University','ASEAN: Progress, Problems, Promise');
INSERT INTO course(University,Course) VALUES ('Georgetown University','Comparative Political Systems');
INSERT INTO course(University,Course) VALUES ('Georgetown University','Examining Crises Through Science');
INSERT INTO course(University,Course) VALUES ('Georgetown University','Fundamentals of Finance');
INSERT INTO course(University,Course) VALUES ('Georgetown University','Global South: Politics, Literature & Film');
INSERT INTO course(University,Course) VALUES ('Georgetown University','International Economics');
INSERT INTO course(University,Course) VALUES ('Georgetown University','International Relations');
INSERT INTO course(University,Course) VALUES ('Georgetown University','Poverty and Inequality');
INSERT INTO course(University,Course) VALUES ('Georgetown University','Principles of Accounting');
INSERT INTO course(University,Course) VALUES ('Georgetown University','Religion, Ethics, World Affairs');
INSERT INTO course(University,Course) VALUES ('Georgetown University','US Political Systems');
INSERT INTO course(University,Course) VALUES ('University of Toronto','Introduction to Biological Anthropology and Archaeology');
INSERT INTO course(University,Course) VALUES ('University of Toronto','Introduction to Sociocultural and Linguistic Anthropology');
INSERT INTO course(University,Course) VALUES ('University of Toronto','Culture and Communication');
INSERT INTO course(University,Course) VALUES ('University of Toronto','Linear Algebra I');
INSERT INTO course(University,Course) VALUES ('University of Toronto','Geographic Information Processing');
INSERT INTO course(University,Course) VALUES ('University of Toronto','Disease and Death');
INSERT INTO course(University,Course) VALUES ('University of Toronto','An Introduction to Cinema Studies');
INSERT INTO course(University,Course) VALUES ('University of Toronto','The Science of Human Health');
INSERT INTO course(University,Course) VALUES ('University of Toronto','Planet Earth');
INSERT INTO course(University,Course) VALUES ('University of Toronto','Earth, Climate & Life');
INSERT INTO course(University,Course) VALUES ('University of Toronto','Ecology');
INSERT INTO course(University,Course) VALUES ('University of Toronto','The Practice of Statistics I');
INSERT INTO course(University,Course) VALUES ('University of Toronto','Probability and Statistics I');
INSERT INTO course(University,Course) VALUES ('University of Toronto','The Logic of Social Inquiry');
INSERT INTO course(University,Course) VALUES ('University of Toronto','Globalization');
INSERT INTO course(University,Course) VALUES ('University of Toronto','Principles of Microeconomics');
INSERT INTO course(University,Course) VALUES ('University of Toronto','Principles of Macroeconomics');
INSERT INTO course(University,Course) VALUES ('University of Toronto','Introduction to Management Functions');
INSERT INTO course(University,Course) VALUES ('University of Toronto','Management in a Changing Environment');
INSERT INTO course(University,Course) VALUES ('University of Toronto','Modern Symbolic Logic');
INSERT INTO course(University,Course) VALUES ('University of Toronto','Introduction to Criminology, Law & Society');
INSERT INTO course(University,Course) VALUES ('University of Toronto','Sensation and Perception: Where the World Meets the Brain');
INSERT INTO course(University,Course) VALUES ('University of Toronto','•Introduction to Social Psychology');
INSERT INTO course(University,Course) VALUES ('University of Toronto','Introduction to Developmental Psychology');
INSERT INTO course(University,Course) VALUES ('University of Toronto','Introduction to Abnormal Psychology');
INSERT INTO course(University,Course) VALUES ('University of Toronto','Introduction to Personality Science');
INSERT INTO course(University,Course) VALUES ('University of Toronto','Introduction to Anthropology: Society, Culture and Language');
INSERT INTO course(University,Course) VALUES ('University of Toronto','Introduction to Anthropology: Becoming Human');
INSERT INTO course(University,Course) VALUES ('University of Toronto','Linear Algebra I');
INSERT INTO course(University,Course) VALUES ('University of Toronto','Introduction to International Development Studies');
INSERT INTO course(University,Course) VALUES ('University of Toronto','Confronting Development’s Racist Past and Present');
INSERT INTO course(University,Course) VALUES ('University of Toronto','Geographic Information Systems (GIS) and Empirical Reasoning');
INSERT INTO course(University,Course) VALUES ('University of Toronto','Geographies of Disease');
INSERT INTO course(University,Course) VALUES ('University of Toronto','The Ancient World in Film');
INSERT INTO course(University,Course) VALUES ('University of Toronto','How to Read a Film');
INSERT INTO course(University,Course) VALUES ('University of Toronto','Human Health and the Environment');
INSERT INTO course(University,Course) VALUES ('University of Toronto','Introduction to Planet Earth');
INSERT INTO course(University,Course) VALUES ('University of Toronto','Life on Earth: Unifying Principles');
INSERT INTO course(University,Course) VALUES ('University of Toronto','Life on Earth: Form, Function and Interactions');
INSERT INTO course(University,Course) VALUES ('University of Toronto','Human Development and Anatomy');
INSERT INTO course(University,Course) VALUES ('University of Toronto','Ecology');
INSERT INTO course(University,Course) VALUES ('University of Toronto','Statistics I');
INSERT INTO course(University,Course) VALUES ('University of Toronto','An Introduction to Probability');
INSERT INTO course(University,Course) VALUES ('University of Toronto','Logic of Social Inquiry');
INSERT INTO course(University,Course) VALUES ('University of Toronto','Introduction to Microeconomics: A Mathematical Approach');
INSERT INTO course(University,Course) VALUES ('University of Toronto','Introduction to Macroeconomics: A Mathematical Approach');
INSERT INTO course(University,Course) VALUES ('University of Toronto','Introduction to Business');
INSERT INTO course(University,Course) VALUES ('University of Toronto','Managing the Business Organization');
INSERT INTO course(University,Course) VALUES ('University of Toronto','Business Ethics');
INSERT INTO course(University,Course) VALUES ('University of Toronto','Symbolic Logic I');
INSERT INTO course(University,Course) VALUES ('University of Toronto','Law, Justice and Rights');
INSERT INTO course(University,Course) VALUES ('University of Toronto','Introduction to Biological and Cognitive Psychology');
INSERT INTO course(University,Course) VALUES ('University of Toronto','Introduction to Clinical, Developmental, Personality and Social Psychology');
INSERT INTO course(University,Course) VALUES ('Osaka University','Japanese Literature, Modern and Contemporary');
INSERT INTO course(University,Course) VALUES ('Osaka University','IISMA Special Research B');
INSERT INTO course(University,Course) VALUES ('Osaka University','Introduction to Cross-cultural Understanding');
INSERT INTO course(University,Course) VALUES ('Osaka University','History and Society');
INSERT INTO course(University,Course) VALUES ('Osaka University','Japan: Society and Big Data');
INSERT INTO course(University,Course) VALUES ('Osaka University','Media and Communications in Japan');
INSERT INTO course(University,Course) VALUES ('Osaka University','Private Law in Japan');
INSERT INTO course(University,Course) VALUES ('Osaka University','Introduction to Common Law');
INSERT INTO course(University,Course) VALUES ('Osaka University','Law and Society in the Middle East');
INSERT INTO course(University,Course) VALUES ('Osaka University','Current Topics in Modern Physics');
INSERT INTO course(University,Course) VALUES ('Osaka University','Invitation to Electronics');
INSERT INTO course(University,Course) VALUES ('Singapore Management University','International Business');
INSERT INTO course(University,Course) VALUES ('Singapore Management University','Design Thinking and Innovation');
INSERT INTO course(University,Course) VALUES ('Singapore Management University','Computing Technology for Finance');
INSERT INTO course(University,Course) VALUES ('Singapore Management University','Investor Relations');
INSERT INTO course(University,Course) VALUES ('Singapore Management University','Computational Thinking');
INSERT INTO course(University,Course) VALUES ('Singapore Management University','Management Accounting');
INSERT INTO course(University,Course) VALUES ('Singapore Management University','Financial Accounting');
INSERT INTO course(University,Course) VALUES ('Singapore Management University','Big Questions: Happiness & Suffering');
INSERT INTO course(University,Course) VALUES ('Singapore Management University','Accounting for Entrepreneurs');
INSERT INTO course(University,Course) VALUES ('Singapore Management University','The Arts and the Production of Culture in Everyday Life');
INSERT INTO course(University,Course) VALUES ('Singapore Management University','Sustainability Reasoning and Analysis');
INSERT INTO course(University,Course) VALUES ('Singapore Management University','Managing in a VUCA Context');
INSERT INTO course(University,Course) VALUES ('Singapore Management University','Economics of Globalisation');
INSERT INTO course(University,Course) VALUES ('Singapore Management University','Economic Development in Asia');
INSERT INTO course(University,Course) VALUES ('Singapore Management University','Democracy');
INSERT INTO course(University,Course) VALUES ('Singapore Management University','Art History: Modern, Postmodern and Contemporary');
INSERT INTO course(University,Course) VALUES ('Singapore Management University','Imagining the Self: Literature, Ethnicity and Gender in Asia');
INSERT INTO course(University,Course) VALUES ('Singapore Management University','AI and Humanity');
INSERT INTO course(University,Course) VALUES ('Singapore Management University','Sustainability Reporting');
INSERT INTO course(University,Course) VALUES ('Singapore Management University','Sustainability and Society');
INSERT INTO course(University,Course) VALUES ('Singapore Management University','Economics and Society');
INSERT INTO course(University,Course) VALUES ('Hanyang University (Seoul Campus)','Asian Business and Marketing');
INSERT INTO course(University,Course) VALUES ('Hanyang University (Seoul Campus)','Marketing Management');
INSERT INTO course(University,Course) VALUES ('Hanyang University (Seoul Campus)','Contemporary Korean Studies');
INSERT INTO course(University,Course) VALUES ('Hanyang University (Seoul Campus)','Consumer Behavior and Content Creation');
INSERT INTO course(University,Course) VALUES ('Hanyang University (Seoul Campus)','International Business');
INSERT INTO course(University,Course) VALUES ('Hanyang University (Seoul Campus)','Artificial Intelligence and Application');
INSERT INTO course(University,Course) VALUES ('Hanyang University (Seoul Campus)','Behavioral Economics for Business Strategies');
INSERT INTO course(University,Course) VALUES ('Hanyang University (Seoul Campus)','Business Research & Analytics');
INSERT INTO course(University,Course) VALUES ('Hanyang University (Seoul Campus)','Digital Marketing');
INSERT INTO course(University,Course) VALUES ('Hanyang University (Seoul Campus)','Documentary Film History');
INSERT INTO course(University,Course) VALUES ('Hanyang University (Seoul Campus)','Advertising & Promotion');
INSERT INTO course(University,Course) VALUES ('Hanyang University (Seoul Campus)','Culture of Korea and Korean Wave');
INSERT INTO course(University,Course) VALUES ('Hanyang University (Seoul Campus)','C++ Programming');
INSERT INTO course(University,Course) VALUES ('Hanyang University (Seoul Campus)','International Marketing');
INSERT INTO course(University,Course) VALUES ('Hanyang University (Seoul Campus)','Introduction to Business Analytics');
INSERT INTO course(University,Course) VALUES ('Hanyang University (Seoul Campus)','Korean Cinema and Modernization');
INSERT INTO course(University,Course) VALUES ('Hanyang University (Seoul Campus)','Strategic Marketing & Case Studies');
INSERT INTO course(University,Course) VALUES ('Hanyang University (Seoul Campus)','The Korean Economy');
INSERT INTO course(University,Course) VALUES ('National Taiwan University of Science and Technology (Taiwan Tech)','Mandarin Chinese Practical (Level 1)');
INSERT INTO course(University,Course) VALUES ('National Taiwan University of Science and Technology (Taiwan Tech)','Mandarin Chinese Practical (Level 2)');
INSERT INTO course(University,Course) VALUES ('National Taiwan University of Science and Technology (Taiwan Tech)','Mandarin Chinese Practical (Level 3)');
INSERT INTO course(University,Course) VALUES ('National Taiwan University of Science and Technology (Taiwan Tech)','Mandarin Chinese Practical (Level 4)');
INSERT INTO course(University,Course) VALUES ('National Taiwan University of Science and Technology (Taiwan Tech)','Discussion on International Affairs in English');
INSERT INTO course(University,Course) VALUES ('National Taiwan University of Science and Technology (Taiwan Tech)','Statistics');
INSERT INTO course(University,Course) VALUES ('National Taiwan University of Science and Technology (Taiwan Tech)','Brand Management');
INSERT INTO course(University,Course) VALUES ('National Taiwan University of Science and Technology (Taiwan Tech)','Introduction to Engineering and Engineering Ethics');
INSERT INTO course(University,Course) VALUES ('National Taiwan University of Science and Technology (Taiwan Tech)','Project Management');
INSERT INTO course(University,Course) VALUES ('National Taiwan University of Science and Technology (Taiwan Tech)','Intercultural Communication');
INSERT INTO course(University,Course) VALUES ('National Taiwan University of Science and Technology (Taiwan Tech)','English in Sports');
INSERT INTO course(University,Course) VALUES ('National Taiwan University of Science and Technology (Taiwan Tech)','Strategic Storytelling in Management Communication');
INSERT INTO course(University,Course) VALUES ('National Taiwan University of Science and Technology (Taiwan Tech)','English Fiction and Film');
INSERT INTO course(University,Course) VALUES ('National Taiwan University of Science and Technology (Taiwan Tech)','World Englishes and Cultures');
INSERT INTO course(University,Course) VALUES ('National Taiwan University of Science and Technology (Taiwan Tech)','Interdisciplinary Creative Thinking and Practice');
INSERT INTO course(University,Course) VALUES ('National Taiwan University of Science and Technology (Taiwan Tech)','Basic Oral Chinese');
INSERT INTO course(University,Course) VALUES ('Korea University','Environmental Sociology');
INSERT INTO course(University,Course) VALUES ('Korea University','Pattern Recognition');
INSERT INTO course(University,Course) VALUES ('Korea University','Data Learning and Intelligence');
INSERT INTO course(University,Course) VALUES ('Korea University','Human Rights in a Globalized World');
INSERT INTO course(University,Course) VALUES ('Korea University','New Product Development and Marketing');
INSERT INTO course(University,Course) VALUES ('Korea University','Behavioral Neuroscience of Emotion');
INSERT INTO course(University,Course) VALUES ('Korea University','Social Network Analysis');
INSERT INTO course(University,Course) VALUES ('Korea University','Cereal Science');
INSERT INTO course(University,Course) VALUES ('Korea University','Media and Popular Culture in Korea');
INSERT INTO course(University,Course) VALUES ('Korea University','International Trade');
INSERT INTO course(University,Course) VALUES ('Universiti Malaya','Health, Wellness and Fitness');
INSERT INTO course(University,Course) VALUES ('Universiti Malaya','Martial Arts In Dance');
INSERT INTO course(University,Course) VALUES ('Universiti Malaya','Islamic Economic System in Malaysia');
INSERT INTO course(University,Course) VALUES ('Universiti Malaya','Project Management and Analysis');
INSERT INTO course(University,Course) VALUES ('Universiti Malaya','Development Economics');
INSERT INTO course(University,Course) VALUES ('Universiti Malaya','E-Commerce');
INSERT INTO course(University,Course) VALUES ('Universiti Malaya','Welfare System');
INSERT INTO course(University,Course) VALUES ('Universiti Malaya','Ethnicity, Identity, and Political Minorities in Southeast Asia');
INSERT INTO course(University,Course) VALUES ('Universiti Malaya','Politics and Government in Southeast Asia');
INSERT INTO course(University,Course) VALUES ('Universiti Malaya','Foreign Policy Analysis');
INSERT INTO course(University,Course) VALUES ('Universiti Malaya','Malay Folk Dance I');
INSERT INTO course(University,Course) VALUES ('Universiti Malaya','Organizational Behavior');
INSERT INTO course(University,Course) VALUES ('Universiti Malaya','Business Application Development');
INSERT INTO course(University,Course) VALUES ('Universiti Malaya','Gender, Society And Culture');
INSERT INTO course(University,Course) VALUES ('Universiti Malaya','Traditional Heritage of Southeast Asia');
INSERT INTO course(University,Course) VALUES ('Universiti Malaya','Performing Arts of Southeast Asia');
INSERT INTO course(University,Course) VALUES ('Universiti Malaya','Human Rights and International Politics');
INSERT INTO course(University,Course) VALUES ('Universiti Malaya','Sustainable Development');
INSERT INTO course(University,Course) VALUES ('Universiti Malaya','Communication Management');
INSERT INTO course(University,Course) VALUES ('Universiti Malaya','Community Development');
INSERT INTO course(University,Course) VALUES ('Universiti Kebangsaan Malaysia','International Economics');
INSERT INTO course(University,Course) VALUES ('Universiti Kebangsaan Malaysia','Oral Communication');
INSERT INTO course(University,Course) VALUES ('Universiti Kebangsaan Malaysia','Personality');
INSERT INTO course(University,Course) VALUES ('Universiti Kebangsaan Malaysia','Gaining Confidence Through Storytelling');
INSERT INTO course(University,Course) VALUES ('Universiti Kebangsaan Malaysia','Volunteerism and Social Service');
INSERT INTO course(University,Course) VALUES ('Universiti Kebangsaan Malaysia','Leadership and Interpersonal Skills');
INSERT INTO course(University,Course) VALUES ('Universiti Kebangsaan Malaysia','Entrepreneurship and Leadership');
INSERT INTO course(University,Course) VALUES ('Universiti Kebangsaan Malaysia','Tourism Law');
INSERT INTO course(University,Course) VALUES ('Universiti Kebangsaan Malaysia','Cyber Law');
INSERT INTO course(University,Course) VALUES ('Universiti Kebangsaan Malaysia','Social And Political Analysis In Development');
INSERT INTO course(University,Course) VALUES ('Universiti Kebangsaan Malaysia','Social Media in Language Learning');
INSERT INTO course(University,Course) VALUES ('Universiti Kebangsaan Malaysia','Social Psychology');
INSERT INTO course(University,Course) VALUES ('Universiti Kebangsaan Malaysia','Developmental Psychology');
INSERT INTO course(University,Course) VALUES ('Universiti Sains Malaysia','International Business');
INSERT INTO course(University,Course) VALUES ('Universiti Sains Malaysia','Business Communication');
INSERT INTO course(University,Course) VALUES ('Universiti Sains Malaysia','Economy, Entrepreneurship And Culture');
INSERT INTO course(University,Course) VALUES ('Universiti Sains Malaysia','Fundamentals of Acting');
INSERT INTO course(University,Course) VALUES ('Universiti Sains Malaysia','Sustainability: Issues, Challenges and Prospects');
INSERT INTO course(University,Course) VALUES ('Universiti Sains Malaysia','Microeconomics');
INSERT INTO course(University,Course) VALUES ('Universiti Sains Malaysia','Introduction to Management');
INSERT INTO course(University,Course) VALUES ('Universiti Sains Malaysia','Principles of Finance');
INSERT INTO course(University,Course) VALUES ('Universiti Sains Malaysia','Internationalization of New Venture');
INSERT INTO course(University,Course) VALUES ('Universiti Sains Malaysia','Theory and Practice of Visual Communication');
INSERT INTO course(University,Course) VALUES ('Universiti Sains Malaysia','Malay Language 1');
INSERT INTO course(University,Course) VALUES ('Universiti Sains Malaysia','Malaysian Studies');
INSERT INTO course(University,Course) VALUES ('Universiti Sains Malaysia','Environmental Science I');
INSERT INTO course(University,Course) VALUES ('Universiti Sains Malaysia','Society, Space and Environment');
INSERT INTO course(University,Course) VALUES ('Universiti Sains Malaysia','Effective Oral Presentation');
INSERT INTO course(University,Course) VALUES ('Universiti Sains Malaysia','Introduction to Philosophy');
INSERT INTO course(University,Course) VALUES ('Universiti Sains Malaysia','Introduction to Islamic Studies');
INSERT INTO course(University,Course) VALUES ('Universiti Sains Malaysia','The Islamic Creed : Concept and Realisation');
INSERT INTO course(University,Course) VALUES ('Universiti Sains Malaysia','Sources and Principles of Islamic Laws');
INSERT INTO course(University,Course) VALUES ('Universiti Sains Malaysia','Akhlaq and Islamic Spiritual');
INSERT INTO course(University,Course) VALUES ('Nanyang Technological University','FOUNDATION OF INFORMATION ANALYTICS');
INSERT INTO course(University,Course) VALUES ('Nanyang Technological University','ENVIRONMENTAL SUSTAINABILITY');
INSERT INTO course(University,Course) VALUES ('Nanyang Technological University','SINGAPORE SOCIETY IN TRANSITION');
INSERT INTO course(University,Course) VALUES ('Nanyang Technological University','INTRODUCTION TO INTERNATIONAL RELATIONS & FOREIGN POLICY');
INSERT INTO course(University,Course) VALUES ('Nanyang Technological University','VENTURING INTO ENTREPRENEURSHIP');
INSERT INTO course(University,Course) VALUES ('Nanyang Technological University','BUSINESS FINANCE');
INSERT INTO course(University,Course) VALUES ('Nanyang Technological University','CULTURAL INTELLIGENCE: HOW TO BE AN EXPLORER OF THE WORLD');
INSERT INTO course(University,Course) VALUES ('Nanyang Technological University','INTERNATIONAL BUSINESS ENVIRONMENT');
INSERT INTO course(University,Course) VALUES ('Nanyang Technological University','E-STARTUPS & SOCIAL MEDIA STRATEGIES');
INSERT INTO course(University,Course) VALUES ('Nanyang Technological University','COLLECTIVE PROBLEM SOLVING');
INSERT INTO course(University,Course) VALUES ('Nanyang Technological University','INTRODUCTION TO COMPUTATIONAL THINKING & PROGRAMMING');
INSERT INTO course(University,Course) VALUES ('Nanyang Technological University','ARTIFICIAL INTELLIGENCE AND DATA MINING');
INSERT INTO course(University,Course) VALUES ('Nanyang Technological University','MANAGEMENT DECISION TOOLS');
INSERT INTO course(University,Course) VALUES ('Nanyang Technological University','NEGOTIATE TO GET WHAT YOU WANT: STRATEGY & PRACTICE');
INSERT INTO course(University,Course) VALUES ('Nanyang Technological University','FUNDAMENTALS OF MANAGEMENT');
INSERT INTO course(University,Course) VALUES ('Nanyang Technological University','NEW MEDIA & SOCIETY');
INSERT INTO course(University,Course) VALUES ('Nanyang Technological University','INTRODUCTION TO DESIGN');
INSERT INTO course(University,Course) VALUES ('Nanyang Technological University','DESIGN THINKING');
INSERT INTO course(University,Course) VALUES ('Nanyang Technological University','MARKETING FOR THE 21ST CENTURY');
INSERT INTO course(University,Course) VALUES ('Nanyang Technological University','DECISION MAKING WITH PROGRAMMING & ANALYTICS');
INSERT INTO course(University,Course) VALUES ('Keio University','Japan in World History');
INSERT INTO course(University,Course) VALUES ('Keio University','Choices and Freedom');
INSERT INTO course(University,Course) VALUES ('Keio University','Governance and Institutions (Local Government)');
INSERT INTO course(University,Course) VALUES ('Keio University','Information Law');
INSERT INTO course(University,Course) VALUES ('Keio University','International Development');
INSERT INTO course(University,Course) VALUES ('Keio University','Asia Workshop');
INSERT INTO course(University,Course) VALUES ('Keio University','Region and Society (Asia-Pacific)');
INSERT INTO course(University,Course) VALUES ('Keio University','Region and Culture (Asia-Pacific)');
INSERT INTO course(University,Course) VALUES ('Keio University','National Security Policy');
INSERT INTO course(University,Course) VALUES ('Keio University','Multinational Management');
INSERT INTO course(University,Course) VALUES ('Keio University','Work and Gender');
INSERT INTO course(University,Course) VALUES ('Keio University','Introduction to Second Language Learning and Teaching');
INSERT INTO course(University,Course) VALUES ('Keio University','Foundations of Novel Fabrication');
INSERT INTO course(University,Course) VALUES ('Keio University','Network Architecture');
INSERT INTO course(University,Course) VALUES ('Keio University','Environment Risk Science');
INSERT INTO course(University,Course) VALUES ('Keio University','Quantum Information Processing');
INSERT INTO course(University,Course) VALUES ('Keio University','Music and the Brain');
INSERT INTO course(University,Course) VALUES ('Keio University','Affective and Behavioral Computing');
INSERT INTO course(University,Course) VALUES ('Keio University','Emergence of Data Driven Society and Strategy');
INSERT INTO course(University,Course) VALUES ('Keio University','Pattern Language');
INSERT INTO course(University,Course) VALUES ('Keio University','Introduction to Fluid Mechanics');
INSERT INTO course(University,Course) VALUES ('Keio University','Mechanical Engineering Practice 3');
INSERT INTO course(University,Course) VALUES ('Keio University','Mechanical Engineering Practice 4');
INSERT INTO course(University,Course) VALUES ('Keio University','Design Project in Mechanical Engineering');
INSERT INTO course(University,Course) VALUES ('Keio University','Stability Theory in Dynamics Systems');
INSERT INTO course(University,Course) VALUES ('Keio University','Mechanical Engineering Project');
INSERT INTO course(University,Course) VALUES ('Keio University','Molecular Dynamics');
INSERT INTO course(University,Course) VALUES ('Keio University','48336 - LIBERAL ARTS AND SCIENCES SEMINAR(GIC)2');
INSERT INTO course(University,Course) VALUES ('Keio University','45827 - LIBERAL ARTS AND SCIENCES SEMINAR(GIC)2');
INSERT INTO course(University,Course) VALUES ('Keio University','44367 - LIBERAL ARTS AND SCIENCES SEMINAR(GIC)2');
INSERT INTO course(University,Course) VALUES ('Keio University','40945 - ACADEMIC LITERACY');
INSERT INTO course(University,Course) VALUES ('Keio University','40946 - ACADEMIC LITERACY');
INSERT INTO course(University,Course) VALUES ('National Taiwan University','Developments of Information and Communication Technologies');
INSERT INTO course(University,Course) VALUES ('National Taiwan University','Trends in Plant Science');
INSERT INTO course(University,Course) VALUES ('National Taiwan University','Computer Programming in Python');
INSERT INTO course(University,Course) VALUES ('National Taiwan University','Modern English Poetry');
INSERT INTO course(University,Course) VALUES ('National Taiwan University','Edible Insects');
INSERT INTO course(University,Course) VALUES ('National Taiwan University','History of Ancient Greek Literature');
INSERT INTO course(University,Course) VALUES ('National Taiwan University','Exploring Taiwan: Natural Resources Conservation and Management');
INSERT INTO course(University,Course) VALUES ('National Taiwan University','Biology in the movies');
INSERT INTO course(University,Course) VALUES ('National Taiwan University','General Biology (b)(1)');
INSERT INTO course(University,Course) VALUES ('National Taiwan University','Global Competence with Internationalization at Home');
INSERT INTO course(University,Course) VALUES ('National Taiwan University','Archiving Nature: Introduction to the Natural History Museums');
INSERT INTO course(University,Course) VALUES ('National Taiwan University','Introduction to Nutrition and Food');
INSERT INTO course(University,Course) VALUES ('National Taiwan University','International Companions for Learning');
INSERT INTO course(University,Course) VALUES ('National Taiwan University','Ancient Greek and Introduction to the Sciences of the Antiquity');
INSERT INTO course(University,Course) VALUES ('National Taiwan University','Exploring Taiwan: natural environment and resources');
INSERT INTO course(University,Course) VALUES ('National Taiwan University','Using ChatGPT to Do Philosophy');
INSERT INTO course(University,Course) VALUES ('Chulalongkorn University','Human Anatomy and Physiology');
INSERT INTO course(University,Course) VALUES ('Chulalongkorn University','Food and Drug Technology for Wellbeing');
INSERT INTO course(University,Course) VALUES ('Chulalongkorn University','Smart City and Urban Development');
INSERT INTO course(University,Course) VALUES ('Chulalongkorn University','Technology, Globalization, & Sustainable Development');
INSERT INTO course(University,Course) VALUES ('Chulalongkorn University','Socioeconomic Transformation for Sustainability');
INSERT INTO course(University,Course) VALUES ('Chulalongkorn University','IoT/Embedded Systems');
INSERT INTO course(University,Course) VALUES ('Chulalongkorn University','Big Data Analytics');
INSERT INTO course(University,Course) VALUES ('Chulalongkorn University','Digital Trust, Privacy & Security (Blockchain)');
INSERT INTO course(University,Course) VALUES ('Chulalongkorn University','Intellectual Property and Data Security Management');
INSERT INTO course(University,Course) VALUES ('Chulalongkorn University','Stakeholder Engagement for Innovators');
INSERT INTO course(University,Course) VALUES ('Middle East Technical University','State And Society In Turkey');
INSERT INTO course(University,Course) VALUES ('Middle East Technical University','History Of Economic Thought');
INSERT INTO course(University,Course) VALUES ('Middle East Technical University','Business Communication I');
INSERT INTO course(University,Course) VALUES ('Middle East Technical University','Cross Cultural Studies In Organizations');
INSERT INTO course(University,Course) VALUES ('Middle East Technical University','Exploring Environmental History');
INSERT INTO course(University,Course) VALUES ('Middle East Technical University','Introduction To Politics I');
INSERT INTO course(University,Course) VALUES ('Middle East Technical University','Locating Europe In A Globalised World');
INSERT INTO course(University,Course) VALUES ('Middle East Technical University','Society And Culture');
INSERT INTO course(University,Course) VALUES ('Middle East Technical University','The New Economy Of Industry 4.0');
INSERT INTO course(University,Course) VALUES ('Middle East Technical University','Marketing And Culture');
INSERT INTO course(University,Course) VALUES ('Middle East Technical University','Business Communication  II');
INSERT INTO course(University,Course) VALUES ('Sophia University','INTRODUCTION TO ART HISTORY / VISUAL CULTURE 2');
INSERT INTO course(University,Course) VALUES ('Sophia University','CONTEMPORARY JAPANESE LITERATURE');
INSERT INTO course(University,Course) VALUES ('Sophia University','JAPANESE RELIGIONS');
INSERT INTO course(University,Course) VALUES ('Sophia University','INTRODUCTION TO ACCOUNTING');
INSERT INTO course(University,Course) VALUES ('Sophia University','ECONOMIC ANALYSIS OF LABOR MARKETS');
INSERT INTO course(University,Course) VALUES ('Sophia University','DEVELOPMENT ECONOMICS');
INSERT INTO course(University,Course) VALUES ('Sophia University','NATURE AND CULTURE');
INSERT INTO course(University,Course) VALUES ('Sophia University','DEVELOPMENT OF JAPANESE CIVILIZATION 1');
INSERT INTO course(University,Course) VALUES ('Sophia University','INTRODUCTION TO SOCIOLOGY');
INSERT INTO course(University,Course) VALUES ('Sophia University','ENVIRONMENTAL POLITICS OF AGRICULTURE');
INSERT INTO course(University,Course) VALUES ('Sophia University','INTRODUCTION OF SCIENCE AND TECHNOLOGY');
INSERT INTO course(University,Course) VALUES ('Sophia University','MATERIALS AND LIFE SCIENCES (CHEMISTRY）');
INSERT INTO course(University,Course) VALUES ('Sophia University','MATERIALS AND LIFE SCIENCES (BIOLOGY)');
INSERT INTO course(University,Course) VALUES ('Sophia University','CELL BIOLOGY');
INSERT INTO course(University,Course) VALUES ('Sophia University','MATERIALS AND LIFE SCIENCES (PHYSICS)');
INSERT INTO course(University,Course) VALUES ('Sophia University','ENGINEERING AND APPLIED SCIENCES 1');
INSERT INTO course(University,Course) VALUES ('Sophia University','INTRODUCTION TO QUANTUM MECHANICS');
INSERT INTO course(University,Course) VALUES ('Sophia University','PHYSICAL CHEMISTRY');
INSERT INTO course(University,Course) VALUES ('Sophia University','BASIC DIFFERENTIAL EQUATIONS');
INSERT INTO course(University,Course) VALUES ('Sophia University','BASIC INFORMATICS');
INSERT INTO course(University,Course) VALUES ('Taipei Medical University','International circumstance analysis');
INSERT INTO course(University,Course) VALUES ('Taipei Medical University','International etiquette & cross-cultural communication');
INSERT INTO course(University,Course) VALUES ('Taipei Medical University','Film appreciation & making');
INSERT INTO course(University,Course) VALUES ('Taipei Medical University','Oral tissue engineering');
INSERT INTO course(University,Course) VALUES ('Taipei Medical University','*The last humans & earth: identifying crisis in sustainability');
INSERT INTO course(University,Course) VALUES ('Taipei Medical University','*International health research');
INSERT INTO course(University,Course) VALUES ('Taipei Medical University','Python programming in medical data analysis');
INSERT INTO course(University,Course) VALUES ('Taipei Medical University','Neural networks & applications on bioinformatics');
INSERT INTO course(University,Course) VALUES ('Taipei Medical University','*Global environmental changes & health');
INSERT INTO course(University,Course) VALUES ('Taipei Medical University','*Field study in health security');
INSERT INTO course(University,Course) VALUES ('Taipei Medical University','Application of mass spectrometry analysis in clinical studies');
INSERT INTO course(University,Course) VALUES ('Taipei Medical University','Oral health & beyond: exploring medical advances');
INSERT INTO course(University,Course) VALUES ('Taipei Medical University','Advanced computer programming');
INSERT INTO course(University,Course) VALUES ('Taipei Medical University','Advanced paper writing');
INSERT INTO course(University,Course) VALUES ('National University of Singapore','Material and Energy Balances');
INSERT INTO course(University,Course) VALUES ('National University of Singapore','Reaction Engineering');
INSERT INTO course(University,Course) VALUES ('National University of Singapore','Manufacturing Processes');
INSERT INTO course(University,Course) VALUES ('National University of Singapore','Introduction to Japan');
INSERT INTO course(University,Course) VALUES ('National University of Singapore','Ethnicity and Nation-Building: Singapore and Malaysia');
INSERT INTO course(University,Course) VALUES ('National University of Singapore','Islam and Contemporary Malay Society');
INSERT INTO course(University,Course) VALUES ('National University of Singapore','Understanding the Contemporary Malay World');
INSERT INTO course(University,Course) VALUES ('National University of Singapore','Introduction to Politics');
INSERT INTO course(University,Course) VALUES ('National University of Singapore','Social Work: A Heart-Head-Hand Connection');
INSERT INTO course(University,Course) VALUES ('National University of Singapore','Darwin and Evolution');
INSERT INTO course(University,Course) VALUES ('National University of Singapore','Introductory Mathematics');
INSERT INTO course(University,Course) VALUES ('National University of Singapore','Public Health in Action');
INSERT INTO course(University,Course) VALUES ('National University of Singapore','Introduction to Global Health');
INSERT INTO course(University,Course) VALUES ('National University of Singapore','Digital Ethics and Data Privacy');
INSERT INTO course(University,Course) VALUES ('National University of Singapore','Principles of Structural Mechanics and Materials');
INSERT INTO course(University,Course) VALUES ('National University of Singapore','Computational for Design');
INSERT INTO course(University,Course) VALUES ('National University of Singapore','Electronic Properties of Materials');
INSERT INTO course(University,Course) VALUES ('National University of Singapore','Pirates, Oceans and the Maritime World');
INSERT INTO course(University,Course) VALUES ('National University of Singapore','Singapore and Japan: Historical and Contemporary Relationships');
INSERT INTO course(University,Course) VALUES ('National University of Singapore','Being Malays in Singapore');
INSERT INTO course(University,Course) VALUES ('National Cheng Kung University (NCKU)','Seismic Design of Steel Structures');
INSERT INTO course(University,Course) VALUES ('National Cheng Kung University (NCKU)','Strengthening and Retrofitting of Concrete Structures');
INSERT INTO course(University,Course) VALUES ('National Cheng Kung University (NCKU)','Behavior and Design of Reinforced Concrete');
INSERT INTO course(University,Course) VALUES ('National Cheng Kung University (NCKU)','Finite Element Method');
INSERT INTO course(University,Course) VALUES ('National Cheng Kung University (NCKU)','Sustainability Indicators');
INSERT INTO course(University,Course) VALUES ('National Cheng Kung University (NCKU)','Engineering Carbon Footprint and Sustainable Design');
INSERT INTO course(University,Course) VALUES ('National Cheng Kung University (NCKU)','Academic Reading of Advanced Dutch Research Materials: The Dutch Global expansion since the 17th Century');
INSERT INTO course(University,Course) VALUES ('National Cheng Kung University (NCKU)','Genomics and Bioinformatics Data Analysis (1)');
INSERT INTO course(University,Course) VALUES ('National Cheng Kung University (NCKU)','Business Management in Bioindustry');
INSERT INTO course(University,Course) VALUES ('National Cheng Kung University (NCKU)','Fabrications and Applications of BioMEMs');
INSERT INTO course(University,Course) VALUES ('National Cheng Kung University (NCKU)','World War II and the Era of Independent Southeast Asian Countries.');
INSERT INTO course(University,Course) VALUES ('National Cheng Kung University (NCKU)','Experiments in Physiology');
INSERT INTO course(University,Course) VALUES ('National Cheng Kung University (NCKU)','Fundamental of Materials Science');
INSERT INTO course(University,Course) VALUES ('National Cheng Kung University (NCKU)','Biostatistics');
INSERT INTO course(University,Course) VALUES ('National Cheng Kung University (NCKU)','Embedded System');
INSERT INTO course(University,Course) VALUES ('National Cheng Kung University (NCKU)','Introduction of Biotechnology');
INSERT INTO course(University,Course) VALUES ('National Cheng Kung University (NCKU)','Biochemistry 2');
INSERT INTO course(University,Course) VALUES ('National Cheng Kung University (NCKU)','Cell Biology');
INSERT INTO course(University,Course) VALUES ('National Cheng Kung University (NCKU)','Papers Seminar');
INSERT INTO course(University,Course) VALUES ('National Cheng Kung University (NCKU)','Proteins and Purification and Analysis');
INSERT INTO course(University,Course) VALUES ('National Taiwan Normal University','Classical Music');
INSERT INTO course(University,Course) VALUES ('National Taiwan Normal University','Music Appreciation');
INSERT INTO course(University,Course) VALUES ('National Taiwan Normal University','Forms of Asian American Literature and Film');
INSERT INTO course(University,Course) VALUES ('National Taiwan Normal University','Women''s Literature, Feminist Theory, and the Women''s Movement');
INSERT INTO course(University,Course) VALUES ('National Taiwan Normal University','International Business Strategy');
INSERT INTO course(University,Course) VALUES ('National Taiwan Normal University','SDGs in Daily Life');
INSERT INTO course(University,Course) VALUES ('National Taiwan Normal University','An Overview of Southeast Asian Culture and History');
INSERT INTO course(University,Course) VALUES ('National Taiwan Normal University','Data Science and Computer Programming');
INSERT INTO course(University,Course) VALUES ('National Taiwan Normal University','Fundamental Programming for Digital Music and Sound Synthesis');
INSERT INTO course(University,Course) VALUES ('National Taiwan Normal University','Biomedical and Health Data Analytics');
INSERT INTO course(University,Course) VALUES ('National Taiwan Normal University','Introduction to Astronomy');
INSERT INTO course(University,Course) VALUES ('National Taiwan Normal University','Environmental Ethics and Sustainable Development');
INSERT INTO course(University,Course) VALUES ('National Taiwan Normal University','Life in the Universe and the Space Environments');
INSERT INTO course(University,Course) VALUES ('National Taiwan Normal University','Introduction of Sustainable Development Goals (SDGs)');
INSERT INTO course(University,Course) VALUES ('National Taiwan Normal University','The Bible and Human Life');
INSERT INTO course(University,Course) VALUES ('National Taiwan Normal University','Shakespeare');
INSERT INTO course(University,Course) VALUES ('National Taiwan Normal University','Human and Natural Sciences');
INSERT INTO course(University,Course) VALUES ('National Sun Yat-sen University','Linear Algebra (I)');
INSERT INTO course(University,Course) VALUES ('National Sun Yat-sen University','Essential Coding and Data Analysis on Physics');
INSERT INTO course(University,Course) VALUES ('National Sun Yat-sen University','Guided Reading of Literary Works (I)');
INSERT INTO course(University,Course) VALUES ('National Sun Yat-sen University','Computer Programming');
INSERT INTO course(University,Course) VALUES ('National Sun Yat-sen University','Graphics');
INSERT INTO course(University,Course) VALUES ('National Sun Yat-sen University','Engineering Computer Programming');
INSERT INTO course(University,Course) VALUES ('National Sun Yat-sen University','Introduction to Global Environmental Change');
INSERT INTO course(University,Course) VALUES ('National Sun Yat-sen University','Globalization in a Time of Transition');
INSERT INTO course(University,Course) VALUES ('National Sun Yat-sen University','Eco-Innovative Design');
INSERT INTO course(University,Course) VALUES ('National Sun Yat-sen University','Reading the Sino-Island');
INSERT INTO course(University,Course) VALUES ('National Sun Yat-sen University','C Computer Programming (I)');
INSERT INTO course(University,Course) VALUES ('National Sun Yat-sen University','Programming with AI-Assistance Tools');
INSERT INTO course(University,Course) VALUES ('National Sun Yat-sen University','Integrated Marketing Communication');
INSERT INTO course(University,Course) VALUES ('National Sun Yat-sen University','WEB Programming');
INSERT INTO course(University,Course) VALUES ('National Sun Yat-sen University','Intercultural Communication');
INSERT INTO course(University,Course) VALUES ('National Sun Yat-sen University','Introduction to International Business');
INSERT INTO course(University,Course) VALUES ('National Sun Yat-sen University','General Biology (I)');
INSERT INTO course(University,Course) VALUES ('National Sun Yat-sen University','Economic Development');
INSERT INTO course(University,Course) VALUES ('National Sun Yat-sen University','International Politics in Post-Covid19 Era');
INSERT INTO course(University,Course) VALUES ('National Sun Yat-sen University','Appreciation of Film and Literature');
INSERT INTO course(University,Course) VALUES ('Prince of Songkla University','Principles of Web Technology');
INSERT INTO course(University,Course) VALUES ('Prince of Songkla University','Digital Drawing');
INSERT INTO course(University,Course) VALUES ('Prince of Songkla University','Creative Thinking');
INSERT INTO course(University,Course) VALUES ('Prince of Songkla University','Psychology and Entrepreneurial Spirit');
INSERT INTO course(University,Course) VALUES ('Prince of Songkla University','Business Economics');
INSERT INTO course(University,Course) VALUES ('Prince of Songkla University','Management and Entrepreneurship');
INSERT INTO course(University,Course) VALUES ('Prince of Songkla University','Pocket Money');
INSERT INTO course(University,Course) VALUES ('Prince of Songkla University','Operations Management');
INSERT INTO course(University,Course) VALUES ('Prince of Songkla University','Business Analytics');
INSERT INTO course(University,Course) VALUES ('Prince of Songkla University','Innovation Management and Entrepreneurship');
INSERT INTO course(University,Course) VALUES ('Prince of Songkla University','Business Ethics');
INSERT INTO course(University,Course) VALUES ('Prince of Songkla University','Business Negotiation');
INSERT INTO course(University,Course) VALUES ('Prince of Songkla University','Introduction to Tourism and Hospitality Management');
INSERT INTO course(University,Course) VALUES ('Prince of Songkla University','Inventory and Warehouse Management');
INSERT INTO course(University,Course) VALUES ('Prince of Songkla University','International Business Management');
INSERT INTO course(University,Course) VALUES ('Prince of Songkla University','Business and Cultural Diversity in ASEAN*');
INSERT INTO course(University,Course) VALUES ('Mahidol University','Strategic Choices of Consumers and Firms');
INSERT INTO course(University,Course) VALUES ('Mahidol University','World Economy');
INSERT INTO course(University,Course) VALUES ('Mahidol University','Industrial Organization');
INSERT INTO course(University,Course) VALUES ('Mahidol University','Tourism Concepts and Practices');
INSERT INTO course(University,Course) VALUES ('Mahidol University','Branding Strategy and Marketing Communication Channels');
INSERT INTO course(University,Course) VALUES ('Mahidol University','Sustainable Development in Travel and Service Businesses');
INSERT INTO course(University,Course) VALUES ('Mahidol University','Approaches to International Relations and Global Affairs');
INSERT INTO course(University,Course) VALUES ('Mahidol University','Approaches to Comparative Politics and Systems');
INSERT INTO course(University,Course) VALUES ('Mahidol University','The Formation of the Modern World: From the Industrial Revolution to High Imperialism');
INSERT INTO course(University,Course) VALUES ('Mahidol University','Independent Project in Humanities and Languages');
INSERT INTO course(University,Course) VALUES ('Mahidol University','Literature Into Film');
INSERT INTO course(University,Course) VALUES ('Mahidol University','Elementary Thai I');
INSERT INTO course(University,Course) VALUES ('Mahidol University','Man and Arts for Media and Communication');
INSERT INTO course(University,Course) VALUES ('Mahidol University','Visual Culture and Sociology');
INSERT INTO course(University,Course) VALUES ('Mahidol University','Transmedia Storytelling');
INSERT INTO course(University,Course) VALUES ('Mahidol University','Advanced Mathematics I for Computer Science');
INSERT INTO course(University,Course) VALUES ('Mahidol University','Fundamentals of Programming');
INSERT INTO course(University,Course) VALUES ('Mahidol University','Computer Organization and Architecture');
INSERT INTO course(University,Course) VALUES ('Mahidol University','Modelling and Simulation');
INSERT INTO course(University,Course) VALUES ('Mahidol University','Creative Thinking and innovation');
INSERT INTO course(University,Course) VALUES ('Mahidol University','Critical Thinking and Decision Making');
INSERT INTO course(University,Course) VALUES ('Mahidol University','Statisical Data Analysis I');
INSERT INTO course(University,Course) VALUES ('Mahidol University','Calculus of Several Variables');
INSERT INTO course(University,Course) VALUES ('Mahidol University','Simulation Modelling');
INSERT INTO course(University,Course) VALUES ('Mahidol University','Physiology for Medical Science (Neuromuscular system)');
INSERT INTO course(University,Course) VALUES ('Mahidol University','Basic Cellular Pathology');
INSERT INTO course(University,Course) VALUES ('Mahidol University','General Pathology');
INSERT INTO course(University,Course) VALUES ('Mahidol University','Principles of Environmental Science');
INSERT INTO course(University,Course) VALUES ('Mahidol University','Biostatistics');
INSERT INTO course(University,Course) VALUES ('Mahidol University','Evolution');
INSERT INTO course(University,Course) VALUES ('The Australian National University','Australia in the World: An International History');
INSERT INTO course(University,Course) VALUES ('The Australian National University','Australia''s Environment');
INSERT INTO course(University,Course) VALUES ('The Australian National University','Australian Political History');
INSERT INTO course(University,Course) VALUES ('The Australian National University','Contemporary Design In Context');
INSERT INTO course(University,Course) VALUES ('The Australian National University','Coping with Crisis: The Practice of International Security');
INSERT INTO course(University,Course) VALUES ('The Australian National University','First Peoples'' experiences and ways of being: resilience, agency, resurgence and rights');
INSERT INTO course(University,Course) VALUES ('The Australian National University','Foundations of Australian Law');
INSERT INTO course(University,Course) VALUES ('The Australian National University','Global Citizen: Culture, Development and Inequality');
INSERT INTO course(University,Course) VALUES ('The Australian National University','International Relations in the Asia-Pacific');
INSERT INTO course(University,Course) VALUES ('The Australian National University','Natural Resource Conflicts in Asia and the Pacific');
INSERT INTO course(University,Course) VALUES ('The Australian National University','Pacific Politics');
INSERT INTO course(University,Course) VALUES ('The Australian National University','Pacific Worlds: critical inquiry in Oceania');
INSERT INTO course(University,Course) VALUES ('The Australian National University','Peacebuilding and Conflict Resolution');
INSERT INTO course(University,Course) VALUES ('The Australian National University','Reading Popular Culture: An Introduction to Cultural Studies');
INSERT INTO course(University,Course) VALUES ('The Australian National University','Sustainable Development');
INSERT INTO course(University,Course) VALUES ('The Australian National University','The Origins of Political Order in Asia');
INSERT INTO course(University,Course) VALUES ('The Australian National University','The Wellbeing Formula: The Science and Practice of Making a Good Life');
INSERT INTO course(University,Course) VALUES ('The University of Adelaide','Asia and the World');
INSERT INTO course(University,Course) VALUES ('The University of Adelaide','Australia and the World');
INSERT INTO course(University,Course) VALUES ('The University of Adelaide','Cities and Sustainability');
INSERT INTO course(University,Course) VALUES ('The University of Adelaide','Cross Cultural Communication');
INSERT INTO course(University,Course) VALUES ('The University of Adelaide','Cyber-Politics: Politics & the Internet Revolution');
INSERT INTO course(University,Course) VALUES ('The University of Adelaide','Empowerment, Gender & Community Development');
INSERT INTO course(University,Course) VALUES ('The University of Adelaide','Indigenous Scholarship & Interplay of Knowledges');
INSERT INTO course(University,Course) VALUES ('The University of Adelaide','International Business Operations');
INSERT INTO course(University,Course) VALUES ('The University of Adelaide','Introduction to Marketing');
INSERT INTO course(University,Course) VALUES ('The University of Adelaide','Introduction to Social Research');
INSERT INTO course(University,Course) VALUES ('The University of Adelaide','Managing Organisations and People');
INSERT INTO course(University,Course) VALUES ('The University of Adelaide','Organisational Behaviour');
INSERT INTO course(University,Course) VALUES ('The University of Adelaide','People, Cultures, Societies: Doing Anthropology');
INSERT INTO course(University,Course) VALUES ('The University of Adelaide','Philosophy of Mind');
INSERT INTO course(University,Course) VALUES ('The University of Adelaide','Policy and Practice in Australian Politics');
INSERT INTO course(University,Course) VALUES ('The University of Adelaide','Project Risk Management');
INSERT INTO course(University,Course) VALUES ('The University of Adelaide','Psychology IB');
INSERT INTO course(University,Course) VALUES ('The University of Adelaide','Social Problems');
INSERT INTO course(University,Course) VALUES ('The University of Adelaide','Sound & Media');
INSERT INTO course(University,Course) VALUES ('The University of Adelaide','Using Big Data for Economic and Social Problems I');
INSERT INTO course(University,Course) VALUES ('The University of Queensland','Communication Across Cultures: Theory and Practice');
INSERT INTO course(University,Course) VALUES ('The University of Queensland','Design: Experience');
INSERT INTO course(University,Course) VALUES ('The University of Queensland','Accounting for Decision Making');
INSERT INTO course(University,Course) VALUES ('The University of Queensland','Being Human: Cultural Diversity & Human Experience');
INSERT INTO course(University,Course) VALUES ('The University of Queensland','Design: Environment');
INSERT INTO course(University,Course) VALUES ('The University of Queensland','Foundational Ideas for Planning');
INSERT INTO course(University,Course) VALUES ('The University of Queensland','Foundations of Marketing');
INSERT INTO course(University,Course) VALUES ('The University of Queensland','Genes, Cells & Evolution');
INSERT INTO course(University,Course) VALUES ('The University of Queensland','Health & Fitness Through Diet & Exercise');
INSERT INTO course(University,Course) VALUES ('The University of Queensland','Human Settlements');
INSERT INTO course(University,Course) VALUES ('The University of Queensland','Planet Earth: The Big Picture');
INSERT INTO course(University,Course) VALUES ('The University of Queensland','International Business Management');
INSERT INTO course(University,Course) VALUES ('The University of Queensland','Organisational Behaviour');
INSERT INTO course(University,Course) VALUES ('The University of Queensland','Indigenous Australian Music: Indigenous music-making in Australia');
INSERT INTO course(University,Course) VALUES ('The University of Queensland','Introduction to Australian Politics');
INSERT INTO course(University,Course) VALUES ('The University of Queensland','Introduction to Management');
INSERT INTO course(University,Course) VALUES ('The University of Queensland','Living Oceans');
INSERT INTO course(University,Course) VALUES ('The University of Queensland','The Australian Experience');
INSERT INTO course(University,Course) VALUES ('The University of Queensland','The Brain and Behavioural Sciences');
INSERT INTO course(University,Course) VALUES ('The University of Queensland','Writing for International Students');
INSERT INTO course(University,Course) VALUES ('University of Sydney','Learning in Outdoor Education');
INSERT INTO course(University,Course) VALUES ('University of Sydney','Sport and Learning in Australian Culture');
INSERT INTO course(University,Course) VALUES ('University of Sydney','Introduction to Indigenous History');
INSERT INTO course(University,Course) VALUES ('University of Sydney','Cross-Cultural Management');
INSERT INTO course(University,Course) VALUES ('University of Sydney','Global America');
INSERT INTO course(University,Course) VALUES ('University of Sydney','Global Challenges : Food, Water and Climate');
INSERT INTO course(University,Course) VALUES ('University of Sydney','Introductory Geography');
INSERT INTO course(University,Course) VALUES ('University of Sydney','Foundations of Work and Employment');
INSERT INTO course(University,Course) VALUES ('University of Sydney','What is this Thing Called Science?');
INSERT INTO course(University,Course) VALUES ('University of Sydney','Diet and Nutrition for Health and Sport');
INSERT INTO course(University,Course) VALUES ('University of Auckland','A Sustainable World');
INSERT INTO course(University,Course) VALUES ('University of Auckland','Aotearoa New Zealand Social Policy and Social Justice');
INSERT INTO course(University,Course) VALUES ('University of Auckland','Child Development');
INSERT INTO course(University,Course) VALUES ('University of Auckland','Media and Culture');
INSERT INTO course(University,Course) VALUES ('University of Auckland','Antarctica: The Frozen Continent');
INSERT INTO course(University,Course) VALUES ('University of Auckland','Cities and Urbanism');
INSERT INTO course(University,Course) VALUES ('University of Auckland','Communication and Social Change');
INSERT INTO course(University,Course) VALUES ('University of Auckland','Environment and Society');
INSERT INTO course(University,Course) VALUES ('University of Auckland','Environment, Science and Management');
INSERT INTO course(University,Course) VALUES ('University of Auckland','Environmental Science, Risk and Society');
INSERT INTO course(University,Course) VALUES ('University of Auckland','Digital Communication Ethics');
INSERT INTO course(University,Course) VALUES ('University of Auckland','Education and Social Justice');
INSERT INTO course(University,Course) VALUES ('University of Auckland','Hauora');
INSERT INTO course(University,Course) VALUES ('University of Auckland','Introducing TESOL Education');
INSERT INTO course(University,Course) VALUES ('University of Auckland','The Contemporary Pacific');
INSERT INTO course(University,Course) VALUES ('University of Auckland','Gender and the Pacific in a Globalising World');
INSERT INTO course(University,Course) VALUES ('University of Auckland','Global Politics');
INSERT INTO course(University,Course) VALUES ('University of Auckland','Philosophy and the Environment');
INSERT INTO course(University,Course) VALUES ('University of Auckland','Sustainability around Us');
INSERT INTO course(University,Course) VALUES ('University of Auckland','The Human Dimension of Disasters');
INSERT INTO course(University,Course) VALUES ('University of Melbourne','AI, Ethics And The Law');
INSERT INTO course(University,Course) VALUES ('University of Melbourne','Biology of Australian Flora & Fauna');
INSERT INTO course(University,Course) VALUES ('University of Melbourne','Drugs that Shape Society');
INSERT INTO course(University,Course) VALUES ('University of Melbourne','Engineering Modelling and Design');
INSERT INTO course(University,Course) VALUES ('University of Melbourne','Entrepreneurship for Sustainability');
INSERT INTO course(University,Course) VALUES ('University of Melbourne','Entrepreneurship Principles and Tools');
INSERT INTO course(University,Course) VALUES ('University of Melbourne','Food For A Healthy Planet II');
INSERT INTO course(University,Course) VALUES ('University of Melbourne','Global Cultures');
INSERT INTO course(University,Course) VALUES ('University of Melbourne','Indigenous Cultures and Knowledges');
INSERT INTO course(University,Course) VALUES ('University of Melbourne','Inside the City of Diversity');
INSERT INTO course(University,Course) VALUES ('University of Melbourne','Media Industries and Technological Change');
INSERT INTO course(University,Course) VALUES ('University of Melbourne','Melbourne: Urban Anthropology in Action');
INSERT INTO course(University,Course) VALUES ('University of Melbourne','Natural History');
INSERT INTO course(University,Course) VALUES ('University of Melbourne','Our Planet, Our Health');
INSERT INTO course(University,Course) VALUES ('University of Melbourne','Principles of Marketing');
INSERT INTO course(University,Course) VALUES ('University of Melbourne','Smart Transportation');
INSERT INTO course(University,Course) VALUES ('University of Melbourne','Street Art');
INSERT INTO course(University,Course) VALUES ('University of Melbourne','Sustainability: hope for the Earth?');
INSERT INTO course(University,Course) VALUES ('University of Melbourne','Thinking Tools for Wicked Problems');
INSERT INTO course(University,Course) VALUES ('University of Melbourne','Urban Design for People and Places');
INSERT INTO course(University,Course) VALUES ('Monash University','Spatial Communication in Engineering');
INSERT INTO course(University,Course) VALUES ('Monash University','Economics for Entrepreneurs');
INSERT INTO course(University,Course) VALUES ('Monash University','Business in Asia');
INSERT INTO course(University,Course) VALUES ('Monash University','Communication, Cultures And The Corporate World');
INSERT INTO course(University,Course) VALUES ('Monash University','Managing Intercultural Communication');
INSERT INTO course(University,Course) VALUES ('Monash University','Future Climates: Projections, Impacts and Adaptation');
INSERT INTO course(University,Course) VALUES ('Monash University','Climate change: Impacts and adaptations');
INSERT INTO course(University,Course) VALUES ('Monash University','Human health and disease');
INSERT INTO course(University,Course) VALUES ('Monash University','Introduction to programming');
INSERT INTO course(University,Course) VALUES ('Monash University','Healthcare Systems');
INSERT INTO course(University,Course) VALUES ('Monash University','Science Communication to Influence Change');
INSERT INTO course(University,Course) VALUES ('Monash University','Intercultural Skills for an Internationalised Workplace');
INSERT INTO course(University,Course) VALUES ('Monash University','Leadership Principles And Practices');
INSERT INTO course(University,Course) VALUES ('Monash University','International Studies: Challenges of Globalisation');
INSERT INTO course(University,Course) VALUES ('Monash University','Reading Across Cultures');
INSERT INTO course(University,Course) VALUES ('Monash University','Global health: Opportunities and challenges');
INSERT INTO course(University,Course) VALUES ('Monash University','Social issues in organising');
INSERT INTO course(University,Course) VALUES ('The University of Western Australia','Active Leadership 1: Developing Leadership Skills: Management and Commerce');
INSERT INTO course(University,Course) VALUES ('The University of Western Australia','Asia from Colonial to Modern: Society and Culture');
INSERT INTO course(University,Course) VALUES ('The University of Western Australia','Boodjar Moort Katitjin: Introduction to Indigenous Heritage and Knowledge: Society and Culture');
INSERT INTO course(University,Course) VALUES ('The University of Western Australia','Crime and Society: Society and Culture');
INSERT INTO course(University,Course) VALUES ('The University of Western Australia','Disasters!: Society and Culture');
INSERT INTO course(University,Course) VALUES ('The University of Western Australia','Discovering Earth: Natural and Physical Sciences');
INSERT INTO course(University,Course) VALUES ('The University of Western Australia','Drugs that Changed the World: Natural and Physical Sciences');
INSERT INTO course(University,Course) VALUES ('The University of Western Australia','Foundations of Global Health: Health');
INSERT INTO course(University,Course) VALUES ('The University of Western Australia','Global Literatures: Society and Culture');
INSERT INTO course(University,Course) VALUES ('The University of Western Australia','Human Rights in Global Perspective: Society and Culture');
INSERT INTO course(University,Course) VALUES ('The University of Western Australia','Issues in Women''s Health Across the Lifespan: Health');
INSERT INTO course(University,Course) VALUES ('The University of Western Australia','Managing Your Personal Finance: Management and Commerce');
INSERT INTO course(University,Course) VALUES ('The University of Western Australia','Plant and Animal Biology: Natural and Physical Sciences');
INSERT INTO course(University,Course) VALUES ('The University of Western Australia','Popular Music in Global Perspective: Creative Arts');
INSERT INTO course(University,Course) VALUES ('The University of Western Australia','Professional and Academic Communications: Society and Culture');
INSERT INTO course(University,Course) VALUES ('The University of Western Australia','Understanding Global Politics: Society and Culture');
INSERT INTO course(University,Course) VALUES ('University of Otago','Agricultural Innovation');
INSERT INTO course(University,Course) VALUES ('University of Otago','Brain and Behaviour');
INSERT INTO course(University,Course) VALUES ('University of Otago','Business and Society');
INSERT INTO course(University,Course) VALUES ('University of Otago','Communicating Science: an Introduction');
INSERT INTO course(University,Course) VALUES ('University of Otago','Cultural and Social Identities');
INSERT INTO course(University,Course) VALUES ('University of Otago','Dynamic Earth: A New Zealand Perspective');
INSERT INTO course(University,Course) VALUES ('University of Otago','Economic Principles and Policy');
INSERT INTO course(University,Course) VALUES ('University of Otago','Essentials of Communication');
INSERT INTO course(University,Course) VALUES ('University of Otago','Geographies of Sustainable Futures');
INSERT INTO course(University,Course) VALUES ('University of Otago','Global and Local Cultures');
INSERT INTO course(University,Course) VALUES ('University of Otago','Information and Communications Technology');
INSERT INTO course(University,Course) VALUES ('University of Otago','Introduction to Biostatistics');
INSERT INTO course(University,Course) VALUES ('University of Otago','Managing for Performance');
INSERT INTO course(University,Course) VALUES ('University of Otago','Māori Society');
INSERT INTO course(University,Course) VALUES ('University of Otago','Marine Biology: The Living Ocean');
INSERT INTO course(University,Course) VALUES ('University of Otago','Marketing');
INSERT INTO course(University,Course) VALUES ('University of Otago','New Zealand Politics - Introduction');
INSERT INTO course(University,Course) VALUES ('University of Otago','Population Health');
INSERT INTO course(University,Course) VALUES ('University of Otago','Understanding Human Nutrition');
INSERT INTO course(University,Course) VALUES ('University of Otago','Global Tourism');
INSERT INTO course(University,Course) VALUES ('Victoria University of Wellington','Introduction to Artificial Intelligence');
INSERT INTO course(University,Course) VALUES ('Victoria University of Wellington','Māori Society and Culture');
INSERT INTO course(University,Course) VALUES ('Victoria University of Wellington','Social and Cultural Diversity');
INSERT INTO course(University,Course) VALUES ('Victoria University of Wellington','Art, Revolution and Crisis');
INSERT INTO course(University,Course) VALUES ('Victoria University of Wellington','Cell and Molecular Biology');
INSERT INTO course(University,Course) VALUES ('Victoria University of Wellington','Myth and Mythologies');
INSERT INTO course(University,Course) VALUES ('Victoria University of Wellington','Linguistics: The Science of Language');
INSERT INTO course(University,Course) VALUES ('Victoria University of Wellington','The Big Questions');
INSERT INTO course(University,Course) VALUES ('Victoria University of Wellington','How to Think About Religion');
INSERT INTO course(University,Course) VALUES ('Victoria University of Wellington','Tourism in Aotearoa New Zealand');
INSERT INTO course(University,Course) VALUES ('Victoria University of Wellington','Antarctica: Unfreezing the Continent');
INSERT INTO course(University,Course) VALUES ('Victoria University of Wellington','Introduction to Criminology');
INSERT INTO course(University,Course) VALUES ('Victoria University of Wellington','Earth Science for a Changing Planet');
INSERT INTO course(University,Course) VALUES ('Victoria University of Wellington','Film Movements and Contexts');
INSERT INTO course(University,Course) VALUES ('Victoria University of Wellington','(Re)Making Places: Geographies of Development, Equity and Social Change');
INSERT INTO course(University,Course) VALUES ('Victoria University of Wellington','Introduction to Intercultural Communication');
INSERT INTO course(University,Course) VALUES ('Victoria University of Wellington','Media, Society and Politics');
INSERT INTO course(University,Course) VALUES ('Victoria University of Wellington','Introduction to Government and Politics in Aotearoa New Zealand');
INSERT INTO course(University,Course) VALUES ('Victoria University of Wellington','Introduction to the Universe');
INSERT INTO course(University,Course) VALUES ('Victoria University of Wellington','Introduction to International Relations');
INSERT INTO course(University,Course) VALUES ('University of New South Wales','Urban Design');
INSERT INTO course(University,Course) VALUES ('University of New South Wales','Interior Architecture');
INSERT INTO course(University,Course) VALUES ('University of New South Wales','Accounting');
INSERT INTO course(University,Course) VALUES ('University of New South Wales','Financial Technology');
INSERT INTO course(University,Course) VALUES ('University of New South Wales','Marketing');
INSERT INTO course(University,Course) VALUES ('University of New South Wales','Animation');
INSERT INTO course(University,Course) VALUES ('University of New South Wales','Interactive Art');
INSERT INTO course(University,Course) VALUES ('University of New South Wales','Computer Science');
INSERT INTO course(University,Course) VALUES ('University of New South Wales','Civil Engineering');
INSERT INTO course(University,Course) VALUES ('University of New South Wales','Renewable Energy');
INSERT INTO course(University,Course) VALUES ('University of Canterbury','Enterprise in Practice (Project)');
INSERT INTO course(University,Course) VALUES ('University of Canterbury','Land Journeys and Ethics');
INSERT INTO course(University,Course) VALUES ('University of Canterbury','Hospitality Marketing and Management');
INSERT INTO course(University,Course) VALUES ('University of Canterbury','Sustainable Tourism Enterprises and Destinations');
INSERT INTO course(University,Course) VALUES ('University of Canterbury','Turing: From the Computer Revolution to the Philosophy of AI');
INSERT INTO course(University,Course) VALUES ('University of Canterbury','Data Management');
INSERT INTO course(University,Course) VALUES ('University of Canterbury','Web Design and Development');
INSERT INTO course(University,Course) VALUES ('University of Canterbury','Digital Marketing');
INSERT INTO course(University,Course) VALUES ('University of Canterbury','Introductory Psychology - Social, Personality and Developmental');
INSERT INTO course(University,Course) VALUES ('University of Canterbury','Ecology, Evolution and Conservation');
INSERT INTO course(University,Course) VALUES ('University of Canterbury','Global Environmental Change');
INSERT INTO course(University,Course) VALUES ('University of Canterbury','Environmental Earth System Science');
INSERT INTO course(University,Course) VALUES ('University of Canterbury','Science, Maori and Indigenous Knowledge');
INSERT INTO course(University,Course) VALUES ('University of Canterbury','Science, Society and Me');
INSERT INTO course(University,Course) VALUES ('University of Canterbury','Remote sensing for geospatial analysis');
INSERT INTO course(University,Course) VALUES ('University of Canterbury','Introduction to Data Science');
INSERT INTO course(University,Course) VALUES ('University of Canterbury','Introduction to Strategic Communication');
INSERT INTO course(University,Course) VALUES ('University of Canterbury','Fundamentals of Management');
INSERT INTO course(University,Course) VALUES ('University of Canterbury','Principle of Marketing');
INSERT INTO course(University,Course) VALUES ('University of Canterbury','Business, Society and the Environment');
INSERT INTO course(University,Course) VALUES ('Massey University','Creative Collaboration');
INSERT INTO course(University,Course) VALUES ('Massey University','Introduction to Human Factors');
INSERT INTO course(University,Course) VALUES ('Massey University','Critical Issues in Business Analytics');
INSERT INTO course(University,Course) VALUES ('Massey University','Programming Languages, Algorithms and Concurrency');
INSERT INTO course(University,Course) VALUES ('Massey University','Conservation Science');
INSERT INTO course(University,Course) VALUES ('Massey University','Creativity in the Community');
INSERT INTO course(University,Course) VALUES ('Massey University','Social Media and Digital Cultures');
INSERT INTO course(University,Course) VALUES ('Massey University','Memory and Cognition');
INSERT INTO course(University,Course) VALUES ('Massey University','Perspectives on Creative Practice');
INSERT INTO course(University,Course) VALUES ('Massey University','Tū Arohae: Critical Thinking');
INSERT INTO course(University,Course) VALUES ('University of Waikato','He Hīnatore ki te Ao Māori: Introducing the Māori World');
INSERT INTO course(University,Course) VALUES ('University of Waikato','Ngā Mahi a Rehia: An Introduction to Kapa Haka');
INSERT INTO course(University,Course) VALUES ('University of Waikato','Environmental Science - Pūtaiao Taiao');
INSERT INTO course(University,Course) VALUES ('University of Waikato','Discovering Planet Earth - Tūhuratia Papatūānuku');
INSERT INTO course(University,Course) VALUES ('University of Waikato','Critical Social Science Research: The Crisis of Climate Change');
INSERT INTO course(University,Course) VALUES ('University of Waikato','Exploring Innovative Technologies');
INSERT INTO course(University,Course) VALUES ('University of Waikato','Promoting Mental and Physical Health');
INSERT INTO course(University,Course) VALUES ('University of Waikato','Fundamentals of Successful Marketing');
INSERT INTO course(University,Course) VALUES ('University of Waikato','Character and Intercultural Capabilities in Organisations');
INSERT INTO course(University,Course) VALUES ('University of Waikato','Digital Business and Supply Chain Management');
INSERT INTO course(University,Course) VALUES ('University of Waikato','Introduction to Forensic and Criminological Psychology');
INSERT INTO course(University,Course) VALUES ('University of Waikato','Sustainable Geographies');
INSERT INTO course(University,Course) VALUES ('University of Waikato','Understanding Visual Culture');
INSERT INTO course(University,Course) VALUES ('University of Waikato','Introduction to Literacies');
INSERT INTO course(University,Course) VALUES ('University of Waikato','The New Zealand Educational Context');
INSERT INTO course(University,Course) VALUES ('University of Waikato','The World of Digital Business');
INSERT INTO course(University,Course) VALUES ('University of Waikato','Introduction to Industrial Design Production');
INSERT INTO course(University,Course) VALUES ('University of Waikato','Dance, Movement and Culture');
INSERT INTO course(University,Course) VALUES ('University of Waikato','Discrete Structures');
INSERT INTO course(University,Course) VALUES ('University of Waikato','Writing for Academic Success');
INSERT INTO course(University,Course) VALUES ('Vrije Universiteit Amsterdam','Brain And Mind');
INSERT INTO course(University,Course) VALUES ('Vrije Universiteit Amsterdam','Development And Global Challenges');
INSERT INTO course(University,Course) VALUES ('Vrije Universiteit Amsterdam','Business Administration');
INSERT INTO course(University,Course) VALUES ('Vrije Universiteit Amsterdam','Digital Humanities And Social Analytics');
INSERT INTO course(University,Course) VALUES ('Vrije Universiteit Amsterdam','European Urban And Cultural History');
INSERT INTO course(University,Course) VALUES ('Vrije Universiteit Amsterdam','Gender And Diversity');
INSERT INTO course(University,Course) VALUES ('Vrije Universiteit Amsterdam','Law And Global Society');
INSERT INTO course(University,Course) VALUES ('Vrije Universiteit Amsterdam','Managing Digital Innovation');
INSERT INTO course(University,Course) VALUES ('Vrije Universiteit Amsterdam','Peace And Conflict Studies');
INSERT INTO course(University,Course) VALUES ('Vrije Universiteit Amsterdam','Psychology And The Brain');
INSERT INTO course(University,Course) VALUES ('Vrije Universiteit Amsterdam','Risk Management For Financial Institutions');
INSERT INTO course(University,Course) VALUES ('Vrije Universiteit Amsterdam','Technology, Law And Ethics');
INSERT INTO course(University,Course) VALUES ('Leiden University','Dutch Painting 1400-1950: Introduction to the Art History of the Netherlands, Cultuurwetenschap I');
INSERT INTO course(University,Course) VALUES ('Leiden University','Culture and Society of the Netherlands: An Inside View');
INSERT INTO course(University,Course) VALUES ('Leiden University','Histories of Modern South and Southeast Asia');
INSERT INTO course(University,Course) VALUES ('Leiden University','Natural Computing');
INSERT INTO course(University,Course) VALUES ('Leiden University','Public International Law (bachelor)');
INSERT INTO course(University,Course) VALUES ('Leiden University','Law and Governance in Africa');
INSERT INTO course(University,Course) VALUES ('Leiden University','Trade and Finance in the Global Economy');
INSERT INTO course(University,Course) VALUES ('Leiden University','Economics for Political Scientists');
INSERT INTO course(University,Course) VALUES ('Leiden University','Introduction to International Organisations');
INSERT INTO course(University,Course) VALUES ('Leiden University','Introduction to International Studies');
INSERT INTO course(University,Course) VALUES ('Maastricht University','Parallel Programming');
INSERT INTO course(University,Course) VALUES ('Maastricht University','Machine learning');
INSERT INTO course(University,Course) VALUES ('Maastricht University','Logic for Artificial Intelligence');
INSERT INTO course(University,Course) VALUES ('Maastricht University','Game Theory');
INSERT INTO course(University,Course) VALUES ('Maastricht University','Introduction to Private Law');
INSERT INTO course(University,Course) VALUES ('Maastricht University','Advanced Academic Skills');
INSERT INTO course(University,Course) VALUES ('Maastricht University','Sustainable Development');
INSERT INTO course(University,Course) VALUES ('Maastricht University','Science in Action');
INSERT INTO course(University,Course) VALUES ('Maastricht University','Entrepreneurship: Theory and Practice');
INSERT INTO course(University,Course) VALUES ('Maastricht University','Social & Environmental Entrepreneurship');
INSERT INTO course(University,Course) VALUES ('Maastricht University','Commercialising Science & Technology');
INSERT INTO course(University,Course) VALUES ('Maastricht University','Sustainability and Social-Ecological Systems');
INSERT INTO course(University,Course) VALUES ('Maastricht University','Sustainability and Human Health');
INSERT INTO course(University,Course) VALUES ('Maastricht University','Systems Thinking Competency');
INSERT INTO course(University,Course) VALUES ('Maastricht University','From Climate Conflict to Climate Justice');
INSERT INTO course(University,Course) VALUES ('Maastricht University','Social and Sustainable Entrepreneurship');
INSERT INTO course(University,Course) VALUES ('Maastricht University','Collaboration Competency: Exploring Negotiation and Conflict Resolution');
INSERT INTO course(University,Course) VALUES ('Maastricht University','Project Sustainability');
INSERT INTO course(University,Course) VALUES ('Maastricht University','Living in A Technological Culture: Introduction to Science and Technology Studies');
INSERT INTO course(University,Course) VALUES ('Maastricht University','The Economics of Information');
INSERT INTO course(University,Course) VALUES ('Maastricht University','Globalization and Inequality: Perspectives on Development');
INSERT INTO course(University,Course) VALUES ('Maastricht University','The Social Study of Environmental Problems: Between Nature, Society and Politics');
INSERT INTO course(University,Course) VALUES ('Maastricht University','The Law of The European Institutions');
INSERT INTO course(University,Course) VALUES ('Maastricht University','International Trade Law: Globalization, Trade and Development');
INSERT INTO course(University,Course) VALUES ('Maastricht University','Digital Media: Digitalization, Digital Cultures and User Practices');
INSERT INTO course(University,Course) VALUES ('Maastricht University','European Integration: History and Theory');
INSERT INTO course(University,Course) VALUES ('Maastricht University','International Law');
INSERT INTO course(University,Course) VALUES ('Maastricht University','The Digital Enterprise');
INSERT INTO course(University,Course) VALUES ('Maastricht University','Entrepreneurship');
INSERT INTO course(University,Course) VALUES ('Maastricht University','Economics and Society in Contemporary Asia');
INSERT INTO course(University,Course) VALUES ('KU Leuven','The Low Countries at the Crossroads of European History');
INSERT INTO course(University,Course) VALUES ('KU Leuven','International Relations and European Integration since World War II');
INSERT INTO course(University,Course) VALUES ('KU Leuven','Institutions and Policy of the EU');
INSERT INTO course(University,Course) VALUES ('KU Leuven','Art in Europe: a History of Emotions');
INSERT INTO course(University,Course) VALUES ('KU Leuven','East-West Perspectives in Philosophy');
INSERT INTO course(University,Course) VALUES ('KU Leuven','Philosophy of Technology');
INSERT INTO course(University,Course) VALUES ('KU Leuven','Historical Introduction to Philosophy');
INSERT INTO course(University,Course) VALUES ('KU Leuven','Engineering and Economics');
INSERT INTO course(University,Course) VALUES ('KU Leuven','Introduction to the Study of Theology');
INSERT INTO course(University,Course) VALUES ('KU Leuven','Institutions and Policy of the EU');
INSERT INTO course(University,Course) VALUES ('University of Szeged','Living Abroad, Reflecting the Intercultural Experience');
INSERT INTO course(University,Course) VALUES ('University of Szeged','Business Ethics');
INSERT INTO course(University,Course) VALUES ('University of Szeged','Combat Sports');
INSERT INTO course(University,Course) VALUES ('University of Szeged','Basics of First Aid Practice');
INSERT INTO course(University,Course) VALUES ('University of Szeged','Music Management');
INSERT INTO course(University,Course) VALUES ('University of Szeged','Food Safety');
INSERT INTO course(University,Course) VALUES ('University of Szeged','Cross-cultural Pragmatics');
INSERT INTO course(University,Course) VALUES ('University of Szeged','Perspectives on Hungarian Culture');
INSERT INTO course(University,Course) VALUES ('University of Szeged','Contemporary Issues of Public Administration: Globalisation');
INSERT INTO course(University,Course) VALUES ('University of Szeged','Biotechnology');
INSERT INTO course(University,Course) VALUES ('University of Szeged','Personality and Communication Group Training Practice');
INSERT INTO course(University,Course) VALUES ('University of Szeged','Business Communication');
INSERT INTO course(University,Course) VALUES ('University of Szeged','Health promotion, life-style, deviance');
INSERT INTO course(University,Course) VALUES ('University of Szeged','Farm Business Management 1.');
INSERT INTO course(University,Course) VALUES ('University of Szeged','Agricultural Economy');
INSERT INTO course(University,Course) VALUES ('University of Szeged','Quality Control');
INSERT INTO course(University,Course) VALUES ('University of Szeged','Hungarian Folklore and Music');
INSERT INTO course(University,Course) VALUES ('University of Szeged','Tendencies in European Political Philosophy');
INSERT INTO course(University,Course) VALUES ('University of Szeged','Pharmaceutical Psychology and Communication');
INSERT INTO course(University,Course) VALUES ('University of Szeged','Solfeggio');
INSERT INTO course(University,Course) VALUES ('University of Pisa','Italian Language And Culture');
INSERT INTO course(University,Course) VALUES ('University of Pisa','Italian Cinema');
INSERT INTO course(University,Course) VALUES ('University of Pisa','Classical Civilizazions');
INSERT INTO course(University,Course) VALUES ('University of Pisa','Italian Literature I');
INSERT INTO course(University,Course) VALUES ('University of Pisa','Introduction to Aesthetics');
INSERT INTO course(University,Course) VALUES ('University of Pisa','Medieval Art');
INSERT INTO course(University,Course) VALUES ('University of Pisa','Business and Commercial Law');
INSERT INTO course(University,Course) VALUES ('University of Pisa','Introduction to Medieval Philosophy');
INSERT INTO course(University,Course) VALUES ('University of Pisa','European Macroeconomics');
INSERT INTO course(University,Course) VALUES ('University of Pisa','Financial Accounting');
INSERT INTO course(University,Course) VALUES ('University of Pisa','Management And Fundamentals Of Accounting');
INSERT INTO course(University,Course) VALUES ('University of Pisa','Introduction to Medieval History');
INSERT INTO course(University,Course) VALUES ('University of Pisa','Fundamentals Of Data Mining And Machine Learning');
INSERT INTO course(University,Course) VALUES ('University of Pisa','Information Technologies for Industries 4.0');
INSERT INTO course(University,Course) VALUES ('University of Pisa','Sustainability and Circular Economy');
INSERT INTO course(University,Course) VALUES ('University of Pisa','Introduction to Modern History');
INSERT INTO course(University,Course) VALUES ('University of Pisa','Egyptian Archaeology');
INSERT INTO course(University,Course) VALUES ('Humboldt-Universität zu Berlin','Surveillance in History and Contemporary Culture. From East Germany’s Secret Police to Digital Mass Surveillance');
INSERT INTO course(University,Course) VALUES ('Humboldt-Universität zu Berlin','Nature Writing from Goethe to the Present. Looking at a broken tradition in German Language Literature');
INSERT INTO course(University,Course) VALUES ('Humboldt-Universität zu Berlin','Women and Socialism. Gender, Identity and Literature behind the Iron Curtain');
INSERT INTO course(University,Course) VALUES ('Humboldt-Universität zu Berlin','Exhibition Making. Curatorial Practice and Research in Berlin');
INSERT INTO course(University,Course) VALUES ('Humboldt-Universität zu Berlin','German Language Beginner');
INSERT INTO course(University,Course) VALUES ('Humboldt-Universität zu Berlin','German Language Intermediate');
INSERT INTO course(University,Course) VALUES ('Humboldt-Universität zu Berlin','Germany in the European Union. German and European Foreign Policies in a World of Regions');
INSERT INTO course(University,Course) VALUES ('Humboldt-Universität zu Berlin','Business Law. International Commercial Litigation and Dispute Resolution');
INSERT INTO course(University,Course) VALUES ('Humboldt-Universität zu Berlin','Memory and Migration. Exploring Berlin Museums');
INSERT INTO course(University,Course) VALUES ('Humboldt-Universität zu Berlin','Asia in Berlin. Critical Heritage Studies');
INSERT INTO course(University,Course) VALUES ('Humboldt-Universität zu Berlin','The African Diaspora: diversity, citizenship and the politics of belonging in Berlin');
INSERT INTO course(University,Course) VALUES ('Humboldt-Universität zu Berlin','Colonial and Anticolonial Berlin: History, Society and Politics');
INSERT INTO course(University,Course) VALUES ('University of Zagreb','Corporate Risk Management');
INSERT INTO course(University,Course) VALUES ('University of Zagreb','Strategic Human Resource Management');
INSERT INTO course(University,Course) VALUES ('University of Zagreb','The Politics of Human Rights');
INSERT INTO course(University,Course) VALUES ('University of Zagreb','Project Management');
INSERT INTO course(University,Course) VALUES ('University of Zagreb','Global Ecology');
INSERT INTO course(University,Course) VALUES ('University of Zagreb','Business Informatics');
INSERT INTO course(University,Course) VALUES ('University of Zagreb','International Business');
INSERT INTO course(University,Course) VALUES ('University of Zagreb','Philosophy of Games, Play and Sport');
INSERT INTO course(University,Course) VALUES ('University of Zagreb','Ethics and New Technologies');
INSERT INTO course(University,Course) VALUES ('University of Zagreb','Cross-Cultural Management');
INSERT INTO course(University,Course) VALUES ('University of Zagreb','Business Communication');
INSERT INTO course(University,Course) VALUES ('University of Zagreb','Interest Groups and Lobbying in the European Union');
INSERT INTO course(University,Course) VALUES ('University of Zagreb','How Language Works: Introduction into Pragmatics');
INSERT INTO course(University,Course) VALUES ('University of Zagreb','Sociology of work and professional ethics');
INSERT INTO course(University,Course) VALUES ('University of Zagreb','Bioethics and Human Rights');
INSERT INTO course(University,Course) VALUES ('University of Zagreb','Development of European Integration and Institutions');
INSERT INTO course(University,Course) VALUES ('University of Zagreb','Introduction to Artificial Intelligence');
INSERT INTO course(University,Course) VALUES ('University of Warsaw','Academic Writing and Research Skills in International Relations and Politics (Obligatory Course)');
INSERT INTO course(University,Course) VALUES ('University of Warsaw','Doing business Europe-Asia: Legal, Political and Economic Perspectives (Obligatory Course)');
INSERT INTO course(University,Course) VALUES ('University of Warsaw','Introduction to Europe through Poland: Language, Culture, and History (Obligatory Course)');
INSERT INTO course(University,Course) VALUES ('University of Warsaw','European Union and Polish Diplomacy in Asia: theory and practice (Obligatory Course)');
INSERT INTO course(University,Course) VALUES ('University of Warsaw','International Migration');
INSERT INTO course(University,Course) VALUES ('University of Warsaw','Asymmetric Threats');
INSERT INTO course(University,Course) VALUES ('University of Warsaw','Introduction to World Politics');
INSERT INTO course(University,Course) VALUES ('University of Warsaw','History of European Integration');
INSERT INTO course(University,Course) VALUES ('University of Warsaw','International Political Economy');
INSERT INTO course(University,Course) VALUES ('University of Warsaw','US National Security');
INSERT INTO course(University,Course) VALUES ('University of Warsaw','Security System in the Asia-Pacific Region');
INSERT INTO course(University,Course) VALUES ('M.V.Lomonosov Moscow State University','Corporate Finance');
INSERT INTO course(University,Course) VALUES ('M.V.Lomonosov Moscow State University','Cross-cultural communications in Business');
INSERT INTO course(University,Course) VALUES ('M.V.Lomonosov Moscow State University','Customer-Centered Innovations with Design Thinking and Lean User Research');
INSERT INTO course(University,Course) VALUES ('M.V.Lomonosov Moscow State University','Economics and Environmental Management');
INSERT INTO course(University,Course) VALUES ('M.V.Lomonosov Moscow State University','Economic History');
INSERT INTO course(University,Course) VALUES ('M.V.Lomonosov Moscow State University','Financial Markets');
INSERT INTO course(University,Course) VALUES ('M.V.Lomonosov Moscow State University','International Economics');
INSERT INTO course(University,Course) VALUES ('M.V.Lomonosov Moscow State University','International Tax Planning');
INSERT INTO course(University,Course) VALUES ('M.V.Lomonosov Moscow State University','Theories and Studies of Mass Communication');
INSERT INTO course(University,Course) VALUES ('M.V.Lomonosov Moscow State University','Introduction to Data Science with R for economists');
INSERT INTO course(University,Course) VALUES ('M.V.Lomonosov Moscow State University','Islamic Finance');
INSERT INTO course(University,Course) VALUES ('M.V.Lomonosov Moscow State University','Labour Economics');
INSERT INTO course(University,Course) VALUES ('M.V.Lomonosov Moscow State University','Management');
INSERT INTO course(University,Course) VALUES ('M.V.Lomonosov Moscow State University','Marketing Principles and Decisions');
INSERT INTO course(University,Course) VALUES ('M.V.Lomonosov Moscow State University','Natural Capital and Resource Economics');
INSERT INTO course(University,Course) VALUES ('M.V.Lomonosov Moscow State University','Networks and Relationships in the Experience Economy');
INSERT INTO course(University,Course) VALUES ('M.V.Lomonosov Moscow State University','Organizational Behaviour');
INSERT INTO course(University,Course) VALUES ('M.V.Lomonosov Moscow State University','Special Economic Zones and Offshore Territories');
INSERT INTO course(University,Course) VALUES ('M.V.Lomonosov Moscow State University','Technical Analysis');
INSERT INTO course(University,Course) VALUES ('M.V.Lomonosov Moscow State University','Theory of Finance');
INSERT INTO course(University,Course) VALUES ('Radboud University','Global Health & Infectious Diseases');
INSERT INTO course(University,Course) VALUES ('Radboud University','Pediatric Infectious Diseases and Immunity');
INSERT INTO course(University,Course) VALUES ('Radboud University','Infectious Disease and Prevention');
INSERT INTO course(University,Course) VALUES ('Radboud University','Societal impact of Artificial Intelligence');
INSERT INTO course(University,Course) VALUES ('Radboud University','Module: Global Justice and Human Rights');
INSERT INTO course(University,Course) VALUES ('Radboud University','Module: Ecology and Sustainability');
INSERT INTO course(University,Course) VALUES ('Radboud University','Medical biotechnology towards clinical practice');
INSERT INTO course(University,Course) VALUES ('Radboud University','History of Biology');
INSERT INTO course(University,Course) VALUES ('Radboud University','Globalising Worlds / Human Geography');
INSERT INTO course(University,Course) VALUES ('Radboud University','Borders and Identities in Europe');
INSERT INTO course(University,Course) VALUES ('Radboud University','Space and Environment in the European Union');
INSERT INTO course(University,Course) VALUES ('Radboud University','Intercultural Communication');
INSERT INTO course(University,Course) VALUES ('Radboud University','Psychology and Media Content');
INSERT INTO course(University,Course) VALUES ('Radboud University','Module: Religious Contacts and Conflicts');
INSERT INTO course(University,Course) VALUES ('Radboud University','Biology and Society');
INSERT INTO course(University,Course) VALUES ('Vytautas Magnus University','GRAPHICS AND VISUALIZATION');
INSERT INTO course(University,Course) VALUES ('Vytautas Magnus University','Creative and Feature Writing');
INSERT INTO course(University,Course) VALUES ('Vytautas Magnus University','Lithuanian History');
INSERT INTO course(University,Course) VALUES ('Vytautas Magnus University','Cultural Diversity and Intercultural Communication');
INSERT INTO course(University,Course) VALUES ('Vytautas Magnus University','Managerial Decision Making');
INSERT INTO course(University,Course) VALUES ('Vytautas Magnus University','Leadership');
INSERT INTO course(University,Course) VALUES ('Vytautas Magnus University','Ecology and Global Change');
INSERT INTO course(University,Course) VALUES ('Vytautas Magnus University','Competitiveness and Innovation');
INSERT INTO course(University,Course) VALUES ('Vytautas Magnus University','Studies of Colonialism and Post-Colonialism');
INSERT INTO course(University,Course) VALUES ('Vytautas Magnus University','Environment al Quality Assessment and Monitoring');
INSERT INTO course(University,Course) VALUES ('Vytautas Magnus University','Introduction to Sociolinguistics');
INSERT INTO course(University,Course) VALUES ('Vytautas Magnus University','Social Change');
INSERT INTO course(University,Course) VALUES ('Vytautas Magnus University','Social Inequality and Exclusion');
INSERT INTO course(University,Course) VALUES ('Vytautas Magnus University','POSITIVE PSYCHOLOGY');
INSERT INTO course(University,Course) VALUES ('Vytautas Magnus University','Media and Popular Culture');
INSERT INTO course(University,Course) VALUES ('Vytautas Magnus University','Political Systems');
INSERT INTO course(University,Course) VALUES ('Vytautas Magnus University','Sociology of Health');
INSERT INTO course(University,Course) VALUES ('Vytautas Magnus University','Trade Management and E-commerce');
INSERT INTO course(University,Course) VALUES ('Vytautas Magnus University','BASICS OF AUDIOVISUAL ART');
INSERT INTO course(University,Course) VALUES ('Vytautas Magnus University','LITHUANIAN AS A FOREIGN LANGUAGE A1');
INSERT INTO course(University,Course) VALUES ('Sciences Po','Trade and International Finance');
INSERT INTO course(University,Course) VALUES ('Sciences Po','Microeconomics: Information, Design and Institutions');
INSERT INTO course(University,Course) VALUES ('Sciences Po','Introduction to the Political Economy of Global Food Systems');
INSERT INTO course(University,Course) VALUES ('Sciences Po','Mathemathics for Economists');
INSERT INTO course(University,Course) VALUES ('Sciences Po','Mass Violence in Modern Asia');
INSERT INTO course(University,Course) VALUES ('Sciences Po','Diplomasea: Trade, Forces and Exchanges at Sea');
INSERT INTO course(University,Course) VALUES ('Sciences Po','Environmental Challenges in Asia');
INSERT INTO course(University,Course) VALUES ('Sciences Po','Chinese Constitutional Law in Comparative Perspective');
INSERT INTO course(University,Course) VALUES ('Sciences Po','Contemporary Constitutional Law');
INSERT INTO course(University,Course) VALUES ('Sciences Po','Comparative Politics');
INSERT INTO course(University,Course) VALUES ('Sciences Po','Abcs of Politics: Theoretical And Practical Perspectives on Contemporary Politics (The)');
INSERT INTO course(University,Course) VALUES ('Sciences Po','Diplomacy in Practice');
INSERT INTO course(University,Course) VALUES ('Sciences Po','Narratives and Representations of the Past');
INSERT INTO course(University,Course) VALUES ('Sciences Po','Applied Media Literacy: Exploring and Producing Contemporary Multimedia');
INSERT INTO course(University,Course) VALUES ('Sciences Po','Significant Topics in Sociology : Gender');
INSERT INTO course(University,Course) VALUES ('Sciences Po','The Law Drafting Process in Western Democracies');
INSERT INTO course(University,Course) VALUES ('Sciences Po','International Criminal Law Through the Prism of Drug Policy');
INSERT INTO course(University,Course) VALUES ('Universitat Pompeu Fabra','Analyzing Online Journalism');
INSERT INTO course(University,Course) VALUES ('Universitat Pompeu Fabra','Art and Gender in Contemporary Spain');
INSERT INTO course(University,Course) VALUES ('Universitat Pompeu Fabra','Barcelona the City and its History');
INSERT INTO course(University,Course) VALUES ('Universitat Pompeu Fabra','Cinematic Creativity in Spain: Authorship, Industry, Politics');
INSERT INTO course(University,Course) VALUES ('Universitat Pompeu Fabra','Collective Intelligence, Global Challenges and Planetary Wellbeing');
INSERT INTO course(University,Course) VALUES ('Universitat Pompeu Fabra','Ethics in a Globalization and Sustainability Context');
INSERT INTO course(University,Course) VALUES ('Universitat Pompeu Fabra','Gender-based Violence and International Protection of Human Rights');
INSERT INTO course(University,Course) VALUES ('Universitat Pompeu Fabra','Global Culture and Marketing of FC Barcelona');
INSERT INTO course(University,Course) VALUES ('Universitat Pompeu Fabra','Literary texts: interpreting, dialoguing, creating');
INSERT INTO course(University,Course) VALUES ('Universitat Pompeu Fabra','The Global Governance of the Internet and of Future Emerging Technologies');
INSERT INTO course(University,Course) VALUES ('Universitat Pompeu Fabra','Globalization, Human Development and Sustainability: Politics and Policies in the Framework of the 2030 Agenda');
INSERT INTO course(University,Course) VALUES ('Universitat Pompeu Fabra','Great Ideas that Have Shaped our World: From the Axial Age to the Artificial Intelligence Revolution');
INSERT INTO course(University,Course) VALUES ('Universitat Pompeu Fabra','Innovation and the Law. How Technology Changes the Legal System');
INSERT INTO course(University,Course) VALUES ('Universitat Pompeu Fabra','Laws of Creativity. The Impact of Legal Systems on Artistic Practices and Other Creative Endeavors');
INSERT INTO course(University,Course) VALUES ('Universitat Pompeu Fabra','Literary texts: interpreting, dialoguing, creating');
INSERT INTO course(University,Course) VALUES ('Universitat Pompeu Fabra','What is news: truth, disinformation and hegemony?');
INSERT INTO course(University,Course) VALUES ('Sapienza University of Rome','Global Humanities: Critical Theories and Transnational Cultures');
INSERT INTO course(University,Course) VALUES ('Sapienza University of Rome','Gender and Society');
INSERT INTO course(University,Course) VALUES ('Sapienza University of Rome','Law Bioethics and Human Rights');
INSERT INTO course(University,Course) VALUES ('Sapienza University of Rome','Emerging Africa in The Framework of The Sustainable Development Goals');
INSERT INTO course(University,Course) VALUES ('Sapienza University of Rome','Foundation in Human Geography');
INSERT INTO course(University,Course) VALUES ('Sapienza University of Rome','Classical Archeology');
INSERT INTO course(University,Course) VALUES ('Sapienza University of Rome','Italian Renaissance');
INSERT INTO course(University,Course) VALUES ('Sapienza University of Rome','Near Eastern Archeology');
INSERT INTO course(University,Course) VALUES ('Sapienza University of Rome','Artists on the Move: East-West');
INSERT INTO course(University,Course) VALUES ('Sapienza University of Rome','Phoenician and Mediterranean Archeology');
INSERT INTO course(University,Course) VALUES ('Sapienza University of Rome','Roman History');
INSERT INTO course(University,Course) VALUES ('Sapienza University of Rome','Latin Culture and Literature: Latin Language');
INSERT INTO course(University,Course) VALUES ('Sapienza University of Rome','Ancient Greek Culture and Literature: Ancient Greek Language');
INSERT INTO course(University,Course) VALUES ('Sapienza University of Rome','Ancient Greek History');
INSERT INTO course(University,Course) VALUES ('Sapienza University of Rome','Italian Culture and Literature');
INSERT INTO course(University,Course) VALUES ('University of Padua','ITALIAN LITERATURE IN THE MIDDLE AGES');
INSERT INTO course(University,Course) VALUES ('University of Padua','MAKING ART IN MEDIEVAL ITALY');
INSERT INTO course(University,Course) VALUES ('University of Padua','ARTIFICIAL INTELLIGENCE');
INSERT INTO course(University,Course) VALUES ('University of Padua','PSYCHOLOGY OF INDIVIDUAL DIFFERENCES');
INSERT INTO course(University,Course) VALUES ('University of Padua','PSYCHOLOGY OF LEARNING: FROM INDIVIDUALS TO CULTURES');
INSERT INTO course(University,Course) VALUES ('University of Padua','ANIMAL PSYCHOLOGY');
INSERT INTO course(University,Course) VALUES ('University of Padua','GENERAL PSYCHOLOGY');
INSERT INTO course(University,Course) VALUES ('University of Padua','BASIC CONCEPTS IN NEUROPHYSIOLOGY');
INSERT INTO course(University,Course) VALUES ('University of Padua','PALEOCLIMATOLOGY, CLIMATOLOGY AND CLIMATE MODELS');
INSERT INTO course(University,Course) VALUES ('University of Padua','WORK AND ORGANISATIONAL PSYCHOLOGY');
INSERT INTO course(University,Course) VALUES ('University of Padua','DEVELOPMENTAL PSYCHOLOGY ACROSS CULTURES');
INSERT INTO course(University,Course) VALUES ('University of Padua','CYBERSECURITY: PRINCIPLES AND PRACTICES');
INSERT INTO course(University,Course) VALUES ('University of Padua','FOUNDATIONS OF COMPUTER SCIENCE');
INSERT INTO course(University,Course) VALUES ('University of Padua','DATA ACCESS AND WEB');
INSERT INTO course(University,Course) VALUES ('University of Padua','ENGLISH IN INTERCULTURAL SETTINGS');
INSERT INTO course(University,Course) VALUES ('University of Padua','PSYCHOLOGY OF HEALTH AND STRESS');
INSERT INTO course(University,Course) VALUES ('University of Padua','HISTORY OF ECONOMIC THOUGHT');
INSERT INTO course(University,Course) VALUES ('University of Padua','HISTORY OF INTERNATIONAL RELATIONS');
INSERT INTO course(University,Course) VALUES ('University of Padua','BASIC CONCEPTS OF PSYCHOLOGY');
INSERT INTO course(University,Course) VALUES ('University of Padua','PHILOSOPHY OF SCIENCE');
INSERT INTO course(University,Course) VALUES ('Universidad Autónoma de Madrid','From the Middle Ages to the Renaissance in English Literature');
INSERT INTO course(University,Course) VALUES ('Universidad Autónoma de Madrid','Emerging Human Rights: New Issues and Contemporary Solutions');
INSERT INTO course(University,Course) VALUES ('Universidad Autónoma de Madrid','International Finance');
INSERT INTO course(University,Course) VALUES ('Universidad Autónoma de Madrid','DEMOCRATIC THEORY AND POLITICAL ANALYSIS');
INSERT INTO course(University,Course) VALUES ('Universidad Autónoma de Madrid','Political Actors and Collective Action');
INSERT INTO course(University,Course) VALUES ('Universidad Autónoma de Madrid','International Management');
INSERT INTO course(University,Course) VALUES ('Universidad Autónoma de Madrid','International Marketing');
INSERT INTO course(University,Course) VALUES ('Universidad Autónoma de Madrid','The Enlightenment in English and American Literature');
INSERT INTO course(University,Course) VALUES ('Universidad Autónoma de Madrid','LATIN AMERICA: FROM THE ATLANTIC TO THE PACIFIC (Grupo 320)');
INSERT INTO course(University,Course) VALUES ('Universidad Autónoma de Madrid','FOREIGN TRADE TECHNIQUES');
INSERT INTO course(University,Course) VALUES ('Universidad Autónoma de Madrid','History of the Twentieth Century');
INSERT INTO course(University,Course) VALUES ('Universidad Autónoma de Madrid','Intercultural Communication');
INSERT INTO course(University,Course) VALUES ('Universidad Autónoma de Madrid','Geography of population and inequality (group 320)');
INSERT INTO course(University,Course) VALUES ('Universidad Autónoma de Madrid','LITERATURE AND CULTURE OF ENGLISH SPEAKING COUNTRIES: THE 19TH CENTURY I');
INSERT INTO course(University,Course) VALUES ('Universidad Autónoma de Madrid','International Economics');
INSERT INTO course(University,Course) VALUES ('Universidad Autónoma de Madrid','The First Globalization, 15th-18th Centuries');
INSERT INTO course(University,Course) VALUES ('Universidad Autónoma de Madrid','Health Psychology');
INSERT INTO course(University,Course) VALUES ('Universidad Autónoma de Madrid','History of Psychology, Science and Profession (group 140)');
INSERT INTO course(University,Course) VALUES ('Universidad Autónoma de Madrid','LITERATURE AND CULTURE OF ENGLISH SPEAKING COUNTRIES: MODERNISM');
INSERT INTO course(University,Course) VALUES ('University of Groningen','Introduction to Criminology');
INSERT INTO course(University,Course) VALUES ('University of Groningen','Rituals in Theory and Practice');
INSERT INTO course(University,Course) VALUES ('University of Groningen','Religion, Space and Place');
INSERT INTO course(University,Course) VALUES ('University of Groningen','Spatial Problems and Spatial Policies / Understanding the Netherlands');
INSERT INTO course(University,Course) VALUES ('University of Groningen','Migration and Development');
INSERT INTO course(University,Course) VALUES ('University of Groningen','Global Business History (Faculty of Economics and Business)');
INSERT INTO course(University,Course) VALUES ('University of Groningen','Managing International Business Organizations GAME (Faculty of Economics and Business)');
INSERT INTO course(University,Course) VALUES ('University of Groningen','Spirituality and Secular Religion (Faculty of Religion, Culture, and Society)');
INSERT INTO course(University,Course) VALUES ('University of Groningen','People, Place and Culture');
INSERT INTO course(University,Course) VALUES ('University of Groningen','Christianity and Religious Diversity (Faculty of Religion, Culture, and Society)');
INSERT INTO course(University,Course) VALUES ('University of Groningen','Digital Transformation in International Business (Faculty of Economics and Business)');
INSERT INTO course(University,Course) VALUES ('University of Groningen','Dutch Studies Lecture Series (Faculty of Arts)');
INSERT INTO course(University,Course) VALUES ('University of Groningen','Ethics and International Business (Faculty of Economics and Business)');
INSERT INTO course(University,Course) VALUES ('University of Groningen','Firm Location and Foreign Direct Investment (Faculty of Economics and Business)');
INSERT INTO course(University,Course) VALUES ('University of Groningen','Fundamentals of Finance for IB (Faculty of Economics and Business)');
INSERT INTO course(University,Course) VALUES ('Belarusian State University','Economic Diplomacy of the Republic of Belarus');
INSERT INTO course(University,Course) VALUES ('Belarusian State University','Republic of Belarus in integration associations');
INSERT INTO course(University,Course) VALUES ('Belarusian State University','Design Thinking');
INSERT INTO course(University,Course) VALUES ('Belarusian State University','English for Business Communication');
INSERT INTO course(University,Course) VALUES ('Belarusian State University','Cross-Cultural Communication Practices');
INSERT INTO course(University,Course) VALUES ('Belarusian State University','Introduction to Python Programming');
INSERT INTO course(University,Course) VALUES ('Belarusian State University','Language of Mass Media');
INSERT INTO course(University,Course) VALUES ('Belarusian State University','Critical Reading');
INSERT INTO course(University,Course) VALUES ('Belarusian State University','Academic Writing');
INSERT INTO course(University,Course) VALUES ('Belarusian State University','Historical and cultural heritage of Belarus');
INSERT INTO course(University,Course) VALUES ('Belarusian State University','Traditional Belarusian Culture, Modern Economy and Law');
INSERT INTO course(University,Course) VALUES ('Belarusian State University','Law in Modern Society');
INSERT INTO course(University,Course) VALUES ('Belarusian State University','Privacy and Data Protection');
INSERT INTO course(University,Course) VALUES ('Belarusian State University','Art of Parliamentary Debate');
INSERT INTO course(University,Course) VALUES ('Belarusian State University','Project Development and Management');
INSERT INTO course(University,Course) VALUES ('Belarusian State University','Information Technologies and Social Transformation');
INSERT INTO course(University,Course) VALUES ('Belarusian State University','Psychology of mental processing');
INSERT INTO course(University,Course) VALUES ('Aalto University','Starting up');
INSERT INTO course(University,Course) VALUES ('Aalto University','Enterpreneurship Essentials');
INSERT INTO course(University,Course) VALUES ('Aalto University','Good Life Engine');
INSERT INTO course(University,Course) VALUES ('Aalto University','Product Analysis');
INSERT INTO course(University,Course) VALUES ('Aalto University','Product Sustainability');
INSERT INTO course(University,Course) VALUES ('Aalto University','Principles of Algorithmic Techniques');
INSERT INTO course(University,Course) VALUES ('Aalto University','Human-Computer Interaction');
INSERT INTO course(University,Course) VALUES ('Aalto University','Machine Learning');
INSERT INTO course(University,Course) VALUES ('Aalto University','Web Software Development');
INSERT INTO course(University,Course) VALUES ('Aalto University','Information Security');
INSERT INTO course(University,Course) VALUES ('Aalto University','Signals and Systems');
INSERT INTO course(University,Course) VALUES ('Aalto University','Software Engineering');
INSERT INTO course(University,Course) VALUES ('Aalto University','Logic and hard computational problems');
INSERT INTO course(University,Course) VALUES ('Aalto University','Basics in Electronics');
INSERT INTO course(University,Course) VALUES ('Aalto University','Finnish, Finnish culture');
INSERT INTO course(University,Course) VALUES ('Aalto University','Developing Global Competence: Working in an International Virtual Team');
INSERT INTO course(University,Course) VALUES ('Aalto University','Intercultural communication');
INSERT INTO course(University,Course) VALUES ('University of Pécs','Social Development');
INSERT INTO course(University,Course) VALUES ('University of Pécs','Intercultural Communication');
INSERT INTO course(University,Course) VALUES ('University of Pécs','Reflective Communication Skills Training');
INSERT INTO course(University,Course) VALUES ('University of Pécs','The EU in International Affairs');
INSERT INTO course(University,Course) VALUES ('University of Pécs','Organizational Behaviour');
INSERT INTO course(University,Course) VALUES ('University of Pécs','International Business Communication');
INSERT INTO course(University,Course) VALUES ('University of Pécs','International Business');
INSERT INTO course(University,Course) VALUES ('University of Pécs','Marketing Calculations');
INSERT INTO course(University,Course) VALUES ('University of Pécs','Information and Communication Technology Law in EU and in Hungary');
INSERT INTO course(University,Course) VALUES ('University of Pécs','Cultural Heritage of Pécs');
INSERT INTO course(University,Course) VALUES ('University of Pécs','Introduction to the Ancient Greek and Roman World');
INSERT INTO course(University,Course) VALUES ('University of Pécs','Business Case Studies');
INSERT INTO course(University,Course) VALUES ('University of Pécs','International Environmental Policy And Law');
INSERT INTO course(University,Course) VALUES ('University of Pécs','Creativity Development Practice');
INSERT INTO course(University,Course) VALUES ('University of Pécs','The Art of Writing and Presenting');
INSERT INTO course(University,Course) VALUES ('University of Pécs','Sustainable Development and Environmental Protection');
INSERT INTO course(University,Course) VALUES ('University of Pécs','Introduction to Film Studies');
INSERT INTO course(University,Course) VALUES ('University of Pécs','Domestic and International Practices of Social Policy');
INSERT INTO course(University,Course) VALUES ('University of Pécs','Geography of Elections');
INSERT INTO course(University,Course) VALUES ('University of Pécs','Introduction to Social Communication');
INSERT INTO course(University,Course) VALUES ('University of Siena','FUNDAMENTALS OF ECONOMICS AND ECONOMIC HISTORY');
INSERT INTO course(University,Course) VALUES ('University of Siena','INTERNATIONAL ECONOMICS');
INSERT INTO course(University,Course) VALUES ('University of Siena','METHODS FOR SOCIAL SCIENCE ANALYSIS');
INSERT INTO course(University,Course) VALUES ('University of Siena','BEHAVIOUR AND EXPERIMENTS IN SOCIAL SCIENCES');
INSERT INTO course(University,Course) VALUES ('University of Siena','GLOBALIZATION AND INEQUALITY (mod.1+2)');
INSERT INTO course(University,Course) VALUES ('University of Siena','LANGUAGE, SOCIETY AND IDEOLOGY');
INSERT INTO course(University,Course) VALUES ('University of Siena','CULTURAL HERITAGE AND CULTURAL RELATIONSHIPS');
INSERT INTO course(University,Course) VALUES ('University of Siena','ANTHROPOLOGY OF CULTURAL HERITAGE');
INSERT INTO course(University,Course) VALUES ('University of Siena','DATA AND SOCIETY');
INSERT INTO course(University,Course) VALUES ('University of Siena','PROJECT MANAGEMENT');
INSERT INTO course(University,Course) VALUES ('University of Siena','MARKETING AND INNOVATION MANAGEMENT');
INSERT INTO course(University,Course) VALUES ('University of Siena','ARTIFICIAL INTELLIGENCE');
INSERT INTO course(University,Course) VALUES ('University of Siena','HUMAN-CENTERED ROBOTICS');
INSERT INTO course(University,Course) VALUES ('University of Siena','DIGITAL EMBEDDED ELECTRONICS FOR SMART INDUSTRY');
INSERT INTO course(University,Course) VALUES ('University of Siena','EMERGING SYNTHETIC METHODOLOGIES');
INSERT INTO course(University,Course) VALUES ('University of Siena','LIFE CYCLE THINKING');
INSERT INTO course(University,Course) VALUES ('University of Siena','ADVANCED MANAGEMENT CONTROL AND SUSTAINABLE DEVELOPMENT');
INSERT INTO course(University,Course) VALUES ('University of Siena','NEW MEDIA AND GLOBALIZATION');
INSERT INTO course(University,Course) VALUES ('University of Siena','MEDIA INDUSTRY AND STRATEGIC COMMUNICATION');
INSERT INTO course(University,Course) VALUES ('University of Siena','RELIGIOUS DIPLOMACY');
INSERT INTO course(University,Course) VALUES ('Technische Universität Dresden','Fundamentals of education and culture in Germany');
INSERT INTO course(University,Course) VALUES ('Technische Universität Dresden','Fundamentals of professional and adult education');
INSERT INTO course(University,Course) VALUES ('Technische Universität Dresden','Design of teaching-learning arrangements and Media applications');
INSERT INTO course(University,Course) VALUES ('Technische Universität Dresden','Management processes in education');
INSERT INTO course(University,Course) VALUES ('Technische Universität Dresden','Educational Psychology');
INSERT INTO course(University,Course) VALUES ('Technische Universität Dresden','International production and service structures and their Educational');
INSERT INTO course(University,Course) VALUES ('Technische Universität Dresden','International Approaches to professional education and teacher training');
INSERT INTO course(University,Course) VALUES ('Technische Universität Dresden','Development and evaluation of with focus on professional and professional education');
INSERT INTO course(University,Course) VALUES ('Technische Universität Dresden','Field research on professional education');
INSERT INTO course(University,Course) VALUES ('Technische Universität Dresden','Engineering Education');
INSERT INTO course(University,Course) VALUES ('Technische Universität Dresden','Educational Technology');
INSERT INTO course(University,Course) VALUES ('Technische Universität Dresden','Human Resources Development');
INSERT INTO course(University,Course) VALUES ('Aix-Marseille University','Advanced statistics');
INSERT INTO course(University,Course) VALUES ('Aix-Marseille University','Business economics');
INSERT INTO course(University,Course) VALUES ('Aix-Marseille University','Business game');
INSERT INTO course(University,Course) VALUES ('Aix-Marseille University','European competition policy');
INSERT INTO course(University,Course) VALUES ('Aix-Marseille University','International marketing');
INSERT INTO course(University,Course) VALUES ('Aix-Marseille University','International trade');
INSERT INTO course(University,Course) VALUES ('Aix-Marseille University','Introduction to data science');
INSERT INTO course(University,Course) VALUES ('Aix-Marseille University','Managing local organizations');
INSERT INTO course(University,Course) VALUES ('Aix-Marseille University','Microeconomics');
INSERT INTO course(University,Course) VALUES ('Aix-Marseille University','Project management');
INSERT INTO course(University,Course) VALUES ('Université de Caen Normandie','Business and Trade');
INSERT INTO course(University,Course) VALUES ('Université de Caen Normandie','Financial Management');
INSERT INTO course(University,Course) VALUES ('Université de Caen Normandie','Management');
INSERT INTO course(University,Course) VALUES ('Université de Caen Normandie','Professional Experience and Development');
INSERT INTO course(University,Course) VALUES ('Université de Caen Normandie','History and Lesson about Nuclear Energy');
INSERT INTO course(University,Course) VALUES ('Université de Caen Normandie','Materials Science & Chemistry');
INSERT INTO course(University,Course) VALUES ('Université de Caen Normandie','Mathematics');
INSERT INTO course(University,Course) VALUES ('Université de Caen Normandie','Mechanics & resistance of structures');
INSERT INTO course(University,Course) VALUES ('Université de Caen Normandie','Spoken communication');
INSERT INTO course(University,Course) VALUES ('Université de Caen Normandie','Surface physics and engineering');
INSERT INTO course(University,Course) VALUES ('Université de Caen Normandie','Computational Fluid Dynamics for EMR');
INSERT INTO course(University,Course) VALUES ('Université de Caen Normandie','Electronics part 2 : introduction to sensors');
INSERT INTO course(University,Course) VALUES ('Université de Caen Normandie','Ethics and epistemology');
INSERT INTO course(University,Course) VALUES ('Université de Caen Normandie','General Mechanics & Technology');
INSERT INTO course(University,Course) VALUES ('Université de Caen Normandie','Granular media');
INSERT INTO course(University,Course) VALUES ('Université de Caen Normandie','Hazard analysis');
INSERT INTO course(University,Course) VALUES ('Charles University','Cities in Civilization');
INSERT INTO course(University,Course) VALUES ('Charles University','History of Human Rights in International Relations');
INSERT INTO course(University,Course) VALUES ('Charles University','Iconology: Art-historical and Philosophical Aspects of Reading the Cultural Phenomena');
INSERT INTO course(University,Course) VALUES ('Charles University','Preparatory Seminar for Introduction to European History');
INSERT INTO course(University,Course) VALUES ('Charles University','Theory of Strategic Interaction');
INSERT INTO course(University,Course) VALUES ('Charles University','Behavioral Economics');
INSERT INTO course(University,Course) VALUES ('Charles University','Introduction to Intellectual History: Approaches and Methods');
INSERT INTO course(University,Course) VALUES ('Charles University','Understanding a small state: Czech Republic in a nutshell');
INSERT INTO course(University,Course) VALUES ('Charles University','Czech for Beginners – Survival Skills');
INSERT INTO course(University,Course) VALUES ('Charles University','Introduction to Machine Learning with Python');
INSERT INTO course(University,Course) VALUES ('Charles University','Machine Learning in Computer Vision');
INSERT INTO course(University,Course) VALUES ('Charles University','Introduction to Computer Linguistics');
INSERT INTO course(University,Course) VALUES ('Charles University','Introduction to Robotics');
INSERT INTO course(University,Course) VALUES ('Charles University','Introduction to Computer Graphics');
INSERT INTO course(University,Course) VALUES ('Charles University','The Human Condition: Introduction to Philosophical Anthropology');
INSERT INTO course(University,Course) VALUES ('Charles University','Cybersecurity: Concepts and Practice');
INSERT INTO course(University,Course) VALUES ('Charles University','Cross-Cultural Studies');
INSERT INTO course(University,Course) VALUES ('Charles University','Approaches to Conflict and Violence');
INSERT INTO course(University,Course) VALUES ('Charles University','Introduction to cyberpsychology');
INSERT INTO course(University,Course) VALUES ('Charles University','Management and Organizational Behavior');
INSERT INTO course(University,Course) VALUES ('Saint Petersburg State University','Comparative Sociology');
INSERT INTO course(University,Course) VALUES ('Saint Petersburg State University','Corporate Social Responsibility and Business Ethics');
INSERT INTO course(University,Course) VALUES ('Saint Petersburg State University','Cultural Studies');
INSERT INTO course(University,Course) VALUES ('Saint Petersburg State University','Evolution, Human Cognition and Language');
INSERT INTO course(University,Course) VALUES ('Saint Petersburg State University','Fundamentals of Information Search Theory');
INSERT INTO course(University,Course) VALUES ('Saint Petersburg State University','Intercultural Communication');
INSERT INTO course(University,Course) VALUES ('Saint Petersburg State University','Introduction to Anthropological Linguistics');
INSERT INTO course(University,Course) VALUES ('Saint Petersburg State University','Mathematical Models of Language');
INSERT INTO course(University,Course) VALUES ('Saint Petersburg State University','Russian language for Foreign Students');
INSERT INTO course(University,Course) VALUES ('Saint Petersburg State University','Russian Studies');
INSERT INTO course(University,Course) VALUES ('RUDN University','Energy Resources Management');
INSERT INTO course(University,Course) VALUES ('RUDN University','Environmental Quality Assessment');
INSERT INTO course(University,Course) VALUES ('RUDN University','Global and Regional Climate Change: Strategies of Adaptation and Mitigation');
INSERT INTO course(University,Course) VALUES ('RUDN University','Greenhouse Gases Emissions Accounting and Management');
INSERT INTO course(University,Course) VALUES ('RUDN University','Hello, Russia! Basics of Russian Language and Culture');
INSERT INTO course(University,Course) VALUES ('RUDN University','Modern Waste Management');
INSERT INTO course(University,Course) VALUES ('RUDN University','Remote Sensing and GIS Technologies for Sustainable Development Projects');
INSERT INTO course(University,Course) VALUES ('RUDN University','Sustainable Urban Development Management: Basic Indicators and Models');
INSERT INTO course(University,Course) VALUES ('RUDN University','Urban Ecosystems and Their Services');
INSERT INTO course(University,Course) VALUES ('RUDN University','Water Quality Management and Modeling in the City');
INSERT INTO course(University,Course) VALUES ('Higher School of Economics National Research University','Business Communications');
INSERT INTO course(University,Course) VALUES ('Higher School of Economics National Research University','International Business');
INSERT INTO course(University,Course) VALUES ('Higher School of Economics National Research University','Spatial Data Management');
INSERT INTO course(University,Course) VALUES ('Higher School of Economics National Research University','Functional and Logic Programming');
INSERT INTO course(University,Course) VALUES ('Higher School of Economics National Research University','IoT Ecosystems');
INSERT INTO course(University,Course) VALUES ('Higher School of Economics National Research University','Databases');
INSERT INTO course(University,Course) VALUES ('Higher School of Economics National Research University','Information Systems');
INSERT INTO course(University,Course) VALUES ('Higher School of Economics National Research University','Python Programming');
INSERT INTO course(University,Course) VALUES ('Higher School of Economics National Research University','Tactical Tools of Marketing');
INSERT INTO course(University,Course) VALUES ('Higher School of Economics National Research University','Customer Analytics');
INSERT INTO course(University,Course) VALUES ('Higher School of Economics National Research University','Logistics and Supply Chain Management');
INSERT INTO course(University,Course) VALUES ('Higher School of Economics National Research University','International Marketing');
INSERT INTO course(University,Course) VALUES ('Higher School of Economics National Research University','International Financial Management');
INSERT INTO course(University,Course) VALUES ('Higher School of Economics National Research University','Product Management');
INSERT INTO course(University,Course) VALUES ('Higher School of Economics National Research University','Marketing Strategy');
INSERT INTO course(University,Course) VALUES ('Information Technologies, Mechanics and Optics (ITMO) University','Biodiversity Management and Sustainability');
INSERT INTO course(University,Course) VALUES ('Information Technologies, Mechanics and Optics (ITMO) University','Computer Networks – Advanced Features');
INSERT INTO course(University,Course) VALUES ('Information Technologies, Mechanics and Optics (ITMO) University','Control Systems Programming');
INSERT INTO course(University,Course) VALUES ('Information Technologies, Mechanics and Optics (ITMO) University','Environmental Design');
INSERT INTO course(University,Course) VALUES ('Information Technologies, Mechanics and Optics (ITMO) University','Machine learning');
INSERT INTO course(University,Course) VALUES ('Information Technologies, Mechanics and Optics (ITMO) University','Mobile Systems Security');
INSERT INTO course(University,Course) VALUES ('Information Technologies, Mechanics and Optics (ITMO) University','Network Security');
INSERT INTO course(University,Course) VALUES ('Information Technologies, Mechanics and Optics (ITMO) University','Sensorless Control');
INSERT INTO course(University,Course) VALUES ('Information Technologies, Mechanics and Optics (ITMO) University','Theory and Practice of Waste Management');
INSERT INTO course(University,Course) VALUES ('Information Technologies, Mechanics and Optics (ITMO) University','Transition to Alternative Energy');
INSERT INTO course(University,Course) VALUES ('University of Granada','SPANISH GRAMMAR');
INSERT INTO course(University,Course) VALUES ('University of Granada','SPEAKING AND WRITING SKILLS');
INSERT INTO course(University,Course) VALUES ('University of Granada','SPANISH LITERATURE');
INSERT INTO course(University,Course) VALUES ('University of Granada','SOCIAL AND DEMOGRAPHICS CHANGES IN SPAIN');
INSERT INTO course(University,Course) VALUES ('University of Granada','HISTORY OF ART IN SPAIN');
INSERT INTO course(University,Course) VALUES ('University of Granada','HISTORY OF SPAIN');
INSERT INTO course(University,Course) VALUES ('University of Granada','LATIN AMERICA CIVILIZATION AND CULTURE');
INSERT INTO course(University,Course) VALUES ('University of Granada','SPANISH CIVILIZATION AND CULTURE');
INSERT INTO course(University,Course) VALUES ('University of Granada','ISLAMIC CULTURE IN SPAIN');
INSERT INTO course(University,Course) VALUES ('University of Granada','INTERNATIONAL STRATEGIC MANAGEMENT');
INSERT INTO course(University,Course) VALUES ('University of Granada','THE ARAB WORLD AND THE WEST: PAST AND FUTURE');
INSERT INTO course(University,Course) VALUES ('University of Granada','SUSTAINABILITY IN THE MEDITERRANEAN: APPROACHING LOCAL SELF-SUSTAINABLE DEVELOPMENT');
INSERT INTO course(University,Course) VALUES ('University of Granada','SPANISH AND LATIN AMERICA ECONOMIES');
INSERT INTO course(University,Course) VALUES ('University of Granada','ENVIRONMENTAL POLITICS OF THE EUROPEAN UNION');
INSERT INTO course(University,Course) VALUES ('University of Granada','THE POLITICAL SYSTEMS OF SPAIN AND EUROPEAN UNION');
INSERT INTO course(University,Course) VALUES ('University of Granada','INTERNATIONAL MARKETING');
INSERT INTO course(University,Course) VALUES ('University of Granada','HEALTH SCIENCES AND PUBLIC HEALTH IN SPAIN');
INSERT INTO course(University,Course) VALUES ('University of Granada','MATHEMATICS AND REALITY');
INSERT INTO course(University,Course) VALUES ('KTH Royal Institute of Technology','Management and Leadership');
INSERT INTO course(University,Course) VALUES ('KTH Royal Institute of Technology','Technology and Ecosystems');
INSERT INTO course(University,Course) VALUES ('KTH Royal Institute of Technology','Technology and Ethics');
INSERT INTO course(University,Course) VALUES ('KTH Royal Institute of Technology','Energy and Geopolitics');
INSERT INTO course(University,Course) VALUES ('KTH Royal Institute of Technology','Political Ecology');
INSERT INTO course(University,Course) VALUES ('KTH Royal Institute of Technology','Sustainable Food Production and Consumption');
INSERT INTO course(University,Course) VALUES ('KTH Royal Institute of Technology','Global Development and Political Ecology');
INSERT INTO course(University,Course) VALUES ('KTH Royal Institute of Technology','Materials Properties I');
INSERT INTO course(University,Course) VALUES ('KTH Royal Institute of Technology','Entrepreneurship and Management');
INSERT INTO course(University,Course) VALUES ('KTH Royal Institute of Technology','English for Employment');
INSERT INTO course(University,Course) VALUES ('KTH Royal Institute of Technology','Technical Communication in English');
INSERT INTO course(University,Course) VALUES ('KTH Royal Institute of Technology','Circular Economy for Materials Processing');
INSERT INTO course(University,Course) VALUES ('KTH Royal Institute of Technology','Manufacturing Technology and Planning');
INSERT INTO course(University,Course) VALUES ('KTH Royal Institute of Technology','Materials Processes I');
INSERT INTO course(University,Course) VALUES ('Lund University','Communism in East and Central Europe – Present, Past and Future Perspectives');
INSERT INTO course(University,Course) VALUES ('Lund University','Swedish Society and Everyday Life');
INSERT INTO course(University,Course) VALUES ('Lund University','Social AI through the Looking-Glass');
INSERT INTO course(University,Course) VALUES ('Lund University','The Roman Empire');
INSERT INTO course(University,Course) VALUES ('Lund University','Intercultural Communication');
INSERT INTO course(University,Course) VALUES ('Lund University','Diversity of the World’s Languages');
INSERT INTO course(University,Course) VALUES ('Lund University','Religion and Politics');
INSERT INTO course(University,Course) VALUES ('Lund University','The Emergence of European Culture');
INSERT INTO course(University,Course) VALUES ('Lund University','Gastronomy: Sustainable Eating');
INSERT INTO course(University,Course) VALUES ('Lund University','Modern Design in Scandinavia');
INSERT INTO course(University,Course) VALUES ('Lund University','European Integration at a Crossroads: History, Identities and Values');
INSERT INTO course(University,Course) VALUES ('Lund University','Technology and Swedish Culture: Historical Perspectives');
INSERT INTO course(University,Course) VALUES ('Palacký University Olomouc','Historical Olomouc');
INSERT INTO course(University,Course) VALUES ('Palacký University Olomouc','History of the Future');
INSERT INTO course(University,Course) VALUES ('Palacký University Olomouc','History of the Study of Religions in the Central and Eastern Europe');
INSERT INTO course(University,Course) VALUES ('Palacký University Olomouc','School of Law');
INSERT INTO course(University,Course) VALUES ('Palacký University Olomouc','Media, Culture and Society');
INSERT INTO course(University,Course) VALUES ('Palacký University Olomouc','Sustainable Development (Required course for IISMA students)');
INSERT INTO course(University,Course) VALUES ('Palacký University Olomouc','Czech for Foreigners (Special course for IISMA students only)');
INSERT INTO course(University,Course) VALUES ('Palacký University Olomouc','Marketing Communications');
INSERT INTO course(University,Course) VALUES ('Palacký University Olomouc','Finance and Financial Management');
INSERT INTO course(University,Course) VALUES ('Palacký University Olomouc','Developing Soft Skills through Applied Psychology');
INSERT INTO course(University,Course) VALUES ('Lancaster University','Introduction to Business Intelligence and Analytics');
INSERT INTO course(University,Course) VALUES ('Lancaster University','Structuring Complex Problems');
INSERT INTO course(University,Course) VALUES ('Lancaster University','Entrepreneurship: Discovery and Practice');
INSERT INTO course(University,Course) VALUES ('Lancaster University','Environmental Law');
INSERT INTO course(University,Course) VALUES ('Lancaster University','International Law');
INSERT INTO course(University,Course) VALUES ('Lancaster University','Transformations: From Mass Media to Social Media');
INSERT INTO course(University,Course) VALUES ('Lancaster University','Management and Organisation in Context');
INSERT INTO course(University,Course) VALUES ('Lancaster University','Gender Studies: Identities, Inequalities and Politics');
INSERT INTO course(University,Course) VALUES ('Lancaster University','Global Cinemas: Forms, Debates, Histories');
INSERT INTO course(University,Course) VALUES ('Lancaster University','Women Film Makers');
INSERT INTO course(University,Course) VALUES ('Lancaster University','Global Families and Intimacy');
INSERT INTO course(University,Course) VALUES ('Lancaster University','The Sociological Imagination');
INSERT INTO course(University,Course) VALUES ('Lancaster University','Human - Computer Interaction');
INSERT INTO course(University,Course) VALUES ('Lancaster University','Media Coding & Processing');
INSERT INTO course(University,Course) VALUES ('Lancaster University','Understanding Culture');
INSERT INTO course(University,Course) VALUES ('Lancaster University','Politics in the Modern World');
INSERT INTO course(University,Course) VALUES ('Lancaster University','Project Management Tools & Techniques');
INSERT INTO course(University,Course) VALUES ('Lancaster University','Personal Leadership Development');
INSERT INTO course(University,Course) VALUES ('Lancaster University','Geosocial Spaces');
INSERT INTO course(University,Course) VALUES ('Lancaster University','Marketing Fundamentals');
INSERT INTO course(University,Course) VALUES ('University of Leicester','Principles of Marketing');
INSERT INTO course(University,Course) VALUES ('University of Leicester','Managing Human Resources');
INSERT INTO course(University,Course) VALUES ('University of Leicester','Organisational Behaviour');
INSERT INTO course(University,Course) VALUES ('University of Leicester','The Production of News');
INSERT INTO course(University,Course) VALUES ('University of Leicester','Practical Aims and Methods in Archaeology');
INSERT INTO course(University,Course) VALUES ('University of Leicester','Key Concepts in International Relations');
INSERT INTO course(University,Course) VALUES ('University of Leicester','Words and Meaning: English Vocabulary Development');
INSERT INTO course(University,Course) VALUES ('University of Leicester','Language and Media');
INSERT INTO course(University,Course) VALUES ('University of Leicester','Programming Fundamentals');
INSERT INTO course(University,Course) VALUES ('University of Leicester','Thinking Through Things');
INSERT INTO course(University,Course) VALUES ('University of Leicester','Digital Media and Everyday Life');
INSERT INTO course(University,Course) VALUES ('University of Leicester','Live Sociology');
INSERT INTO course(University,Course) VALUES ('University of Leicester','Introduction to Sensation, Perception and Cognition');
INSERT INTO course(University,Course) VALUES ('University of Leicester','Creative and Computing');
INSERT INTO course(University,Course) VALUES ('University of Leicester','Human Geography for a Globalized World');
INSERT INTO course(University,Course) VALUES ('University of Leicester','The Digital World');
INSERT INTO course(University,Course) VALUES ('University of Leicester','Introduction to Politics');
INSERT INTO course(University,Course) VALUES ('University of Leicester','The Global Cold War: International Relations 1945-1989');
INSERT INTO course(University,Course) VALUES ('University of Leicester','Political Ideas');
INSERT INTO course(University,Course) VALUES ('University of Leicester','International Theory');
INSERT INTO course(University,Course) VALUES ('University of Galway','Castles, Colonists and Crannogs 1100-1350');
INSERT INTO course(University,Course) VALUES ('University of Galway','Prehistoric Ireland & Europe');
INSERT INTO course(University,Course) VALUES ('University of Galway','An Introduction to Twentieth Century Irish Writing');
INSERT INTO course(University,Course) VALUES ('University of Galway','Developmental Psychology 1');
INSERT INTO course(University,Course) VALUES ('University of Galway','Principles of Biomaterials');
INSERT INTO course(University,Course) VALUES ('University of Galway','Molecular and Cellular Biology');
INSERT INTO course(University,Course) VALUES ('University of Galway','Health Psychology');
INSERT INTO course(University,Course) VALUES ('University of Galway','European Human Rights Law - Systems & Themes');
INSERT INTO course(University,Course) VALUES ('University of Galway','Microeconomics for Business');
INSERT INTO course(University,Course) VALUES ('University of Galway','Popular Culture in Pre-Industrial Europe');
INSERT INTO course(University,Course) VALUES ('University of Galway','Nineteenth Century British Literature');
INSERT INTO course(University,Course) VALUES ('University of Galway','People, Ritual and Death: Life in Early Prehistoric Europe');
INSERT INTO course(University,Course) VALUES ('University of Galway','Popular Music, Cultural Identities and Ireland');
INSERT INTO course(University,Course) VALUES ('University of Galway','Marketing Principles');
INSERT INTO course(University,Course) VALUES ('University of Galway','Early & Medieval History of the Celts');
INSERT INTO course(University,Course) VALUES ('University of Galway','Statistics for Data Science 1');
INSERT INTO course(University,Course) VALUES ('University of Galway','Space, Place and the Irish Landscape');
INSERT INTO course(University,Course) VALUES ('University of Galway','Introduction to Positive Psychology');
INSERT INTO course(University,Course) VALUES ('University of Galway','Cases in Marketing Strategy');
INSERT INTO course(University,Course) VALUES ('University of Galway','Human Sexuality');
INSERT INTO course(University,Course) VALUES ('University of Birmingham','Consumer Behaviour');
INSERT INTO course(University,Course) VALUES ('University of Birmingham','Contemporary Issues in International Law and Globalisation');
INSERT INTO course(University,Course) VALUES ('University of Birmingham','Cross-Cultural Cinema: Beyond the Nation-State');
INSERT INTO course(University,Course) VALUES ('University of Birmingham','Discovering Shakespeare A');
INSERT INTO course(University,Course) VALUES ('University of Birmingham','Energy Systems and Policy');
INSERT INTO course(University,Course) VALUES ('University of Birmingham','Fundamentals of Language: Sounds and Words');
INSERT INTO course(University,Course) VALUES ('University of Birmingham','Fundamentals of Leadership');
INSERT INTO course(University,Course) VALUES ('University of Birmingham','Geological Natural Hazards');
INSERT INTO course(University,Course) VALUES ('University of Birmingham','Historical Concepts in the History of Art');
INSERT INTO course(University,Course) VALUES ('University of Birmingham','International Relations Theory');
INSERT INTO course(University,Course) VALUES ('University of Birmingham','Business Law');
INSERT INTO course(University,Course) VALUES ('University of Birmingham','Law Justice and Ethics');
INSERT INTO course(University,Course) VALUES ('University of Birmingham','Language Acquisition and Literacy');
INSERT INTO course(University,Course) VALUES ('University of Birmingham','Lived Religions in Birmingham and Beyond, A');
INSERT INTO course(University,Course) VALUES ('University of Birmingham','Media, Politics and Public Opinion');
INSERT INTO course(University,Course) VALUES ('University of Birmingham','Organisations, Management and Entrepreneurship');
INSERT INTO course(University,Course) VALUES ('University of Birmingham','Philosophies of Welfare');
INSERT INTO course(University,Course) VALUES ('University of Birmingham','Project Management (Business Strategy Delivery)');
INSERT INTO course(University,Course) VALUES ('University of Birmingham','The Making of the Modern World c. 1500-1800');
INSERT INTO course(University,Course) VALUES ('University of Birmingham','Topics in British Politics');
INSERT INTO course(University,Course) VALUES ('Newcastle University','Race, Culture and Identity');
INSERT INTO course(University,Course) VALUES ('Newcastle University','Comparing Cultures');
INSERT INTO course(University,Course) VALUES ('Newcastle University','Problem Solving With Python');
INSERT INTO course(University,Course) VALUES ('Newcastle University','Introductory Astrophysics');
INSERT INTO course(University,Course) VALUES ('Newcastle University','Computational Probability and Statistics with R');
INSERT INTO course(University,Course) VALUES ('Newcastle University','Sustainable Solutions');
INSERT INTO course(University,Course) VALUES ('Newcastle University','Marine Biology');
INSERT INTO course(University,Course) VALUES ('Newcastle University','Human Resource Management');
INSERT INTO course(University,Course) VALUES ('Newcastle University','Cell and Molecular Biology of the Immune System');
INSERT INTO course(University,Course) VALUES ('Newcastle University','Ecology and Conservation');
INSERT INTO course(University,Course) VALUES ('Newcastle University','Cities, Culture, Space');
INSERT INTO course(University,Course) VALUES ('Newcastle University','Interconnected World');
INSERT INTO course(University,Course) VALUES ('Newcastle University','Introduction To Literary Studies');
INSERT INTO course(University,Course) VALUES ('Newcastle University','An Introduction to British Cultures');
INSERT INTO course(University,Course) VALUES ('Newcastle University','The Nature of Language');
INSERT INTO course(University,Course) VALUES ('Newcastle University','Global Business Environment');
INSERT INTO course(University,Course) VALUES ('Newcastle University','Greek and Roman Art and Archaeology');
INSERT INTO course(University,Course) VALUES ('Newcastle University','Cell Biology');
INSERT INTO course(University,Course) VALUES ('Newcastle University','Order and Disorder - Shaping of the 21st Century');
INSERT INTO course(University,Course) VALUES ('University of Edinburgh','Scottish Studies 1A: Conceptualising Scotland');
INSERT INTO course(University,Course) VALUES ('University of Edinburgh','Celtic Civilisation 1A');
INSERT INTO course(University,Course) VALUES ('University of Edinburgh','Introduction to Gaelic Language and Culture');
INSERT INTO course(University,Course) VALUES ('University of Edinburgh','Popular Religion, Women and Witchcraft in Early Modern Europe');
INSERT INTO course(University,Course) VALUES ('University of Edinburgh','Contemporary Issues in Health and Wellbeing');
INSERT INTO course(University,Course) VALUES ('University of Edinburgh','Mental Health: Life Sciences and Nursing Care 2');
INSERT INTO course(University,Course) VALUES ('University of Edinburgh','Mapping Health and Illness Across Societies');
INSERT INTO course(University,Course) VALUES ('University of Edinburgh','Currents: Understanding and addressing global challenges');
INSERT INTO course(University,Course) VALUES ('University of Edinburgh','Creating Edinburgh: The Interdisciplinary City');
INSERT INTO course(University,Course) VALUES ('University of Edinburgh','Biology 1A: Variation');
INSERT INTO course(University,Course) VALUES ('University of Edinburgh','Sustainable Development 1a: Introducing Sustainable Development');
INSERT INTO course(University,Course) VALUES ('University of Edinburgh','International Business: Globalisation and Trade 2A');
INSERT INTO course(University,Course) VALUES ('University of Edinburgh','Environmental Engineering and Sustainability 2');
INSERT INTO course(University,Course) VALUES ('University of Edinburgh','Global Change');
INSERT INTO course(University,Course) VALUES ('University of Edinburgh','Programming Skills for Engineers 2');
INSERT INTO course(University,Course) VALUES ('University of Edinburgh','Algebra and Calculus');
INSERT INTO course(University,Course) VALUES ('University of Edinburgh','Discovering Astronomy');
INSERT INTO course(University,Course) VALUES ('University of Edinburgh','Programming and Data Analysis');
INSERT INTO course(University,Course) VALUES ('University of Edinburgh','Development, Inequality and Trade');
INSERT INTO course(University,Course) VALUES ('University of Edinburgh','Religion, Violence and Peacebuilding');
INSERT INTO course(University,Course) VALUES ('University College Dublin','Dublin: Its Museums and Collections');
INSERT INTO course(University,Course) VALUES ('University College Dublin','Perspectives on Irish Art');
INSERT INTO course(University,Course) VALUES ('University College Dublin','Discovering Ireland''s Landscape');
INSERT INTO course(University,Course) VALUES ('University College Dublin','Intro to Celtic Civilization');
INSERT INTO course(University,Course) VALUES ('University College Dublin','Vikings in the Celtic World');
INSERT INTO course(University,Course) VALUES ('University College Dublin','Kings and Heroes of Early Irl');
INSERT INTO course(University,Course) VALUES ('University College Dublin','UCD Gamelan Ensemble 3');
INSERT INTO course(University,Course) VALUES ('University College Dublin','Contemporary Ireland On Stage');
INSERT INTO course(University,Course) VALUES ('University College Dublin','Introduction to Irish Studies');
INSERT INTO course(University,Course) VALUES ('University College Dublin','Children''s Literature');
INSERT INTO course(University,Course) VALUES ('University College Dublin','Contemporary Irish Writing');
INSERT INTO course(University,Course) VALUES ('University College Dublin','Introduction to Film and Media');
INSERT INTO course(University,Course) VALUES ('University College Dublin','Discovering Ireland''s Geology');
INSERT INTO course(University,Course) VALUES ('University College Dublin','Irish for Beginners');
INSERT INTO course(University,Course) VALUES ('University College Dublin','Introduction to Folklore');
INSERT INTO course(University,Course) VALUES ('University College Dublin','Music in Ireland');
INSERT INTO course(University,Course) VALUES ('University College Dublin','Young Adult Fiction: Readers, Rebels & Realisation');
INSERT INTO course(University,Course) VALUES ('University College Dublin','Everyday Experiences and Digital Media');
INSERT INTO course(University,Course) VALUES ('University College Dublin','Sociology Health & Inequality');
INSERT INTO course(University,Course) VALUES ('University College Dublin','Art and Society');
INSERT INTO course(University,Course) VALUES ('University College Cork - National University of Ireland','Digital Humanities: Theories and Concepts I');
INSERT INTO course(University,Course) VALUES ('University College Cork - National University of Ireland','Data and Digital Literacy');
INSERT INTO course(University,Course) VALUES ('University College Cork - National University of Ireland','Introduction to Screen Media and Culture');
INSERT INTO course(University,Course) VALUES ('University College Cork - National University of Ireland','Analytical Thinking Skills in Political Science');
INSERT INTO course(University,Course) VALUES ('University College Cork - National University of Ireland','Introduction to Sociology (Part 1)');
INSERT INTO course(University,Course) VALUES ('University College Cork - National University of Ireland','Tales of Kings and Heroes in Medieval Ireland');
INSERT INTO course(University,Course) VALUES ('University College Cork - National University of Ireland','Model European Union');
INSERT INTO course(University,Course) VALUES ('University College Cork - National University of Ireland','The History of Art – History and Method');
INSERT INTO course(University,Course) VALUES ('University College Cork - National University of Ireland','Modern Ireland: Culture, Politics and Society');
INSERT INTO course(University,Course) VALUES ('University College Cork - National University of Ireland','Irish Film History');
INSERT INTO course(University,Course) VALUES ('University College Cork - National University of Ireland','International Relations');
INSERT INTO course(University,Course) VALUES ('University College Cork - National University of Ireland','Psychology and Everyday Life');
INSERT INTO course(University,Course) VALUES ('University College Cork - National University of Ireland','Reasoning and Argument');
INSERT INTO course(University,Course) VALUES ('University College Cork - National University of Ireland','Social Policy Analysis');
INSERT INTO course(University,Course) VALUES ('University College Cork - National University of Ireland','Micro-Finance and Development');
INSERT INTO course(University,Course) VALUES ('University College Cork - National University of Ireland','Cognitive Psychology: New Perspectives');
INSERT INTO course(University,Course) VALUES ('University of Glasgow','Archaeology 2A: 20 Things that changed the world');
INSERT INTO course(University,Course) VALUES ('University of Glasgow','Comparative Literature 2A: Frontiers(Crossing Borders)');
INSERT INTO course(University,Course) VALUES ('University of Glasgow','Introduction to Scottish Culture');
INSERT INTO course(University,Course) VALUES ('University of Glasgow','German Language for International Mobility');
INSERT INTO course(University,Course) VALUES ('University of Glasgow','Digital Media & Information Studies 1A');
INSERT INTO course(University,Course) VALUES ('University of Glasgow','Introduction to Psychology');
INSERT INTO course(University,Course) VALUES ('University of Glasgow','Introduction to Sociology');
INSERT INTO course(University,Course) VALUES ('University of Glasgow','Philosophy 1A: How Should I Think');
INSERT INTO course(University,Course) VALUES ('University of Glasgow','Spanish Language for International Mobility');
INSERT INTO course(University,Course) VALUES ('University of Glasgow','Computing Science 1CT - Introduction to Computational Thinking');
INSERT INTO course(University,Course) VALUES ('University of Glasgow','What''s the Point of Education? Constructing an educational mindset');
INSERT INTO course(University,Course) VALUES ('University of Glasgow','English Language 1A: Language, Meaning & Power');
INSERT INTO course(University,Course) VALUES ('University of Glasgow','Stained Glass Workshop');
INSERT INTO course(University,Course) VALUES ('University of Glasgow','Introduction to Acrylic Painting');
INSERT INTO course(University,Course) VALUES ('University of Glasgow','Introduction to Graphic Design');
INSERT INTO course(University,Course) VALUES ('University of Glasgow','Exploring the Cosmos 1X');
INSERT INTO course(University,Course) VALUES ('University of Glasgow','Classical Civilisation 1A: Early Greece from Troy to Plataea');
INSERT INTO course(University,Course) VALUES ('University of Glasgow','Earth Science 1A');
INSERT INTO course(University,Course) VALUES ('University of Glasgow','Youth, Policy and Welfare: Cross Cultural Perspectives');
INSERT INTO course(University,Course) VALUES ('University of Glasgow','Scottish Literature1A - The Fantastic and the Real');
INSERT INTO course(University,Course) VALUES ('University of Liverpool','Designing Systems for the Digital Society');
INSERT INTO course(University,Course) VALUES ('University of Liverpool','Living with Environmental Change');
INSERT INTO course(University,Course) VALUES ('University of Liverpool','Introduction to Programming');
INSERT INTO course(University,Course) VALUES ('University of Liverpool','Introduction to Language Study');
INSERT INTO course(University,Course) VALUES ('University of Liverpool','Population and Societies');
INSERT INTO course(University,Course) VALUES ('University of Liverpool','Critical, Analytical and Creative Thinking');
INSERT INTO course(University,Course) VALUES ('University of Liverpool','Foundation of Law and Social Justice');
INSERT INTO course(University,Course) VALUES ('University of Liverpool','Cities and Regions');
INSERT INTO course(University,Course) VALUES ('University of Liverpool','Global Economics and Business Environment');
INSERT INTO course(University,Course) VALUES ('University of Liverpool','Introduction to Communications and Media Studies A');
INSERT INTO course(University,Course) VALUES ('University of Liverpool','Creative Principles in Game Design');
INSERT INTO course(University,Course) VALUES ('University of Liverpool','Global History of the Present');
INSERT INTO course(University,Course) VALUES ('University of Liverpool','Music in Context: Why Music Matters');
INSERT INTO course(University,Course) VALUES ('University of Liverpool','Politics of International Human Rights');
INSERT INTO course(University,Course) VALUES ('University of Liverpool','Business Ethics');
INSERT INTO course(University,Course) VALUES ('University of Liverpool','Ethics: Moral Constraints and the Good Human Life');
INSERT INTO course(University,Course) VALUES ('University of Liverpool','Power, Belief and Identity: Medieval and Early Modern Worlds, C. 500-1600 CE');
INSERT INTO course(University,Course) VALUES ('University of Liverpool','Global Film History');
INSERT INTO course(University,Course) VALUES ('University of Liverpool','Biology Core Concepts');
INSERT INTO course(University,Course) VALUES ('University of Liverpool','Cities');
INSERT INTO course(University,Course) VALUES ('University of Leeds','Cultural History');
INSERT INTO course(University,Course) VALUES ('University of Leeds','Challenges in Transport and Mobility');
INSERT INTO course(University,Course) VALUES ('University of Leeds','Beginners Korean');
INSERT INTO course(University,Course) VALUES ('University of Leeds','Beginners Japanese');
INSERT INTO course(University,Course) VALUES ('University of Leeds','Beginners French');
INSERT INTO course(University,Course) VALUES ('University of Leeds','Beginners German');
INSERT INTO course(University,Course) VALUES ('University of Leeds','Beginners Mandarin');
INSERT INTO course(University,Course) VALUES ('University of Leeds','Beginners Spanish');
INSERT INTO course(University,Course) VALUES ('University of Leeds','Diverse Contexts of Learning');
INSERT INTO course(University,Course) VALUES ('University of Leeds','Principles of International Business');
INSERT INTO course(University,Course) VALUES ('University of Leeds','Introduction to Management');
INSERT INTO course(University,Course) VALUES ('University of Leeds','Starting Your Own Business');
INSERT INTO course(University,Course) VALUES ('University of Leeds','Natural Hazards');
INSERT INTO course(University,Course) VALUES ('University of Leeds','Arts and Cultural Management');
INSERT INTO course(University,Course) VALUES ('University of Leeds','Introduction to Psychology');
INSERT INTO course(University,Course) VALUES ('University of Leeds','Psychology in the Media');
INSERT INTO course(University,Course) VALUES ('University of Leeds','International Politics');
INSERT INTO course(University,Course) VALUES ('University of Leeds','History of Psychology');
INSERT INTO course(University,Course) VALUES ('University of Leeds','Science & Society: An Ethical View');
INSERT INTO course(University,Course) VALUES ('University of Leeds','Beginners Italian');
INSERT INTO course(University,Course) VALUES ('University of Sussex','Social Change, Culture and Development');
INSERT INTO course(University,Course) VALUES ('University of Sussex','Global Cultures, Local Lives');
INSERT INTO course(University,Course) VALUES ('University of Sussex','Human Factors and Ergonomics');
INSERT INTO course(University,Course) VALUES ('University of Sussex','Global Issues');
INSERT INTO course(University,Course) VALUES ('University of Sussex','News, Politics and Power A');
INSERT INTO course(University,Course) VALUES ('University of Sussex','Historical Controversy');
INSERT INTO course(University,Course) VALUES ('University of Sussex','Truth and Morality: The Meaning of Life');
INSERT INTO course(University,Course) VALUES ('University of Sussex','Resistance Movements in Conflict & War');
INSERT INTO course(University,Course) VALUES ('University of Sussex','Language and Power');
INSERT INTO course(University,Course) VALUES ('University of Sussex','Art on Site: Place, Identity and Meaning');
INSERT INTO course(University,Course) VALUES ('University of Sussex','News, Politics and Power B');
INSERT INTO course(University,Course) VALUES ('University of Sussex','Understanding Global Migration');
INSERT INTO course(University,Course) VALUES ('University of Sussex','Modern Political Thought');
INSERT INTO course(University,Course) VALUES ('University of Sussex','Education for Development: Aid, Policy and the Global Agenda');
INSERT INTO course(University,Course) VALUES ('University of Sussex','Global Climate Change');
INSERT INTO course(University,Course) VALUES ('University of Sussex','Reason and Argument');
INSERT INTO course(University,Course) VALUES ('University of Sussex','Comparative Public Policy');
INSERT INTO course(University,Course) VALUES ('University of Sussex','Colonialism and After');
INSERT INTO course(University,Course) VALUES ('University of Sussex','Sussex Perspectives on International Development');
INSERT INTO course(University,Course) VALUES ('University of Sussex','Introduction to Multimedia');
INSERT INTO course(University,Course) VALUES ('University of Warwick','Entrepreneurship: A Critical Perspective');
INSERT INTO course(University,Course) VALUES ('University of Warwick','Navigating Psychopathology');
INSERT INTO course(University,Course) VALUES ('University of Warwick','Multilingualism and Sustainable Development');
INSERT INTO course(University,Course) VALUES ('University of Warwick','Global Connections: A Transdisciplinary Approach');
INSERT INTO course(University,Course) VALUES ('University of Warwick','Local/Global Shakespearience');
INSERT INTO course(University,Course) VALUES ('University of Warwick','Inequalities and Sustainable Development');
INSERT INTO course(University,Course) VALUES ('University of Warwick','Quest 1 – Departures and Heroic Journeys');
INSERT INTO course(University,Course) VALUES ('University of Warwick','Public Engagement');
INSERT INTO course(University,Course) VALUES ('University of Warwick','Achieving Sustainability: Potentials and Barriers');
INSERT INTO course(University,Course) VALUES ('University of Warwick','Challenges of Climate Change');
INSERT INTO course(University,Course) VALUES ('University of Warwick','The Energy Trilemma');
INSERT INTO course(University,Course) VALUES ('University of Warwick','Health and Sustainable Development');
INSERT INTO course(University,Course) VALUES ('University of Warwick','Security, Sovereignty and Sustainability in the Global Food System');
INSERT INTO course(University,Course) VALUES ('University of Warwick','Understanding Wellbeing: Theory and Practice');
INSERT INTO course(University,Course) VALUES ('University of Warwick','Sustainable Cities');
INSERT INTO course(University,Course) VALUES ('University of Warwick','The Slow Movement: Interdisciplinary Adventures in Time and Pace');
INSERT INTO course(University,Course) VALUES ('University of York','Intercultural Competency, Employability and Academic Skills Module');
INSERT INTO course(University,Course) VALUES ('University of York','Introduction to Media Technologies');
INSERT INTO course(University,Course) VALUES ('University of York','Story');
INSERT INTO course(University,Course) VALUES ('University of York','Introduction to Business Ethics & Sustainability');
INSERT INTO course(University,Course) VALUES ('University of York','Political Analysis');
INSERT INTO course(University,Course) VALUES ('University of York','Social, Personality & Abnormal Psychology');
INSERT INTO course(University,Course) VALUES ('University of York','Brain & Behaviour I');
INSERT INTO course(University,Course) VALUES ('University of York','Life on Earth');
INSERT INTO course(University,Course) VALUES ('University of York','Principles of Economics');
INSERT INTO course(University,Course) VALUES ('University of York','Essentials of Marketing & Communication');
INSERT INTO course(University,Course) VALUES ('University of York','Introduction to Comparative Politics');
INSERT INTO course(University,Course) VALUES ('University of York','Global Challenges: From Theory to Practice');
INSERT INTO course(University,Course) VALUES ('University of York','Equitable and Sustainable futures 1: Sites of Global Change');
INSERT INTO course(University,Course) VALUES ('University of York','Environment, Development & Society');
INSERT INTO course(University,Course) VALUES ('University of York','Humanity, Economics & Management');
INSERT INTO course(University,Course) VALUES ('University of York','Programming for Digital Media (Part I)');
INSERT INTO course(University,Course) VALUES ('University of York','Story for Interactive Media');
INSERT INTO course(University,Course) VALUES ('University of York','Film and Television Analysis');
INSERT INTO course(University,Course) VALUES ('University of York','Introduction to Screen Production Methods (BCI)');
INSERT INTO course(University,Course) VALUES ('University of York','Creative Materials (BCI)');
INSERT INTO course(University,Course) VALUES ('University College London','Approaches to Knowledge: Introduction to Interdisciplinarity');
INSERT INTO course(University,Course) VALUES ('University College London','Creative Writing');
INSERT INTO course(University,Course) VALUES ('University College London','Science Meets Religion in the Global Community');
INSERT INTO course(University,Course) VALUES ('University College London','Migration and Health');
INSERT INTO course(University,Course) VALUES ('University College London','Psychology in the Real World');
INSERT INTO course(University,Course) VALUES ('University College London','Urban Inequalities and Global Development');
INSERT INTO course(University,Course) VALUES ('University College London','Art and Interdisciplinarity: Measuring the World');
INSERT INTO course(University,Course) VALUES ('University College London','Sustainable Energy');
INSERT INTO course(University,Course) VALUES ('University College London','Information through the Ages');
INSERT INTO course(University,Course) VALUES ('University College London','Logic, Computation and Language Theory');
INSERT INTO course(University,Course) VALUES ('University College London','Race, Gender and Feminism');
INSERT INTO course(University,Course) VALUES ('University College London','Approaches to Global Politics');
INSERT INTO course(University,Course) VALUES ('University College London','Machine Reasoning and Expert Systems');
INSERT INTO course(University,Course) VALUES ('University College London','Art and Interdisciplinarity');
INSERT INTO course(University,Course) VALUES ('University College London','The Art and Science of Public Health');
INSERT INTO course(University,Course) VALUES ('University College London','Environmental Change and Disease');
INSERT INTO course(University,Course) VALUES ('University College London','Documentary Radio – A Practice-Based Introduction');
INSERT INTO course(University,Course) VALUES ('University College London','Interactive Factual Narratives');
INSERT INTO course(University,Course) VALUES ('University College London','Architectural Investigation & Representation');
INSERT INTO course(University,Course) VALUES ('University College London','Methodologies of Drawing');
INSERT INTO course(University,Course) VALUES ('Queen Mary University of London','The Buildings of London I: From the Ashes of Fire to the Capital of Empire');
INSERT INTO course(University,Course) VALUES ('Queen Mary University of London','Globalisation: Capitalists, Colonisers, and Crises in the Long Twentieth Century');
INSERT INTO course(University,Course) VALUES ('Queen Mary University of London','Unravelling Britain: British History since 1801');
INSERT INTO course(University,Course) VALUES ('Queen Mary University of London','Culture and Language (a)');
INSERT INTO course(University,Course) VALUES ('Queen Mary University of London','The International Politics of Security');
INSERT INTO course(University,Course) VALUES ('Queen Mary University of London','London/Culture/Performance');
INSERT INTO course(University,Course) VALUES ('Queen Mary University of London','Global Supply Chains');
INSERT INTO course(University,Course) VALUES ('Queen Mary University of London','Earth Surface Science');
INSERT INTO course(University,Course) VALUES ('Queen Mary University of London','Innovation Strategy');
INSERT INTO course(University,Course) VALUES ('Queen Mary University of London','Introduction to International Relations');
INSERT INTO course(University,Course) VALUES ('Queen Mary University of London','Cultural Geographies');
INSERT INTO course(University,Course) VALUES ('Queen Mary University of London','Victorian Fictions I');
INSERT INTO course(University,Course) VALUES ('Queen Mary University of London','London: Walking the City');
INSERT INTO course(University,Course) VALUES ('Queen Mary University of London','Modernism I');
INSERT INTO course(University,Course) VALUES ('Queen Mary University of London','Cognitive Psychology');
INSERT INTO course(University,Course) VALUES ('Queen Mary University of London','Health Psychology');
INSERT INTO course(University,Course) VALUES ('Queen Mary University of London','Moving People: Migration, Borders, and Belonging through Time');
INSERT INTO course(University,Course) VALUES ('Queen Mary University of London','Critical Geography: Environment and Society');
INSERT INTO course(University,Course) VALUES ('Queen Mary University of London','Global Worlds');
INSERT INTO course(University,Course) VALUES ('The University of Manchester','Language, Mind & Brain');
INSERT INTO course(University,Course) VALUES ('The University of Manchester','Climate Change and Society');
INSERT INTO course(University,Course) VALUES ('The University of Manchester','From Cholera to COVID-19: A global history of epidemics');
INSERT INTO course(University,Course) VALUES ('The University of Manchester','From Sherlock Holmes to CSI: A History of Forensic Science and Medicine');
INSERT INTO course(University,Course) VALUES ('The University of Manchester','In Frankenstein''s Footsteps: Science Fiction in Literature and Film');
INSERT INTO course(University,Course) VALUES ('The University of Manchester','Fundamentals of Management');
INSERT INTO course(University,Course) VALUES ('The University of Manchester','Crime & Society');
INSERT INTO course(University,Course) VALUES ('The University of Manchester','Developing an Entrepreneurial Mindset');
INSERT INTO course(University,Course) VALUES ('The University of Manchester','People Management & Change');
INSERT INTO course(University,Course) VALUES ('The University of Manchester','Visualising Information: Uses and Abuses of Data');
INSERT INTO course(University,Course) VALUES ('The University of Manchester','Are We Alone? The Search for Extraterrestrial Life');
INSERT INTO course(University,Course) VALUES ('The University of Manchester','Introduction to Ethics');
INSERT INTO course(University,Course) VALUES ('The University of Manchester','Introduction to International Politics');
INSERT INTO course(University,Course) VALUES ('The University of Manchester','Introduction to Philosophy of Mind');
INSERT INTO course(University,Course) VALUES ('The University of Manchester','Foundations of Criminal Justice');
INSERT INTO course(University,Course) VALUES ('Durham University','Leadership');
INSERT INTO course(University,Course) VALUES ('Durham University','Operations Management');
INSERT INTO course(University,Course) VALUES ('Durham University','The Changing World of Business');
INSERT INTO course(University,Course) VALUES ('Durham University','Social Theory and Politics of Knowledge');
INSERT INTO course(University,Course) VALUES ('Durham University','Philosophy, Music and Improvisation');
INSERT INTO course(University,Course) VALUES ('Durham University','People, Management and Organisations');
INSERT INTO course(University,Course) VALUES ('Durham University','Advanced Skills: Geographical Information Systems');
INSERT INTO course(University,Course) VALUES ('Durham University','Landslides: Mechanisms, Hazard and Risk');
INSERT INTO course(University,Course) VALUES ('Durham University','Advanced Skills: Archaeology of the Contemporary World');
INSERT INTO course(University,Course) VALUES ('Durham University','Sport and Exercise Psychology');
INSERT INTO course(University,Course) VALUES ('Durham University','World Music Traditions');
INSERT INTO course(University,Course) VALUES ('Durham University','Psychology in the Workplace');
INSERT INTO course(University,Course) VALUES ('Durham University','The Politics of Population: Environment, Reproduction and Difference');
INSERT INTO course(University,Course) VALUES ('Durham University','Geographies of Life and Living');
INSERT INTO course(University,Course) VALUES ('Durham University','Geographies of the Humanitarianism and the Human');
INSERT INTO course(University,Course) VALUES ('Durham University','Quantitative Methods 1');
INSERT INTO course(University,Course) VALUES ('Durham University','Advanced Skills: Heritage Practice');
INSERT INTO course(University,Course) VALUES ('Durham University','The Psychology of Equality, Diversity and Inclusivity (EDI)');
INSERT INTO course(University,Course) VALUES ('Durham University','Statistical Modelling');
INSERT INTO course(University,Course) VALUES ('Durham University','The Music of India');
INSERT INTO course(University,Course) VALUES ('The University of Sheffield','English Language and Culture (News Media)');
INSERT INTO course(University,Course) VALUES ('The University of Sheffield','Principles of Chemical Engineering');
INSERT INTO course(University,Course) VALUES ('The University of Sheffield','Sustainable Design and Engineering Skills');
INSERT INTO course(University,Course) VALUES ('The University of Sheffield','Sustainable Development and Global Justice');
INSERT INTO course(University,Course) VALUES ('The University of Sheffield','Culture, Space and Difference');
INSERT INTO course(University,Course) VALUES ('The University of Sheffield','Understanding the Climate System');
INSERT INTO course(University,Course) VALUES ('The University of Sheffield','Business Intelligence');
INSERT INTO course(University,Course) VALUES ('The University of Sheffield','Corporate Governance');
INSERT INTO course(University,Course) VALUES ('The University of Sheffield','History and Culture in China');
INSERT INTO course(University,Course) VALUES ('The University of Sheffield','Understanding Dynamic Landscapes');
INSERT INTO course(University,Course) VALUES ('The University of Sheffield','Business Strategy');
INSERT INTO course(University,Course) VALUES ('The University of Sheffield','Data Visualisation');
INSERT INTO course(University,Course) VALUES ('The University of Sheffield','Paths from Antiquity to Modernity');
INSERT INTO course(University,Course) VALUES ('The University of Sheffield','Korean for non-specialists 1');
INSERT INTO course(University,Course) VALUES ('The University of Sheffield','Chinese for non-specialists 1');
INSERT INTO course(University,Course) VALUES ('The University of Sheffield','Russian Beginner 1');
INSERT INTO course(University,Course) VALUES ('The University of Sheffield','Death');
INSERT INTO course(University,Course) VALUES ('The University of Sheffield','History and Culture in Korea');
INSERT INTO course(University,Course) VALUES ('The University of Sheffield','Chemical Principles');
INSERT INTO course(University,Course) VALUES ('Loughborough University','Introduction to Sport Biomechanics');
INSERT INTO course(University,Course) VALUES ('Loughborough University','Growth and Development');
INSERT INTO course(University,Course) VALUES ('Loughborough University','Sport Policy');
INSERT INTO course(University,Course) VALUES ('Loughborough University','Acquiring Movement Skills');
INSERT INTO course(University,Course) VALUES ('Loughborough University','Anatomy & Physiology 1');
INSERT INTO course(University,Course) VALUES ('Loughborough University','Genomics');
INSERT INTO course(University,Course) VALUES ('Loughborough University','Biochemistry and Cell Biology');
INSERT INTO course(University,Course) VALUES ('Loughborough University','Clinical Biochemistry');
INSERT INTO course(University,Course) VALUES ('Loughborough University','Human Growth and Development');
INSERT INTO course(University,Course) VALUES ('Loughborough University','Research Skills A');
INSERT INTO course(University,Course) VALUES ('Loughborough University','Psychology of the Early Years');
INSERT INTO course(University,Course) VALUES ('Loughborough University','The Psychology of Eating Behaviour');
INSERT INTO course(University,Course) VALUES ('University of Bath','Introduction to English linguistics');
INSERT INTO course(University,Course) VALUES ('University of Bath','Shakespeare');
INSERT INTO course(University,Course) VALUES ('University of Bath','19th century English literature');
INSERT INTO course(University,Course) VALUES ('University of Bath','Business & the natural environment');
INSERT INTO course(University,Course) VALUES ('University of Bath','Project management');
INSERT INTO course(University,Course) VALUES ('University of Bath','Business and strategy in emerging markets');
INSERT INTO course(University,Course) VALUES ('University of Bath','Contemporary sociological theory');
INSERT INTO course(University,Course) VALUES ('University of Bath','Researching social change');
INSERT INTO course(University,Course) VALUES ('University of Bath','International organisation');
INSERT INTO course(University,Course) VALUES ('University of Bath','Digital business innovation');
INSERT INTO course(University,Course) VALUES ('University of Bath','State of the planet');
INSERT INTO course(University,Course) VALUES ('University of Bath','Renewable energy');
INSERT INTO course(University,Course) VALUES ('University of Bath','Education in society');
INSERT INTO course(University,Course) VALUES ('University of Bath','Technology and politics: disruption, regulation, misinformation');
INSERT INTO course(University,Course) VALUES ('University of Limerick','PRINCIPLES OF HUMAN RESOURCE MANAGEMENT');
INSERT INTO course(University,Course) VALUES ('University of Limerick','PSYCHOLOGY AND EVERYDAY LIFE');
INSERT INTO course(University,Course) VALUES ('University of Limerick','SOCIOLOGY OF GENDER AND POPULAR CULTURE');
INSERT INTO course(University,Course) VALUES ('University of Limerick','ENGLISH AS A FOREIGN LANGUAGE');
INSERT INTO course(University,Course) VALUES ('University of Limerick','A SUSTAINABLE WORLD?');
INSERT INTO course(University,Course) VALUES ('University of Limerick','INTRODUCTION TO DIGITAL MEDIA');
INSERT INTO course(University,Course) VALUES ('University of Limerick','Introduction to Politics and International Relations');
INSERT INTO course(University,Course) VALUES ('University of Limerick','International Relations');
INSERT INTO course(University,Course) VALUES ('University of Limerick','From Kingdom to Republic: IRISH HISTORY, 1660-1960');
INSERT INTO course(University,Course) VALUES ('University of Limerick','Celtic Civilisation: Culture, Language and Representations');
INSERT INTO course(University,Course) VALUES ('University of Limerick','The Psychology of Work');
INSERT INTO course(University,Course) VALUES ('University of Limerick','BROADENING: COMMUNICATION ACROSS CULTURES');
INSERT INTO course(University,Course) VALUES ('University of Limerick','PRINCIPLES OF INTERNATIONAL BUSINESS');
INSERT INTO course(University,Course) VALUES ('University of Limerick','INTRODUCTION TO NEW MEDIA AND CULTURAL STUDIES');
INSERT INTO course(University,Course) VALUES ('University of Limerick','INTRODUCTION TO IRISH FOLKLORE');
INSERT INTO course(University,Course) VALUES ('University of Limerick','INTRODUCTION TO IRISH TRADITIONAL MUSIC & DANCE');
INSERT INTO course(University,Course) VALUES ('University of Limerick','MARKETING');
INSERT INTO course(University,Course) VALUES ('University of Limerick','Language and Society in Ireland');
INSERT INTO course(University,Course) VALUES ('University of Limerick','New Media, Language and Globalisation');
INSERT INTO course(University,Course) VALUES ('University of Limerick','Introduction to Journalism');
INSERT INTO course(University,Course) VALUES ('University of Limerick','Irish Literary Revolutions 1880 - 1930');
INSERT INTO course(University,Course) VALUES ('University of Southampton','Foundations of Business Analytics');
INSERT INTO course(University,Course) VALUES ('University of Southampton','Introduction to Accounting and Finance');
INSERT INTO course(University,Course) VALUES ('University of Southampton','Introduction to Marketing');
INSERT INTO course(University,Course) VALUES ('University of Southampton','Digital Society: Education and Learning');
INSERT INTO course(University,Course) VALUES ('University of Southampton','Contemporary Education Issues, Problems and Policies');
INSERT INTO course(University,Course) VALUES ('University of Southampton','Foundations of Contract Law');
INSERT INTO course(University,Course) VALUES ('University of Southampton','Legal System and Reasoning');
INSERT INTO course(University,Course) VALUES ('University of Southampton','Economics with Experiments');
INSERT INTO course(University,Course) VALUES ('University of Southampton','Crises of the 21st Century');
INSERT INTO course(University,Course) VALUES ('University of Southampton','A Global World');
INSERT INTO course(University,Course) VALUES ('University of Southampton','What''s the Problem? Debating Responses to Contemporary Social Challenges');
INSERT INTO course(University,Course) VALUES ('University of Southampton','Introduction to Probability and Statistics');
INSERT INTO course(University,Course) VALUES ('University of Southampton','Linear Algebra');
INSERT INTO course(University,Course) VALUES ('Queen''s University Belfast','Behaviour in Organisations');
INSERT INTO course(University,Course) VALUES ('Queen''s University Belfast','Global Business Environment');
INSERT INTO course(University,Course) VALUES ('Queen''s University Belfast','Economy, Society and Public Policy');
INSERT INTO course(University,Course) VALUES ('Queen''s University Belfast','Environmental Management');
INSERT INTO course(University,Course) VALUES ('Queen''s University Belfast','Comparative Politics');
INSERT INTO course(University,Course) VALUES ('Queen''s University Belfast','International Relations');
INSERT INTO course(University,Course) VALUES ('Queen''s University Belfast','The Northern Ireland Conflict and Paths to Peace');
INSERT INTO course(University,Course) VALUES ('Queen''s University Belfast','Global Environmental Change');
INSERT INTO course(University,Course) VALUES ('Queen''s University Belfast','Climate Change');
INSERT INTO course(University,Course) VALUES ('Queen''s University Belfast','Human Geography, Society, Power and Culture');
INSERT INTO course(University,Course) VALUES ('University of Bristol','Convincing stories? Numbers as evidence in the social sciences');
INSERT INTO course(University,Course) VALUES ('University of Bristol','Quantitative Analysis in Management');
INSERT INTO course(University,Course) VALUES ('University of Bristol','Enquiry, Analysis and Communication');
INSERT INTO course(University,Course) VALUES ('University of Bristol','Contemporary European Cinema');
INSERT INTO course(University,Course) VALUES ('University of Bristol','Logic and Critical Thinking');
INSERT INTO course(University,Course) VALUES ('University of Bristol','Introduction to Social and Developmental Psychology');
INSERT INTO course(University,Course) VALUES ('University of Bristol','World Cinema: from national to transnational');
INSERT INTO course(University,Course) VALUES ('University of Bristol','The Art of Writing');
INSERT INTO course(University,Course) VALUES ('University of Bristol','Representations: This is (not) my America');
INSERT INTO course(University,Course) VALUES ('University of Bristol','Sustainable Development');
INSERT INTO course(University,Course) VALUES ('University of Bristol','City Futures: Migration, Citizenship, and Planetary Change');
INSERT INTO course(University,Course) VALUES ('University of Bristol','Creative Futures: Tools for Changing the World');
INSERT INTO course(University,Course) VALUES ('University of Bristol','Understanding global problems using data: inequality, climate change and the economy');
INSERT INTO course(University,Course) VALUES ('University of Bristol','Decolonise the Future!');
INSERT INTO course(University,Course) VALUES ('University of Bristol','Science of Happiness');
INSERT INTO course(University,Course) VALUES ('University of Bristol','Introduction to Visual Cultures: From Bristol to the World');
INSERT INTO course(University,Course) VALUES ('University of Bristol','Principles of Marketing');
INSERT INTO course(University,Course) VALUES ('University of Bristol','Classics of European Cinema');
INSERT INTO course(University,Course) VALUES ('University of Bristol','Introduction to Cognitive and Biological Psychology');
INSERT INTO course(University,Course) VALUES ('University of Bristol','Fairy Tales Across Borders');

