DROP TABLE IF EXISTS intake;
DROP TABLE IF EXISTS requirement;
DROP TABLE IF EXISTS university;

CREATE TABLE university(
   University VARCHAR(66) NOT NULL PRIMARY KEY
  ,Location   VARCHAR(24) NOT NULL
  ,Images     VARCHAR(150) NOT NULL
  ,Region     VARCHAR(16) NOT NULL
);
INSERT INTO university(University,Location,Images,Region) VALUES ('Boston University','United States of America','https://i0.wp.com/iisma.kemdikbud.go.id/info/wp-content/uploads/2022/02/Boston-Univ.png?fit=300%2C300&ssl=1','America & Canada');
INSERT INTO university(University,Location,Images,Region) VALUES ('Arizona State University','United States of America','https://i0.wp.com/iisma.kemdikbud.go.id/info/wp-content/uploads/2022/02/Arizona-State-University.png?fit=300%2C300&ssl=1','America & Canada');
INSERT INTO university(University,Location,Images,Region) VALUES ('The University of Pennsylvania','United States of America','https://i0.wp.com/iisma.kemdikbud.go.id/info/wp-content/uploads/2022/02/The-University-of-Pennsylvania.png?fit=300%2C300&ssl=1','America & Canada');
INSERT INTO university(University,Location,Images,Region) VALUES ('Yale University','United States of America','https://i0.wp.com/iisma.kemdikbud.go.id/info/wp-content/uploads/2023/02/Yale.png?fit=300%2C300&ssl=1','America & Canada');
INSERT INTO university(University,Location,Images,Region) VALUES ('Penn State University','United States of America','https://i0.wp.com/iisma.kemdikbud.go.id/info/wp-content/uploads/2022/02/Penn-State-University.png?fit=300%2C300&ssl=1','America & Canada');
INSERT INTO university(University,Location,Images,Region) VALUES ('University of California, Davis','United States of America','https://i0.wp.com/iisma.kemdikbud.go.id/info/wp-content/uploads/2022/02/University-of-California-Davis.png?fit=300%2C300&ssl=1','America & Canada');
INSERT INTO university(University,Location,Images,Region) VALUES ('UC Chile','Chile','https://i0.wp.com/iisma.kemdikbud.go.id/info/wp-content/uploads/2022/02/UC-Chile.png?fit=300%2C300&ssl=1','America & Canada');
INSERT INTO university(University,Location,Images,Region) VALUES ('Michigan State University','United States of America','https://i0.wp.com/iisma.kemdikbud.go.id/info/wp-content/uploads/2022/02/Michigan-State-University-1.png?fit=300%2C300&ssl=1','America & Canada');
INSERT INTO university(University,Location,Images,Region) VALUES ('University of Colorado Boulder','United States of America','https://i0.wp.com/iisma.kemdikbud.go.id/info/wp-content/uploads/2023/02/University-of-Colorado-Boulder.png?fit=300%2C300&ssl=1','America & Canada');
INSERT INTO university(University,Location,Images,Region) VALUES ('University of British Columbia','Canada','https://i0.wp.com/iisma.kemdikbud.go.id/info/wp-content/uploads/2022/02/University-of-British-Columbia.png?fit=300%2C300&ssl=1','America & Canada');
INSERT INTO university(University,Location,Images,Region) VALUES ('University of Waterloo','Canada','https://i0.wp.com/iisma.kemdikbud.go.id/info/wp-content/uploads/2022/02/University-of-Waterloo.png?fit=300%2C300&ssl=1','America & Canada');
INSERT INTO university(University,Location,Images,Region) VALUES ('Western University','Canada','https://i0.wp.com/iisma.kemdikbud.go.id/info/wp-content/uploads/2022/02/Western-University.png?fit=300%2C300&ssl=1','America & Canada');
INSERT INTO university(University,Location,Images,Region) VALUES ('The University of Chicago','United States of America','https://i0.wp.com/iisma.kemdikbud.go.id/info/wp-content/uploads/2023/02/University-of-Chicago.png?fit=300%2C300&ssl=1','America & Canada');
INSERT INTO university(University,Location,Images,Region) VALUES ('University of Texas at Austin','United States of America','https://i0.wp.com/iisma.kemdikbud.go.id/info/wp-content/uploads/2023/02/University-of-Texas-at-Austin.png?fit=300%2C300&ssl=1','America & Canada');
INSERT INTO university(University,Location,Images,Region) VALUES ('Osaka University','Japan','https://i0.wp.com/iisma.kemdikbud.go.id/info/wp-content/uploads/2023/02/OSAKA-FIX.png?fit=300%2C300&ssl=1','Asia');
INSERT INTO university(University,Location,Images,Region) VALUES ('Singapore Management University','Singapore','https://i0.wp.com/iisma.kemdikbud.go.id/info/wp-content/uploads/2022/02/Singapore-Management-University.png?fit=300%2C300&ssl=1','Asia');
INSERT INTO university(University,Location,Images,Region) VALUES ('Hanyang University (Seoul Campus)','South Korea','https://i0.wp.com/iisma.kemdikbud.go.id/info/wp-content/uploads/2022/02/Hanyang-University.png?fit=300%2C300&ssl=1','Asia');
INSERT INTO university(University,Location,Images,Region) VALUES ('National Taiwan University of Science and Technology (Taiwan Tech)','Taiwan','https://i0.wp.com/iisma.kemdikbud.go.id/info/wp-content/uploads/2022/02/Taiwan-Tech.png?fit=300%2C300&ssl=1','Asia');
INSERT INTO university(University,Location,Images,Region) VALUES ('Korea University','South Korea','https://i0.wp.com/iisma.kemdikbud.go.id/info/wp-content/uploads/2022/04/KU.png?fit=300%2C300&ssl=1','Asia');
INSERT INTO university(University,Location,Images,Region) VALUES ('Universiti Malaya','Malaysia','https://i0.wp.com/iisma.kemdikbud.go.id/info/wp-content/uploads/2022/02/Universiti-Malaya-1.png?fit=300%2C300&ssl=1','Asia');
INSERT INTO university(University,Location,Images,Region) VALUES ('Universiti Kebangsaan Malaysia','Malaysia','https://i0.wp.com/iisma.kemdikbud.go.id/info/wp-content/uploads/2022/02/Universiti-Kebangsaan-Malaya.png?fit=300%2C300&ssl=1','Asia');
INSERT INTO university(University,Location,Images,Region) VALUES ('Universiti Sains Malaysia','Malaysia','https://i0.wp.com/iisma.kemdikbud.go.id/info/wp-content/uploads/2022/02/USM.png?fit=300%2C300&ssl=1','Asia');
INSERT INTO university(University,Location,Images,Region) VALUES ('Nanyang Technological University','Singapore','https://i0.wp.com/iisma.kemdikbud.go.id/info/wp-content/uploads/2022/02/Nanyang-University.png?fit=300%2C300&ssl=1','Asia');
INSERT INTO university(University,Location,Images,Region) VALUES ('Keio University','Japan','https://i0.wp.com/iisma.kemdikbud.go.id/info/wp-content/uploads/2023/02/VOKASI-EROPA-3.png?fit=300%2C300&ssl=1','Asia');
INSERT INTO university(University,Location,Images,Region) VALUES ('National Taiwan University','Taiwan','https://i0.wp.com/iisma.kemdikbud.go.id/info/wp-content/uploads/2022/02/National-Taiwan-University.png?fit=300%2C300&ssl=1','Asia');
INSERT INTO university(University,Location,Images,Region) VALUES ('Chulalongkorn University','Thailand','https://i0.wp.com/iisma.kemdikbud.go.id/info/wp-content/uploads/2022/02/Chulalongkorn-Univ-1.png?fit=300%2C300&ssl=1','Asia');
INSERT INTO university(University,Location,Images,Region) VALUES ('Middle East Technical University','Turkey','https://i0.wp.com/iisma.kemdikbud.go.id/info/wp-content/uploads/2022/02/Middle-East-Technical-University.png?fit=300%2C300&ssl=1','Asia');
INSERT INTO university(University,Location,Images,Region) VALUES ('The Australian National University','Australia','https://i0.wp.com/iisma.kemdikbud.go.id/info/wp-content/uploads/2022/02/The-Australian-National-University.png?fit=300%2C300&ssl=1','Australia');
INSERT INTO university(University,Location,Images,Region) VALUES ('The University of Adelaide','Australia','https://i0.wp.com/iisma.kemdikbud.go.id/info/wp-content/uploads/2022/02/The-University-of-Adelaide.png?fit=300%2C300&ssl=1','Australia');
INSERT INTO university(University,Location,Images,Region) VALUES ('The University of Queensland','Australia','https://i0.wp.com/iisma.kemdikbud.go.id/info/wp-content/uploads/2022/02/The-University-of-Queensland.png?fit=300%2C300&ssl=1','Australia');
INSERT INTO university(University,Location,Images,Region) VALUES ('University of Sydney','Australia','https://i0.wp.com/iisma.kemdikbud.go.id/info/wp-content/uploads/2022/02/The-University-of-Sydney.png?fit=300%2C300&ssl=1','Australia');
INSERT INTO university(University,Location,Images,Region) VALUES ('University of Auckland','New Zealand','https://i0.wp.com/iisma.kemdikbud.go.id/info/wp-content/uploads/2022/02/University-of-Auckland.png?fit=300%2C300&ssl=1','Australia');
INSERT INTO university(University,Location,Images,Region) VALUES ('University of Melbourne','Australia','https://i0.wp.com/iisma.kemdikbud.go.id/info/wp-content/uploads/2022/03/University-of-Melbourne.png?fit=300%2C300&ssl=1','Australia');
INSERT INTO university(University,Location,Images,Region) VALUES ('Monash University','Australia','https://i0.wp.com/iisma.kemdikbud.go.id/info/wp-content/uploads/2022/02/Monash-University.png?fit=300%2C300&ssl=1','Australia');
INSERT INTO university(University,Location,Images,Region) VALUES ('The University of Western Australia','Australia','https://i0.wp.com/iisma.kemdikbud.go.id/info/wp-content/uploads/2023/02/8.png?fit=300%2C300&ssl=1','Australia');
INSERT INTO university(University,Location,Images,Region) VALUES ('University of Otago','New Zealand','https://i0.wp.com/iisma.kemdikbud.go.id/info/wp-content/uploads/2023/02/University-of-Otago.png?fit=300%2C300&ssl=1','Australia');
INSERT INTO university(University,Location,Images,Region) VALUES ('Victoria University of Wellington','New Zealand','https://i0.wp.com/iisma.kemdikbud.go.id/info/wp-content/uploads/2023/02/University-of-Otago-2.png?fit=300%2C300&ssl=1','Australia');
INSERT INTO university(University,Location,Images,Region) VALUES ('University of New South Wales','Australia','https://i0.wp.com/iisma.kemdikbud.go.id/info/wp-content/uploads/2023/02/UNSW.png?fit=300%2C300&ssl=1','Australia');
INSERT INTO university(University,Location,Images,Region) VALUES ('University of Canterbury','New Zealand','https://i0.wp.com/iisma.kemdikbud.go.id/info/wp-content/uploads/2023/02/University-of-canterbury-.png?fit=300%2C300&ssl=1','Australia');
INSERT INTO university(University,Location,Images,Region) VALUES ('Vrije Universiteit Amsterdam','Netherlands','https://i0.wp.com/iisma.kemdikbud.go.id/info/wp-content/uploads/2022/03/Vrije-Universiteit-Amsterdam.png?fit=300%2C300&ssl=1','Europe');
INSERT INTO university(University,Location,Images,Region) VALUES ('Leiden University','Netherlands','https://i0.wp.com/iisma.kemdikbud.go.id/info/wp-content/uploads/2022/02/Leiden-University.png?fit=300%2C300&ssl=1','Europe');
INSERT INTO university(University,Location,Images,Region) VALUES ('University of Twente','Netherlands','https://i0.wp.com/iisma.kemdikbud.go.id/info/wp-content/uploads/2022/02/University-of-Twente.png?fit=300%2C300&ssl=1','Europe');
INSERT INTO university(University,Location,Images,Region) VALUES ('Maastricht University','Netherlands','https://i0.wp.com/iisma.kemdikbud.go.id/info/wp-content/uploads/2022/02/Maastricht-University.png?fit=300%2C300&ssl=1','Europe');
INSERT INTO university(University,Location,Images,Region) VALUES ('KU Leuven','Belgium','https://i0.wp.com/iisma.kemdikbud.go.id/info/wp-content/uploads/2022/02/KU-Leuven.png?fit=300%2C300&ssl=1','Europe');
INSERT INTO university(University,Location,Images,Region) VALUES ('University of Tartu','Estonia','https://i0.wp.com/iisma.kemdikbud.go.id/info/wp-content/uploads/2022/02/University-of-Tartu-1.png?fit=300%2C300&ssl=1','Europe');
INSERT INTO university(University,Location,Images,Region) VALUES ('University of Szeged','Hungary','https://i0.wp.com/iisma.kemdikbud.go.id/info/wp-content/uploads/2022/02/University-of-Szeged-2.png?fit=300%2C300&ssl=1','Europe');
INSERT INTO university(University,Location,Images,Region) VALUES ('University of Pisa','Italy','https://i0.wp.com/iisma.kemdikbud.go.id/info/wp-content/uploads/2022/02/University-of-Pisa.png?fit=300%2C300&ssl=1','Europe');
INSERT INTO university(University,Location,Images,Region) VALUES ('Humboldt-Universität zu Berlin','Germany','https://i0.wp.com/iisma.kemdikbud.go.id/info/wp-content/uploads/2022/02/Humboldt-University-of-Berlin.png?fit=300%2C300&ssl=1','Europe');
INSERT INTO university(University,Location,Images,Region) VALUES ('University of Zagreb','Croatia','https://i0.wp.com/iisma.kemdikbud.go.id/info/wp-content/uploads/2022/02/University-of-ZagrebUniversity-of-Zagreb.png?fit=300%2C300&ssl=1','Europe');
INSERT INTO university(University,Location,Images,Region) VALUES ('University of Warsaw','Poland','https://i0.wp.com/iisma.kemdikbud.go.id/info/wp-content/uploads/2022/02/University-of-Warsaw-1.png?fit=300%2C300&ssl=1','Europe');
INSERT INTO university(University,Location,Images,Region) VALUES ('Grenoble Ecole de Management','France','https://i0.wp.com/iisma.kemdikbud.go.id/info/wp-content/uploads/2023/02/Grenoble-Ecole-de-Management.png?fit=300%2C300&ssl=1','Europe');
INSERT INTO university(University,Location,Images,Region) VALUES ('M.V.Lomonosov Moscow State University','Russia','https://i0.wp.com/iisma.kemdikbud.go.id/info/wp-content/uploads/2023/02/M.V.Lomonosov-Moscow-State-University.png?fit=300%2C300&ssl=1','Europe');
INSERT INTO university(University,Location,Images,Region) VALUES ('Radboud University','Netherlands','https://i0.wp.com/iisma.kemdikbud.go.id/info/wp-content/uploads/2022/02/Radboud-University-1.png?fit=300%2C300&ssl=1','Europe');
INSERT INTO university(University,Location,Images,Region) VALUES ('Vytautas Magnus University','Lithuania','https://i0.wp.com/iisma.kemdikbud.go.id/info/wp-content/uploads/2022/02/Vytautas-Magnus-University.png?fit=300%2C300&ssl=1','Europe');
INSERT INTO university(University,Location,Images,Region) VALUES ('Sciences Po','France','https://i0.wp.com/iisma.kemdikbud.go.id/info/wp-content/uploads/2023/02/SciencesPo.png?fit=300%2C300&ssl=1','Europe');
INSERT INTO university(University,Location,Images,Region) VALUES ('Universitat Pompeu Fabra','Spain','https://i0.wp.com/iisma.kemdikbud.go.id/info/wp-content/uploads/2022/02/UNIVERSITAT-POMPEU-FABRA.png?fit=300%2C300&ssl=1','Europe');
INSERT INTO university(University,Location,Images,Region) VALUES ('Sapienza University of Rome','Italy','https://i0.wp.com/iisma.kemdikbud.go.id/info/wp-content/uploads/2022/02/Sapienza-University-of-Rome.png?fit=300%2C300&ssl=1','Europe');
INSERT INTO university(University,Location,Images,Region) VALUES ('University of Padua','Italy','https://i0.wp.com/iisma.kemdikbud.go.id/info/wp-content/uploads/2022/02/University-of-Padua-2.png?fit=300%2C300&ssl=1','Europe');
INSERT INTO university(University,Location,Images,Region) VALUES ('Universidad Autónoma de Madrid','Spain','https://i0.wp.com/iisma.kemdikbud.go.id/info/wp-content/uploads/2022/02/UNIVERSIDAD-AUTONOMA-DE-MADRID.png?fit=300%2C300&ssl=1','Europe');
INSERT INTO university(University,Location,Images,Region) VALUES ('Palacký University Olomouc','Czechia','https://i0.wp.com/iisma.kemdikbud.go.id/info/wp-content/uploads/2022/02/Palacky-University-Olomouc.png?fit=300%2C300&ssl=1','Europe');
INSERT INTO university(University,Location,Images,Region) VALUES ('Lancaster University','United Kingdom','https://i0.wp.com/iisma.kemdikbud.go.id/info/wp-content/uploads/2022/02/Lancaster-University.png?fit=300%2C300&ssl=1','UK & Ireland');
INSERT INTO university(University,Location,Images,Region) VALUES ('University of Leicester','United Kingdom','https://i0.wp.com/iisma.kemdikbud.go.id/info/wp-content/uploads/2022/02/University-of-Leicester.png?fit=300%2C300&ssl=1','UK & Ireland');
INSERT INTO university(University,Location,Images,Region) VALUES ('University of Galway','Ireland','https://i0.wp.com/iisma.kemdikbud.go.id/info/wp-content/uploads/2023/02/University-of-Galway.png?fit=300%2C300&ssl=1','UK & Ireland');
INSERT INTO university(University,Location,Images,Region) VALUES ('University of Birmingham','United Kingdom','https://i0.wp.com/iisma.kemdikbud.go.id/info/wp-content/uploads/2022/02/The-University-of-Birmingham.png?fit=300%2C300&ssl=1','UK & Ireland');
INSERT INTO university(University,Location,Images,Region) VALUES ('Newcastle University','United Kingdom','https://i0.wp.com/iisma.kemdikbud.go.id/info/wp-content/uploads/2023/02/Newcastle.png?fit=300%2C300&ssl=1','UK & Ireland');
INSERT INTO university(University,Location,Images,Region) VALUES ('University of Edinburgh','United Kingdom','https://i0.wp.com/iisma.kemdikbud.go.id/info/wp-content/uploads/2022/02/The-University-of-Edinburgh.png?fit=300%2C300&ssl=1','UK & Ireland');
INSERT INTO university(University,Location,Images,Region) VALUES ('University College Dublin','Ireland','https://i0.wp.com/iisma.kemdikbud.go.id/info/wp-content/uploads/2022/02/University-College-Dublin.png?fit=300%2C300&ssl=1','UK & Ireland');
INSERT INTO university(University,Location,Images,Region) VALUES ('University College Cork - National University of Ireland','Ireland','https://i0.wp.com/iisma.kemdikbud.go.id/info/wp-content/uploads/2022/02/University-College-Cork-National-University-of-Ireland.png?fit=300%2C300&ssl=1','UK & Ireland');
INSERT INTO university(University,Location,Images,Region) VALUES ('University of Glasgow','Scotland','https://i0.wp.com/iisma.kemdikbud.go.id/info/wp-content/uploads/2022/02/University-of-Glasgow.png?fit=300%2C300&ssl=1','UK & Ireland');
INSERT INTO university(University,Location,Images,Region) VALUES ('University of Liverpool','United Kingdom','https://i0.wp.com/iisma.kemdikbud.go.id/info/wp-content/uploads/2022/02/Asset-64.png?fit=300%2C300&ssl=1','UK & Ireland');
INSERT INTO university(University,Location,Images,Region) VALUES ('University of Leeds','United Kingdom','https://i0.wp.com/iisma.kemdikbud.go.id/info/wp-content/uploads/2022/02/University-of-Leeds-1.png?fit=300%2C300&ssl=1','UK & Ireland');
INSERT INTO university(University,Location,Images,Region) VALUES ('University of Sussex','United Kingdom','https://i0.wp.com/iisma.kemdikbud.go.id/info/wp-content/uploads/2022/02/University-of-Sussex.png?fit=300%2C300&ssl=1','UK & Ireland');
INSERT INTO university(University,Location,Images,Region) VALUES ('University of Warwick','United Kingdom','https://i0.wp.com/iisma.kemdikbud.go.id/info/wp-content/uploads/2022/02/University-of-Warwick.png?fit=300%2C300&ssl=1','UK & Ireland');
INSERT INTO university(University,Location,Images,Region) VALUES ('University of York','United Kingdom','https://i0.wp.com/iisma.kemdikbud.go.id/info/wp-content/uploads/2022/02/University-of-York.png?fit=300%2C300&ssl=1','UK & Ireland');
INSERT INTO university(University,Location,Images,Region) VALUES ('University College London','United Kingdom','https://i0.wp.com/iisma.kemdikbud.go.id/info/wp-content/uploads/2023/02/UCL.png?fit=300%2C300&ssl=1','UK & Ireland');
INSERT INTO university(University,Location,Images,Region) VALUES ('Queen Mary University of London','United Kingdom','https://i0.wp.com/iisma.kemdikbud.go.id/info/wp-content/uploads/2022/02/Queen-Mary.png?fit=300%2C300&ssl=1','UK & Ireland');


CREATE TABLE requirement(
   Uni_Name VARCHAR(66) NOT NULL PRIMARY KEY
  ,GPA      NUMERIC(4,2) NOT NULL
  ,IELTS    NUMERIC(3,1) NOT NULL
  ,TOEFL    INTEGER 
  ,DET      INTEGER 
);
INSERT INTO requirement(Uni_Name,GPA,IELTS,TOEFL,DET) VALUES ('Boston University',3,6.5,84,110);
INSERT INTO requirement(Uni_Name,GPA,IELTS,TOEFL,DET) VALUES ('Arizona State University',3,6.5,79,115);
INSERT INTO requirement(Uni_Name,GPA,IELTS,TOEFL,DET) VALUES ('The University of Pennsylvania',3.3,7,100,120);
INSERT INTO requirement(Uni_Name,GPA,IELTS,TOEFL,DET) VALUES ('Yale University',3,7,100,120);
INSERT INTO requirement(Uni_Name,GPA,IELTS,TOEFL,DET) VALUES ('Penn State University',3.3,6.5,80,120);
INSERT INTO requirement(Uni_Name,GPA,IELTS,TOEFL,DET) VALUES ('University of California, Davis',3,7,80,105);
INSERT INTO requirement(Uni_Name,GPA,IELTS,TOEFL,DET) VALUES ('UC Chile',3,6,78,100);
INSERT INTO requirement(Uni_Name,GPA,IELTS,TOEFL,DET) VALUES ('Michigan State University',3,6.5,79,110);
INSERT INTO requirement(Uni_Name,GPA,IELTS,TOEFL,DET) VALUES ('University of Colorado Boulder',3,6.5,78,120);
INSERT INTO requirement(Uni_Name,GPA,IELTS,TOEFL,DET) VALUES ('University of British Columbia',3,6.5,90,125);
INSERT INTO requirement(Uni_Name,GPA,IELTS,TOEFL,DET) VALUES ('University of Waterloo',3,6.5,90,120);
INSERT INTO requirement(Uni_Name,GPA,IELTS,TOEFL,DET) VALUES ('Western University',3,6.5,83,115);
INSERT INTO requirement(Uni_Name,GPA,IELTS,TOEFL,DET) VALUES ('The University of Chicago',3.5,7,104,NULL);
INSERT INTO requirement(Uni_Name,GPA,IELTS,TOEFL,DET) VALUES ('University of Texas at Austin',3,6.5,78,NULL);
INSERT INTO requirement(Uni_Name,GPA,IELTS,TOEFL,DET) VALUES ('Osaka University',3,6,80,110);
INSERT INTO requirement(Uni_Name,GPA,IELTS,TOEFL,DET) VALUES ('Singapore Management University',3,7,93,125);
INSERT INTO requirement(Uni_Name,GPA,IELTS,TOEFL,DET) VALUES ('Hanyang University (Seoul Campus)',3,6,78,100);
INSERT INTO requirement(Uni_Name,GPA,IELTS,TOEFL,DET) VALUES ('National Taiwan University of Science and Technology (Taiwan Tech)',3,6,78,100);
INSERT INTO requirement(Uni_Name,GPA,IELTS,TOEFL,DET) VALUES ('Korea University',3,6,78,100);
INSERT INTO requirement(Uni_Name,GPA,IELTS,TOEFL,DET) VALUES ('Universiti Malaya',3,6,78,100);
INSERT INTO requirement(Uni_Name,GPA,IELTS,TOEFL,DET) VALUES ('Universiti Kebangsaan Malaysia',3,6,79,105);
INSERT INTO requirement(Uni_Name,GPA,IELTS,TOEFL,DET) VALUES ('Universiti Sains Malaysia',3,6,79,100);
INSERT INTO requirement(Uni_Name,GPA,IELTS,TOEFL,DET) VALUES ('Nanyang Technological University',3.3,6,90,125);
INSERT INTO requirement(Uni_Name,GPA,IELTS,TOEFL,DET) VALUES ('Keio University',3,6,78,100);
INSERT INTO requirement(Uni_Name,GPA,IELTS,TOEFL,DET) VALUES ('National Taiwan University',3,6,78,100);
INSERT INTO requirement(Uni_Name,GPA,IELTS,TOEFL,DET) VALUES ('Chulalongkorn University',3.25,6.5,80,105);
INSERT INTO requirement(Uni_Name,GPA,IELTS,TOEFL,DET) VALUES ('Middle East Technical University',3,6,79,92);
INSERT INTO requirement(Uni_Name,GPA,IELTS,TOEFL,DET) VALUES ('The Australian National University',3,6.5,80,NULL);
INSERT INTO requirement(Uni_Name,GPA,IELTS,TOEFL,DET) VALUES ('The University of Adelaide',3,6.5,79,NULL);
INSERT INTO requirement(Uni_Name,GPA,IELTS,TOEFL,DET) VALUES ('The University of Queensland',3,6.5,87,NULL);
INSERT INTO requirement(Uni_Name,GPA,IELTS,TOEFL,DET) VALUES ('University of Sydney',3,6.5,85,NULL);
INSERT INTO requirement(Uni_Name,GPA,IELTS,TOEFL,DET) VALUES ('University of Auckland',3,6,80,NULL);
INSERT INTO requirement(Uni_Name,GPA,IELTS,TOEFL,DET) VALUES ('University of Melbourne',3,6.5,79,NULL);
INSERT INTO requirement(Uni_Name,GPA,IELTS,TOEFL,DET) VALUES ('Monash University',3,6.5,79,125);
INSERT INTO requirement(Uni_Name,GPA,IELTS,TOEFL,DET) VALUES ('The University of Western Australia',3,6.5,82,NULL);
INSERT INTO requirement(Uni_Name,GPA,IELTS,TOEFL,DET) VALUES ('University of Otago',3,6,80,NULL);
INSERT INTO requirement(Uni_Name,GPA,IELTS,TOEFL,DET) VALUES ('Victoria University of Wellington',3,6,80,110);
INSERT INTO requirement(Uni_Name,GPA,IELTS,TOEFL,DET) VALUES ('University of New South Wales',3,6.5,90,NULL);
INSERT INTO requirement(Uni_Name,GPA,IELTS,TOEFL,DET) VALUES ('University of Canterbury',3,6,80,NULL);
INSERT INTO requirement(Uni_Name,GPA,IELTS,TOEFL,DET) VALUES ('Vrije Universiteit Amsterdam',3,6.5,92,NULL);
INSERT INTO requirement(Uni_Name,GPA,IELTS,TOEFL,DET) VALUES ('Leiden University',3.2,6.5,90,NULL);
INSERT INTO requirement(Uni_Name,GPA,IELTS,TOEFL,DET) VALUES ('University of Twente',3,6,80,NULL);
INSERT INTO requirement(Uni_Name,GPA,IELTS,TOEFL,DET) VALUES ('Maastricht University',3,6.5,90,105);
INSERT INTO requirement(Uni_Name,GPA,IELTS,TOEFL,DET) VALUES ('KU Leuven',3.3,6.5,92,NULL);
INSERT INTO requirement(Uni_Name,GPA,IELTS,TOEFL,DET) VALUES ('University of Tartu',3,6,78,100);
INSERT INTO requirement(Uni_Name,GPA,IELTS,TOEFL,DET) VALUES ('University of Szeged',3.2,6,78,100);
INSERT INTO requirement(Uni_Name,GPA,IELTS,TOEFL,DET) VALUES ('University of Pisa',3,6,78,100);
INSERT INTO requirement(Uni_Name,GPA,IELTS,TOEFL,DET) VALUES ('Humboldt-Universität zu Berlin',3,6.5,90,105);
INSERT INTO requirement(Uni_Name,GPA,IELTS,TOEFL,DET) VALUES ('University of Zagreb',3,6,78,100);
INSERT INTO requirement(Uni_Name,GPA,IELTS,TOEFL,DET) VALUES ('University of Warsaw',3,6,78,100);
INSERT INTO requirement(Uni_Name,GPA,IELTS,TOEFL,DET) VALUES ('Grenoble Ecole de Management',3,6.5,90,110);
INSERT INTO requirement(Uni_Name,GPA,IELTS,TOEFL,DET) VALUES ('M.V.Lomonosov Moscow State University',3,6,78,100);
INSERT INTO requirement(Uni_Name,GPA,IELTS,TOEFL,DET) VALUES ('Radboud University',3,6.5,90,NULL);
INSERT INTO requirement(Uni_Name,GPA,IELTS,TOEFL,DET) VALUES ('Vytautas Magnus University',3,6,87,100);
INSERT INTO requirement(Uni_Name,GPA,IELTS,TOEFL,DET) VALUES ('Sciences Po',3.6,6.5,100,135);
INSERT INTO requirement(Uni_Name,GPA,IELTS,TOEFL,DET) VALUES ('Universitat Pompeu Fabra',3,6,80,115);
INSERT INTO requirement(Uni_Name,GPA,IELTS,TOEFL,DET) VALUES ('Sapienza University of Rome',3,6,90,110);
INSERT INTO requirement(Uni_Name,GPA,IELTS,TOEFL,DET) VALUES ('University of Padua',3,6,78,100);
INSERT INTO requirement(Uni_Name,GPA,IELTS,TOEFL,DET) VALUES ('Universidad Autónoma de Madrid',3,6,78,NULL);
INSERT INTO requirement(Uni_Name,GPA,IELTS,TOEFL,DET) VALUES ('Palacký University Olomouc',3,6,78,100);
INSERT INTO requirement(Uni_Name,GPA,IELTS,TOEFL,DET) VALUES ('Lancaster University',3,6.5,87,NULL);
INSERT INTO requirement(Uni_Name,GPA,IELTS,TOEFL,DET) VALUES ('University of Leicester',3,6.5,90,110);
INSERT INTO requirement(Uni_Name,GPA,IELTS,TOEFL,DET) VALUES ('University of Galway',3,6.5,88,110);
INSERT INTO requirement(Uni_Name,GPA,IELTS,TOEFL,DET) VALUES ('University of Birmingham',3,6.5,88,NULL);
INSERT INTO requirement(Uni_Name,GPA,IELTS,TOEFL,DET) VALUES ('Newcastle University',3,6.5,90,120);
INSERT INTO requirement(Uni_Name,GPA,IELTS,TOEFL,DET) VALUES ('University of Edinburgh',3,6.5,92,NULL);
INSERT INTO requirement(Uni_Name,GPA,IELTS,TOEFL,DET) VALUES ('University College Dublin',3,6.5,90,120);
INSERT INTO requirement(Uni_Name,GPA,IELTS,TOEFL,DET) VALUES ('University College Cork - National University of Ireland',3,6,90,120);
INSERT INTO requirement(Uni_Name,GPA,IELTS,TOEFL,DET) VALUES ('University of Glasgow',3,6,80,NULL);
INSERT INTO requirement(Uni_Name,GPA,IELTS,TOEFL,DET) VALUES ('University of Liverpool',3,7,100,NULL);
INSERT INTO requirement(Uni_Name,GPA,IELTS,TOEFL,DET) VALUES ('University of Leeds',3,6.5,NULL,110);
INSERT INTO requirement(Uni_Name,GPA,IELTS,TOEFL,DET) VALUES ('University of Sussex',3,6,80,105);
INSERT INTO requirement(Uni_Name,GPA,IELTS,TOEFL,DET) VALUES ('University of Warwick',3,6,87,NULL);
INSERT INTO requirement(Uni_Name,GPA,IELTS,TOEFL,DET) VALUES ('University of York',3,6.5,87,110);
INSERT INTO requirement(Uni_Name,GPA,IELTS,TOEFL,DET) VALUES ('University College London',3.3,7,96,NULL);
INSERT INTO requirement(Uni_Name,GPA,IELTS,TOEFL,DET) VALUES ('Queen Mary University of London',3,7,100,NULL);


CREATE TABLE intake(
   GPA_Min                         NUMERIC(4,2) NOT NULL
  ,GPA_Max                         NUMERIC(4,2) NOT NULL
  ,TOEFL_Score_Min                 NUMERIC(4,1)
  ,TOEFL_Score_Max                 NUMERIC(4,1)
  ,IELTS_Score_Min                 NUMERIC(3,1)
  ,IELTS_Score_Max                 NUMERIC(3,1)
  ,Duolingo_English_Test_Score_Min INTEGER 
  ,Duolingo_English_Test_Score_Max INTEGER 
  ,Total_Students                  INTEGER  NOT NULL
  ,Uni_Name                        VARCHAR(66) NOT NULL
  ,Type_                            VARCHAR(20) NOT NULL
  ,Year_                            INTEGER  NOT NULL
  ,PRIMARY KEY(Uni_Name,Type_,Year_)
);
INSERT INTO intake(GPA_Min,GPA_Max,TOEFL_Score_Min,TOEFL_Score_Max,IELTS_Score_Min,IELTS_Score_Max,Duolingo_English_Test_Score_Min,Duolingo_English_Test_Score_Max,Total_Students,Uni_Name,Type_,Year_) VALUES (3.39,3.96,NULL,NULL,8.5,8.5,140,155,20,'Boston University','Awardees',2022);
INSERT INTO intake(GPA_Min,GPA_Max,TOEFL_Score_Min,TOEFL_Score_Max,IELTS_Score_Min,IELTS_Score_Max,Duolingo_English_Test_Score_Min,Duolingo_English_Test_Score_Max,Total_Students,Uni_Name,Type_,Year_) VALUES (3.4,3.9,NULL,NULL,8.5,8.5,140,155,20,'Boston University','Awardees',2023);
INSERT INTO intake(GPA_Min,GPA_Max,TOEFL_Score_Min,TOEFL_Score_Max,IELTS_Score_Min,IELTS_Score_Max,Duolingo_English_Test_Score_Min,Duolingo_English_Test_Score_Max,Total_Students,Uni_Name,Type_,Year_) VALUES (3.44,3.94,NULL,NULL,NULL,NULL,140,145,8,'Arizona State University','Awardees',2022);
INSERT INTO intake(GPA_Min,GPA_Max,TOEFL_Score_Min,TOEFL_Score_Max,IELTS_Score_Min,IELTS_Score_Max,Duolingo_English_Test_Score_Min,Duolingo_English_Test_Score_Max,Total_Students,Uni_Name,Type_,Year_) VALUES (3.16,3.98,NULL,NULL,7.5,7.5,130,145,11,'Arizona State University','Awardees',2023);
INSERT INTO intake(GPA_Min,GPA_Max,TOEFL_Score_Min,TOEFL_Score_Max,IELTS_Score_Min,IELTS_Score_Max,Duolingo_English_Test_Score_Min,Duolingo_English_Test_Score_Max,Total_Students,Uni_Name,Type_,Year_) VALUES (3.47,4,NULL,NULL,8.5,8.5,145,160,20,'The University of Pennsylvania','Awardees',2022);
INSERT INTO intake(GPA_Min,GPA_Max,TOEFL_Score_Min,TOEFL_Score_Max,IELTS_Score_Min,IELTS_Score_Max,Duolingo_English_Test_Score_Min,Duolingo_English_Test_Score_Max,Total_Students,Uni_Name,Type_,Year_) VALUES (3.44,3.99,NULL,NULL,8,8.5,150,160,20,'The University of Pennsylvania','Awardees',2023);
INSERT INTO intake(GPA_Min,GPA_Max,TOEFL_Score_Min,TOEFL_Score_Max,IELTS_Score_Min,IELTS_Score_Max,Duolingo_English_Test_Score_Min,Duolingo_English_Test_Score_Max,Total_Students,Uni_Name,Type_,Year_) VALUES (3.3,3.96,108,108,7,8.5,130,150,20,'Yale University','Awardees',2023);
INSERT INTO intake(GPA_Min,GPA_Max,TOEFL_Score_Min,TOEFL_Score_Max,IELTS_Score_Min,IELTS_Score_Max,Duolingo_English_Test_Score_Min,Duolingo_English_Test_Score_Max,Total_Students,Uni_Name,Type_,Year_) VALUES (3.56,3.94,NULL,NULL,NULL,NULL,140,145,10,'Penn State University','Awardees',2022);
INSERT INTO intake(GPA_Min,GPA_Max,TOEFL_Score_Min,TOEFL_Score_Max,IELTS_Score_Min,IELTS_Score_Max,Duolingo_English_Test_Score_Min,Duolingo_English_Test_Score_Max,Total_Students,Uni_Name,Type_,Year_) VALUES (3.42,3.89,NULL,NULL,8,8.5,150,160,10,'Penn State University','Awardees',2023);
INSERT INTO intake(GPA_Min,GPA_Max,TOEFL_Score_Min,TOEFL_Score_Max,IELTS_Score_Min,IELTS_Score_Max,Duolingo_English_Test_Score_Min,Duolingo_English_Test_Score_Max,Total_Students,Uni_Name,Type_,Year_) VALUES (3.5,3.99,NULL,NULL,8.5,8.5,135,155,25,'University of California, Davis','Awardees',2022);
INSERT INTO intake(GPA_Min,GPA_Max,TOEFL_Score_Min,TOEFL_Score_Max,IELTS_Score_Min,IELTS_Score_Max,Duolingo_English_Test_Score_Min,Duolingo_English_Test_Score_Max,Total_Students,Uni_Name,Type_,Year_) VALUES (3,3.99,NULL,NULL,8,8,125,155,25,'University of California, Davis','Awardees',2023);
INSERT INTO intake(GPA_Min,GPA_Max,TOEFL_Score_Min,TOEFL_Score_Max,IELTS_Score_Min,IELTS_Score_Max,Duolingo_English_Test_Score_Min,Duolingo_English_Test_Score_Max,Total_Students,Uni_Name,Type_,Year_) VALUES (3.63,3.93,NULL,NULL,NULL,NULL,115,150,5,'UC Chile','Awardees',2023);
INSERT INTO intake(GPA_Min,GPA_Max,TOEFL_Score_Min,TOEFL_Score_Max,IELTS_Score_Min,IELTS_Score_Max,Duolingo_English_Test_Score_Min,Duolingo_English_Test_Score_Max,Total_Students,Uni_Name,Type_,Year_) VALUES (3.24,4,NULL,NULL,8,8.5,130,150,22,'Michigan State University','Awardees',2022);
INSERT INTO intake(GPA_Min,GPA_Max,TOEFL_Score_Min,TOEFL_Score_Max,IELTS_Score_Min,IELTS_Score_Max,Duolingo_English_Test_Score_Min,Duolingo_English_Test_Score_Max,Total_Students,Uni_Name,Type_,Year_) VALUES (3.23,3.98,NULL,NULL,8.0,8.0,125,160,20,'Michigan State University','Awardees',2023);
INSERT INTO intake(GPA_Min,GPA_Max,TOEFL_Score_Min,TOEFL_Score_Max,IELTS_Score_Min,IELTS_Score_Max,Duolingo_English_Test_Score_Min,Duolingo_English_Test_Score_Max,Total_Students,Uni_Name,Type_,Year_) VALUES (3.15,3.91,NULL,NULL,6.5,7.5,110,145,26,'Michigan State University','Cofunding Awardees',2023);
INSERT INTO intake(GPA_Min,GPA_Max,TOEFL_Score_Min,TOEFL_Score_Max,IELTS_Score_Min,IELTS_Score_Max,Duolingo_English_Test_Score_Min,Duolingo_English_Test_Score_Max,Total_Students,Uni_Name,Type_,Year_) VALUES (3.51,3.8,NULL,NULL,7,7,125,145,5,'University of Colorado Boulder','Awardees',2023);
INSERT INTO intake(GPA_Min,GPA_Max,TOEFL_Score_Min,TOEFL_Score_Max,IELTS_Score_Min,IELTS_Score_Max,Duolingo_English_Test_Score_Min,Duolingo_English_Test_Score_Max,Total_Students,Uni_Name,Type_,Year_) VALUES (3.46,3.9,NULL,NULL,8,8,140,150,10,'University of British Columbia','Awardees',2022);
INSERT INTO intake(GPA_Min,GPA_Max,TOEFL_Score_Min,TOEFL_Score_Max,IELTS_Score_Min,IELTS_Score_Max,Duolingo_English_Test_Score_Min,Duolingo_English_Test_Score_Max,Total_Students,Uni_Name,Type_,Year_) VALUES (3.59,3.96,NULL,NULL,8,8,150,155,10,'University of British Columbia','Awardees',2023);
INSERT INTO intake(GPA_Min,GPA_Max,TOEFL_Score_Min,TOEFL_Score_Max,IELTS_Score_Min,IELTS_Score_Max,Duolingo_English_Test_Score_Min,Duolingo_English_Test_Score_Max,Total_Students,Uni_Name,Type_,Year_) VALUES (3.11,3.96,NULL,NULL,8,8,140,155,15,'University of Waterloo','Awardees',2022);
INSERT INTO intake(GPA_Min,GPA_Max,TOEFL_Score_Min,TOEFL_Score_Max,IELTS_Score_Min,IELTS_Score_Max,Duolingo_English_Test_Score_Min,Duolingo_English_Test_Score_Max,Total_Students,Uni_Name,Type_,Year_) VALUES (3.41,3.96,NULL,NULL,7.5,8,140,150,15,'University of Waterloo','Awardees',2023);
INSERT INTO intake(GPA_Min,GPA_Max,TOEFL_Score_Min,TOEFL_Score_Max,IELTS_Score_Min,IELTS_Score_Max,Duolingo_English_Test_Score_Min,Duolingo_English_Test_Score_Max,Total_Students,Uni_Name,Type_,Year_) VALUES (3.42,3.84,NULL,NULL,NULL,NULL,140,145,10,'Western University','Awardees',2022);
INSERT INTO intake(GPA_Min,GPA_Max,TOEFL_Score_Min,TOEFL_Score_Max,IELTS_Score_Min,IELTS_Score_Max,Duolingo_English_Test_Score_Min,Duolingo_English_Test_Score_Max,Total_Students,Uni_Name,Type_,Year_) VALUES (3.4,3.96,NULL,NULL,7.5,8,130,160,10,'Western University','Awardees',2023);
INSERT INTO intake(GPA_Min,GPA_Max,TOEFL_Score_Min,TOEFL_Score_Max,IELTS_Score_Min,IELTS_Score_Max,Duolingo_English_Test_Score_Min,Duolingo_English_Test_Score_Max,Total_Students,Uni_Name,Type_,Year_) VALUES (3.81,3.97,NULL,NULL,8,8,NULL,NULL,5,'The University of Chicago','Awardees',2023);
INSERT INTO intake(GPA_Min,GPA_Max,TOEFL_Score_Min,TOEFL_Score_Max,IELTS_Score_Min,IELTS_Score_Max,Duolingo_English_Test_Score_Min,Duolingo_English_Test_Score_Max,Total_Students,Uni_Name,Type_,Year_) VALUES (3.15,3.83,88,89,6.5,7.5,NULL,NULL,5,'University of Texas at Austin','Awardees',2023);
INSERT INTO intake(GPA_Min,GPA_Max,TOEFL_Score_Min,TOEFL_Score_Max,IELTS_Score_Min,IELTS_Score_Max,Duolingo_English_Test_Score_Min,Duolingo_English_Test_Score_Max,Total_Students,Uni_Name,Type_,Year_) VALUES (3.48,3.97,NULL,NULL,8,8,145,155,7,'Osaka University','Awardees',2023);
INSERT INTO intake(GPA_Min,GPA_Max,TOEFL_Score_Min,TOEFL_Score_Max,IELTS_Score_Min,IELTS_Score_Max,Duolingo_English_Test_Score_Min,Duolingo_English_Test_Score_Max,Total_Students,Uni_Name,Type_,Year_) VALUES (3.45,3.98,NULL,NULL,7.5,8,145,145,5,'Singapore Management University','Awardees',2023);
INSERT INTO intake(GPA_Min,GPA_Max,TOEFL_Score_Min,TOEFL_Score_Max,IELTS_Score_Min,IELTS_Score_Max,Duolingo_English_Test_Score_Min,Duolingo_English_Test_Score_Max,Total_Students,Uni_Name,Type_,Year_) VALUES (3.31,4,108,108,7.5,8,125,145,50,'Hanyang University (Seoul Campus)','Awardees',2022);
INSERT INTO intake(GPA_Min,GPA_Max,TOEFL_Score_Min,TOEFL_Score_Max,IELTS_Score_Min,IELTS_Score_Max,Duolingo_English_Test_Score_Min,Duolingo_English_Test_Score_Max,Total_Students,Uni_Name,Type_,Year_) VALUES (3.32,4,NULL,NULL,7.5,8,125,150,40,'Hanyang University (Seoul Campus)','Awardees',2023);
INSERT INTO intake(GPA_Min,GPA_Max,TOEFL_Score_Min,TOEFL_Score_Max,IELTS_Score_Min,IELTS_Score_Max,Duolingo_English_Test_Score_Min,Duolingo_English_Test_Score_Max,Total_Students,Uni_Name,Type_,Year_) VALUES (3.18,3.97,NULL,NULL,6,7.5,100,150,37,'Hanyang University (Seoul Campus)','Cofunding Awardees',2023);
INSERT INTO intake(GPA_Min,GPA_Max,TOEFL_Score_Min,TOEFL_Score_Max,IELTS_Score_Min,IELTS_Score_Max,Duolingo_English_Test_Score_Min,Duolingo_English_Test_Score_Max,Total_Students,Uni_Name,Type_,Year_) VALUES (3.36,3.88,NULL,NULL,NULL,NULL,125,145,20,'National Taiwan University of Science and Technology (Taiwan Tech)','Awardees',2022);
INSERT INTO intake(GPA_Min,GPA_Max,TOEFL_Score_Min,TOEFL_Score_Max,IELTS_Score_Min,IELTS_Score_Max,Duolingo_English_Test_Score_Min,Duolingo_English_Test_Score_Max,Total_Students,Uni_Name,Type_,Year_) VALUES (3.28,3.88,NULL,NULL,7.5,7.5,130,145,14,'National Taiwan University of Science and Technology (Taiwan Tech)','Awardees',2023);
INSERT INTO intake(GPA_Min,GPA_Max,TOEFL_Score_Min,TOEFL_Score_Max,IELTS_Score_Min,IELTS_Score_Max,Duolingo_English_Test_Score_Min,Duolingo_English_Test_Score_Max,Total_Students,Uni_Name,Type_,Year_) VALUES (3.22,3.96,NULL,NULL,8,8,135,150,50,'Korea University','Awardees',2022);
INSERT INTO intake(GPA_Min,GPA_Max,TOEFL_Score_Min,TOEFL_Score_Max,IELTS_Score_Min,IELTS_Score_Max,Duolingo_English_Test_Score_Min,Duolingo_English_Test_Score_Max,Total_Students,Uni_Name,Type_,Year_) VALUES (3.42,4,NULL,NULL,7.5,8,130,160,40,'Korea University','Awardees',2023);
INSERT INTO intake(GPA_Min,GPA_Max,TOEFL_Score_Min,TOEFL_Score_Max,IELTS_Score_Min,IELTS_Score_Max,Duolingo_English_Test_Score_Min,Duolingo_English_Test_Score_Max,Total_Students,Uni_Name,Type_,Year_) VALUES (3.36,4,NULL,NULL,NULL,NULL,125,145,20,'Universiti Malaya','Awardees',2022);
INSERT INTO intake(GPA_Min,GPA_Max,TOEFL_Score_Min,TOEFL_Score_Max,IELTS_Score_Min,IELTS_Score_Max,Duolingo_English_Test_Score_Min,Duolingo_English_Test_Score_Max,Total_Students,Uni_Name,Type_,Year_) VALUES (3.32,3.94,94,94,7,7,110,150,31,'Universiti Malaya','Awardees',2023);
INSERT INTO intake(GPA_Min,GPA_Max,TOEFL_Score_Min,TOEFL_Score_Max,IELTS_Score_Min,IELTS_Score_Max,Duolingo_English_Test_Score_Min,Duolingo_English_Test_Score_Max,Total_Students,Uni_Name,Type_,Year_) VALUES (3.38,3.93,NULL,NULL,6,7,100,130,39,'Universiti Malaya','Cofunding Awardees',2023);
INSERT INTO intake(GPA_Min,GPA_Max,TOEFL_Score_Min,TOEFL_Score_Max,IELTS_Score_Min,IELTS_Score_Max,Duolingo_English_Test_Score_Min,Duolingo_English_Test_Score_Max,Total_Students,Uni_Name,Type_,Year_) VALUES (3.08,3.98,NULL,NULL,7,7,120,140,16,'Universiti Kebangsaan Malaysia','Awardees',2022);
INSERT INTO intake(GPA_Min,GPA_Max,TOEFL_Score_Min,TOEFL_Score_Max,IELTS_Score_Min,IELTS_Score_Max,Duolingo_English_Test_Score_Min,Duolingo_English_Test_Score_Max,Total_Students,Uni_Name,Type_,Year_) VALUES (3.09,4,NULL,NULL,7,7,120,150,15,'Universiti Kebangsaan Malaysia','Awardees',2023);
INSERT INTO intake(GPA_Min,GPA_Max,TOEFL_Score_Min,TOEFL_Score_Max,IELTS_Score_Min,IELTS_Score_Max,Duolingo_English_Test_Score_Min,Duolingo_English_Test_Score_Max,Total_Students,Uni_Name,Type_,Year_) VALUES (3.65,4,NULL,NULL,7,7,105,130,5,'Universiti Kebangsaan Malaysia','Cofunding Awardees',2023);
INSERT INTO intake(GPA_Min,GPA_Max,TOEFL_Score_Min,TOEFL_Score_Max,IELTS_Score_Min,IELTS_Score_Max,Duolingo_English_Test_Score_Min,Duolingo_English_Test_Score_Max,Total_Students,Uni_Name,Type_,Year_) VALUES (3.31,3.84,NULL,NULL,6.5,6.5,110,135,14,'Universiti Sains Malaysia','Awardees',2022);
INSERT INTO intake(GPA_Min,GPA_Max,TOEFL_Score_Min,TOEFL_Score_Max,IELTS_Score_Min,IELTS_Score_Max,Duolingo_English_Test_Score_Min,Duolingo_English_Test_Score_Max,Total_Students,Uni_Name,Type_,Year_) VALUES (3.43,3.93,NULL,NULL,6.5,7.5,105,140,23,'Universiti Sains Malaysia','Awardees',2023);
INSERT INTO intake(GPA_Min,GPA_Max,TOEFL_Score_Min,TOEFL_Score_Max,IELTS_Score_Min,IELTS_Score_Max,Duolingo_English_Test_Score_Min,Duolingo_English_Test_Score_Max,Total_Students,Uni_Name,Type_,Year_) VALUES (3.33,3.99,NULL,NULL,8,8.5,135,155,25,'Nanyang Technological University','Awardees',2022);
INSERT INTO intake(GPA_Min,GPA_Max,TOEFL_Score_Min,TOEFL_Score_Max,IELTS_Score_Min,IELTS_Score_Max,Duolingo_English_Test_Score_Min,Duolingo_English_Test_Score_Max,Total_Students,Uni_Name,Type_,Year_) VALUES (3.4,4,NULL,NULL,7.5,8,140,155,25,'Nanyang Technological University','Awardees',2023);
INSERT INTO intake(GPA_Min,GPA_Max,TOEFL_Score_Min,TOEFL_Score_Max,IELTS_Score_Min,IELTS_Score_Max,Duolingo_English_Test_Score_Min,Duolingo_English_Test_Score_Max,Total_Students,Uni_Name,Type_,Year_) VALUES (3.43,3.79,NULL,NULL,8,8,150,150,7,'Keio University','Awardees',2023);
INSERT INTO intake(GPA_Min,GPA_Max,TOEFL_Score_Min,TOEFL_Score_Max,IELTS_Score_Min,IELTS_Score_Max,Duolingo_English_Test_Score_Min,Duolingo_English_Test_Score_Max,Total_Students,Uni_Name,Type_,Year_) VALUES (3.28,3.98,NULL,NULL,7.5,7.5,135,150,20,'National Taiwan University','Awardees',2022);
INSERT INTO intake(GPA_Min,GPA_Max,TOEFL_Score_Min,TOEFL_Score_Max,IELTS_Score_Min,IELTS_Score_Max,Duolingo_English_Test_Score_Min,Duolingo_English_Test_Score_Max,Total_Students,Uni_Name,Type_,Year_) VALUES (3.4,3.93,NULL,NULL,8.0,8.0,110,155,22,'National Taiwan University','Awardees',2023);
INSERT INTO intake(GPA_Min,GPA_Max,TOEFL_Score_Min,TOEFL_Score_Max,IELTS_Score_Min,IELTS_Score_Max,Duolingo_English_Test_Score_Min,Duolingo_English_Test_Score_Max,Total_Students,Uni_Name,Type_,Year_) VALUES (3.56,3.88,NULL,NULL,NULL,NULL,135,145,6,'Chulalongkorn University','Awardees',2022);
INSERT INTO intake(GPA_Min,GPA_Max,TOEFL_Score_Min,TOEFL_Score_Max,IELTS_Score_Min,IELTS_Score_Max,Duolingo_English_Test_Score_Min,Duolingo_English_Test_Score_Max,Total_Students,Uni_Name,Type_,Year_) VALUES (3.47,3.88,NULL,NULL,7,7,135,140,5,'Chulalongkorn University','Awardees',2023);
INSERT INTO intake(GPA_Min,GPA_Max,TOEFL_Score_Min,TOEFL_Score_Max,IELTS_Score_Min,IELTS_Score_Max,Duolingo_English_Test_Score_Min,Duolingo_English_Test_Score_Max,Total_Students,Uni_Name,Type_,Year_) VALUES (3.44,3.93,NULL,NULL,7,7,135,140,10,'Middle East Technical University','Awardees',2022);
INSERT INTO intake(GPA_Min,GPA_Max,TOEFL_Score_Min,TOEFL_Score_Max,IELTS_Score_Min,IELTS_Score_Max,Duolingo_English_Test_Score_Min,Duolingo_English_Test_Score_Max,Total_Students,Uni_Name,Type_,Year_) VALUES (3.04,4,NULL,NULL,7.5,7.5,110,150,15,'Middle East Technical University','Awardees',2023);
INSERT INTO intake(GPA_Min,GPA_Max,TOEFL_Score_Min,TOEFL_Score_Max,IELTS_Score_Min,IELTS_Score_Max,Duolingo_English_Test_Score_Min,Duolingo_English_Test_Score_Max,Total_Students,Uni_Name,Type_,Year_) VALUES (3.69,3.97,NULL,NULL,6.5,6.5,120,135,5,'Middle East Technical University','Cofunding Awardees',2023);
INSERT INTO intake(GPA_Min,GPA_Max,TOEFL_Score_Min,TOEFL_Score_Max,IELTS_Score_Min,IELTS_Score_Max,Duolingo_English_Test_Score_Min,Duolingo_English_Test_Score_Max,Total_Students,Uni_Name,Type_,Year_) VALUES (3.49,3.96,NULL,NULL,NULL,NULL,140,150,10,'The Australian National University','Awardees',2022);
INSERT INTO intake(GPA_Min,GPA_Max,TOEFL_Score_Min,TOEFL_Score_Max,IELTS_Score_Min,IELTS_Score_Max,Duolingo_English_Test_Score_Min,Duolingo_English_Test_Score_Max,Total_Students,Uni_Name,Type_,Year_) VALUES (3.36,3.99,98,98,7,8.5,NULL,NULL,9,'The Australian National University','Awardees',2023);
INSERT INTO intake(GPA_Min,GPA_Max,TOEFL_Score_Min,TOEFL_Score_Max,IELTS_Score_Min,IELTS_Score_Max,Duolingo_English_Test_Score_Min,Duolingo_English_Test_Score_Max,Total_Students,Uni_Name,Type_,Year_) VALUES (3.58,3.96,NULL,NULL,7.5,8.5,NULL,NULL,8,'The University of Adelaide','Awardees',2022);
INSERT INTO intake(GPA_Min,GPA_Max,TOEFL_Score_Min,TOEFL_Score_Max,IELTS_Score_Min,IELTS_Score_Max,Duolingo_English_Test_Score_Min,Duolingo_English_Test_Score_Max,Total_Students,Uni_Name,Type_,Year_) VALUES (3.44,3.9,NULL,NULL,7,8,NULL,NULL,15,'The University of Adelaide','Awardees',2023);
INSERT INTO intake(GPA_Min,GPA_Max,TOEFL_Score_Min,TOEFL_Score_Max,IELTS_Score_Min,IELTS_Score_Max,Duolingo_English_Test_Score_Min,Duolingo_English_Test_Score_Max,Total_Students,Uni_Name,Type_,Year_) VALUES (3.32,3.94,NULL,NULL,7,8,NULL,NULL,10,'The University of Queensland','Awardees',2022);
INSERT INTO intake(GPA_Min,GPA_Max,TOEFL_Score_Min,TOEFL_Score_Max,IELTS_Score_Min,IELTS_Score_Max,Duolingo_English_Test_Score_Min,Duolingo_English_Test_Score_Max,Total_Students,Uni_Name,Type_,Year_) VALUES (3.39,3.99,NULL,NULL,7.5,8.5,NULL,NULL,15,'The University of Queensland','Awardees',2023);
INSERT INTO intake(GPA_Min,GPA_Max,TOEFL_Score_Min,TOEFL_Score_Max,IELTS_Score_Min,IELTS_Score_Max,Duolingo_English_Test_Score_Min,Duolingo_English_Test_Score_Max,Total_Students,Uni_Name,Type_,Year_) VALUES (3.6,3.97,102,102,7,8,NULL,NULL,7,'University of Sydney','Awardees',2022);
INSERT INTO intake(GPA_Min,GPA_Max,TOEFL_Score_Min,TOEFL_Score_Max,IELTS_Score_Min,IELTS_Score_Max,Duolingo_English_Test_Score_Min,Duolingo_English_Test_Score_Max,Total_Students,Uni_Name,Type_,Year_) VALUES (3.34,3.99,NULL,NULL,7,8,NULL,NULL,15,'University of Sydney','Awardees',2023);
INSERT INTO intake(GPA_Min,GPA_Max,TOEFL_Score_Min,TOEFL_Score_Max,IELTS_Score_Min,IELTS_Score_Max,Duolingo_English_Test_Score_Min,Duolingo_English_Test_Score_Max,Total_Students,Uni_Name,Type_,Year_) VALUES (3.19,3.95,100,100,7,8,NULL,NULL,15,'University of Auckland','Awardees',2022);
INSERT INTO intake(GPA_Min,GPA_Max,TOEFL_Score_Min,TOEFL_Score_Max,IELTS_Score_Min,IELTS_Score_Max,Duolingo_English_Test_Score_Min,Duolingo_English_Test_Score_Max,Total_Students,Uni_Name,Type_,Year_) VALUES (3.15,3.86,115,115,7.5,8,NULL,NULL,15,'University of Auckland','Awardees',2023);
INSERT INTO intake(GPA_Min,GPA_Max,TOEFL_Score_Min,TOEFL_Score_Max,IELTS_Score_Min,IELTS_Score_Max,Duolingo_English_Test_Score_Min,Duolingo_English_Test_Score_Max,Total_Students,Uni_Name,Type_,Year_) VALUES (3.56,3.96,NULL,NULL,7.5,8.5,NULL,NULL,10,'University of Melbourne','Awardees',2022);
INSERT INTO intake(GPA_Min,GPA_Max,TOEFL_Score_Min,TOEFL_Score_Max,IELTS_Score_Min,IELTS_Score_Max,Duolingo_English_Test_Score_Min,Duolingo_English_Test_Score_Max,Total_Students,Uni_Name,Type_,Year_) VALUES (3.49,4,NULL,NULL,8,8.5,NULL,NULL,15,'University of Melbourne','Awardees',2023);
INSERT INTO intake(GPA_Min,GPA_Max,TOEFL_Score_Min,TOEFL_Score_Max,IELTS_Score_Min,IELTS_Score_Max,Duolingo_English_Test_Score_Min,Duolingo_English_Test_Score_Max,Total_Students,Uni_Name,Type_,Year_) VALUES (3.34,3.89,114,114,7.5,8,NULL,NULL,10,'Monash University','Awardees',2022);
INSERT INTO intake(GPA_Min,GPA_Max,TOEFL_Score_Min,TOEFL_Score_Max,IELTS_Score_Min,IELTS_Score_Max,Duolingo_English_Test_Score_Min,Duolingo_English_Test_Score_Max,Total_Students,Uni_Name,Type_,Year_) VALUES (3.34,3.95,NULL,NULL,7.5,8,145,155,15,'Monash University','Awardees',2023);
INSERT INTO intake(GPA_Min,GPA_Max,TOEFL_Score_Min,TOEFL_Score_Max,IELTS_Score_Min,IELTS_Score_Max,Duolingo_English_Test_Score_Min,Duolingo_English_Test_Score_Max,Total_Students,Uni_Name,Type_,Year_) VALUES (3.13,3.94,NULL,NULL,7,8,NULL,NULL,15,'The University of Western Australia','Awardees',2023);
INSERT INTO intake(GPA_Min,GPA_Max,TOEFL_Score_Min,TOEFL_Score_Max,IELTS_Score_Min,IELTS_Score_Max,Duolingo_English_Test_Score_Min,Duolingo_English_Test_Score_Max,Total_Students,Uni_Name,Type_,Year_) VALUES (3.29,3.95,NULL,NULL,6,8,NULL,NULL,10,'University of Otago','Awardees',2023);
INSERT INTO intake(GPA_Min,GPA_Max,TOEFL_Score_Min,TOEFL_Score_Max,IELTS_Score_Min,IELTS_Score_Max,Duolingo_English_Test_Score_Min,Duolingo_English_Test_Score_Max,Total_Students,Uni_Name,Type_,Year_) VALUES (3.38,3.97,NULL,NULL,7.5,7.5,130,150,15,'Victoria University of Wellington','Awardees',2023);
INSERT INTO intake(GPA_Min,GPA_Max,TOEFL_Score_Min,TOEFL_Score_Max,IELTS_Score_Min,IELTS_Score_Max,Duolingo_English_Test_Score_Min,Duolingo_English_Test_Score_Max,Total_Students,Uni_Name,Type_,Year_) VALUES (3.13,3.97,NULL,NULL,7.5,8,NULL,NULL,15,'University of New South Wales','Awardees',2023);
INSERT INTO intake(GPA_Min,GPA_Max,TOEFL_Score_Min,TOEFL_Score_Max,IELTS_Score_Min,IELTS_Score_Max,Duolingo_English_Test_Score_Min,Duolingo_English_Test_Score_Max,Total_Students,Uni_Name,Type_,Year_) VALUES (3.36,3.86,NULL,NULL,7.5,7.5,NULL,NULL,10,'University of Canterbury','Awardees',2023);
INSERT INTO intake(GPA_Min,GPA_Max,TOEFL_Score_Min,TOEFL_Score_Max,IELTS_Score_Min,IELTS_Score_Max,Duolingo_English_Test_Score_Min,Duolingo_English_Test_Score_Max,Total_Students,Uni_Name,Type_,Year_) VALUES (3.28,3.98,NULL,NULL,NULL,NULL,140,150,8,'Vrije Universiteit Amsterdam','Awardees',2022);
INSERT INTO intake(GPA_Min,GPA_Max,TOEFL_Score_Min,TOEFL_Score_Max,IELTS_Score_Min,IELTS_Score_Max,Duolingo_English_Test_Score_Min,Duolingo_English_Test_Score_Max,Total_Students,Uni_Name,Type_,Year_) VALUES (3.36,3.81,NULL,NULL,7.5,8,NULL,NULL,4,'Vrije Universiteit Amsterdam','Awardees',2023);
INSERT INTO intake(GPA_Min,GPA_Max,TOEFL_Score_Min,TOEFL_Score_Max,IELTS_Score_Min,IELTS_Score_Max,Duolingo_English_Test_Score_Min,Duolingo_English_Test_Score_Max,Total_Students,Uni_Name,Type_,Year_) VALUES (3.67,3.97,NULL,NULL,8,8.5,NULL,NULL,4,'Leiden University','Awardees',2022);
INSERT INTO intake(GPA_Min,GPA_Max,TOEFL_Score_Min,TOEFL_Score_Max,IELTS_Score_Min,IELTS_Score_Max,Duolingo_English_Test_Score_Min,Duolingo_English_Test_Score_Max,Total_Students,Uni_Name,Type_,Year_) VALUES (3.59,3.84,NULL,NULL,8,8.5,NULL,NULL,4,'Leiden University','Awardees',2023);
INSERT INTO intake(GPA_Min,GPA_Max,TOEFL_Score_Min,TOEFL_Score_Max,IELTS_Score_Min,IELTS_Score_Max,Duolingo_English_Test_Score_Min,Duolingo_English_Test_Score_Max,Total_Students,Uni_Name,Type_,Year_) VALUES (3.4,3.94,NULL,NULL,7,7.5,NULL,NULL,10,'University of Twente','Awardees',2022);
INSERT INTO intake(GPA_Min,GPA_Max,TOEFL_Score_Min,TOEFL_Score_Max,IELTS_Score_Min,IELTS_Score_Max,Duolingo_English_Test_Score_Min,Duolingo_English_Test_Score_Max,Total_Students,Uni_Name,Type_,Year_) VALUES (3.41,3.92,NULL,NULL,7.5,8,NULL,NULL,10,'University of Twente','Awardees',2023);
INSERT INTO intake(GPA_Min,GPA_Max,TOEFL_Score_Min,TOEFL_Score_Max,IELTS_Score_Min,IELTS_Score_Max,Duolingo_English_Test_Score_Min,Duolingo_English_Test_Score_Max,Total_Students,Uni_Name,Type_,Year_) VALUES (3.25,3.95,NULL,NULL,8,8,140,150,20,'Maastricht University','Awardees',2022);
INSERT INTO intake(GPA_Min,GPA_Max,TOEFL_Score_Min,TOEFL_Score_Max,IELTS_Score_Min,IELTS_Score_Max,Duolingo_English_Test_Score_Min,Duolingo_English_Test_Score_Max,Total_Students,Uni_Name,Type_,Year_) VALUES (3.2,4,NULL,NULL,NULL,NULL,125,155,18,'Maastricht University','Awardees',2023);
INSERT INTO intake(GPA_Min,GPA_Max,TOEFL_Score_Min,TOEFL_Score_Max,IELTS_Score_Min,IELTS_Score_Max,Duolingo_English_Test_Score_Min,Duolingo_English_Test_Score_Max,Total_Students,Uni_Name,Type_,Year_) VALUES (3.36,3.98,103,103,7.5,8.5,NULL,NULL,10,'KU Leuven','Awardees',2022);
INSERT INTO intake(GPA_Min,GPA_Max,TOEFL_Score_Min,TOEFL_Score_Max,IELTS_Score_Min,IELTS_Score_Max,Duolingo_English_Test_Score_Min,Duolingo_English_Test_Score_Max,Total_Students,Uni_Name,Type_,Year_) VALUES (3.35,3.88,NULL,NULL,7.5,8,NULL,NULL,10,'KU Leuven','Awardees',2023);
INSERT INTO intake(GPA_Min,GPA_Max,TOEFL_Score_Min,TOEFL_Score_Max,IELTS_Score_Min,IELTS_Score_Max,Duolingo_English_Test_Score_Min,Duolingo_English_Test_Score_Max,Total_Students,Uni_Name,Type_,Year_) VALUES (3.61,3.98,NULL,NULL,NULL,NULL,135,145,6,'University of Tartu','Awardees',2022);
INSERT INTO intake(GPA_Min,GPA_Max,TOEFL_Score_Min,TOEFL_Score_Max,IELTS_Score_Min,IELTS_Score_Max,Duolingo_English_Test_Score_Min,Duolingo_English_Test_Score_Max,Total_Students,Uni_Name,Type_,Year_) VALUES (3.08,4,NULL,NULL,7.5,7.5,125,150,46,'University of Szeged','Awardees',2022);
INSERT INTO intake(GPA_Min,GPA_Max,TOEFL_Score_Min,TOEFL_Score_Max,IELTS_Score_Min,IELTS_Score_Max,Duolingo_English_Test_Score_Min,Duolingo_English_Test_Score_Max,Total_Students,Uni_Name,Type_,Year_) VALUES (3.29,3.92,NULL,NULL,7.5,7.5,130,150,39,'University of Szeged','Awardees',2023);
INSERT INTO intake(GPA_Min,GPA_Max,TOEFL_Score_Min,TOEFL_Score_Max,IELTS_Score_Min,IELTS_Score_Max,Duolingo_English_Test_Score_Min,Duolingo_English_Test_Score_Max,Total_Students,Uni_Name,Type_,Year_) VALUES (3.32,3.98,NULL,NULL,7.5,7.5,130,145,20,'University of Pisa','Awardees',2022);
INSERT INTO intake(GPA_Min,GPA_Max,TOEFL_Score_Min,TOEFL_Score_Max,IELTS_Score_Min,IELTS_Score_Max,Duolingo_English_Test_Score_Min,Duolingo_English_Test_Score_Max,Total_Students,Uni_Name,Type_,Year_) VALUES (3.03,3.9,NULL,NULL,7,7.5,140,150,20,'University of Pisa','Awardees',2023);
INSERT INTO intake(GPA_Min,GPA_Max,TOEFL_Score_Min,TOEFL_Score_Max,IELTS_Score_Min,IELTS_Score_Max,Duolingo_English_Test_Score_Min,Duolingo_English_Test_Score_Max,Total_Students,Uni_Name,Type_,Year_) VALUES (3.72,4,NULL,NULL,8,8.5,120,145,25,'Humboldt-Universität zu Berlin','Awardees',2022);
INSERT INTO intake(GPA_Min,GPA_Max,TOEFL_Score_Min,TOEFL_Score_Max,IELTS_Score_Min,IELTS_Score_Max,Duolingo_English_Test_Score_Min,Duolingo_English_Test_Score_Max,Total_Students,Uni_Name,Type_,Year_) VALUES (3.08,4,NULL,NULL,8,8,140,150,20,'Humboldt-Universität zu Berlin','Awardees',2023);
INSERT INTO intake(GPA_Min,GPA_Max,TOEFL_Score_Min,TOEFL_Score_Max,IELTS_Score_Min,IELTS_Score_Max,Duolingo_English_Test_Score_Min,Duolingo_English_Test_Score_Max,Total_Students,Uni_Name,Type_,Year_) VALUES (3.23,3.93,NULL,NULL,7.5,7.5,130,140,10,'University of Zagreb','Awardees',2022);
INSERT INTO intake(GPA_Min,GPA_Max,TOEFL_Score_Min,TOEFL_Score_Max,IELTS_Score_Min,IELTS_Score_Max,Duolingo_English_Test_Score_Min,Duolingo_English_Test_Score_Max,Total_Students,Uni_Name,Type_,Year_) VALUES (3.06,3.99,NULL,NULL,NULL,NULL,130,140,15,'University of Zagreb','Awardees',2023);
INSERT INTO intake(GPA_Min,GPA_Max,TOEFL_Score_Min,TOEFL_Score_Max,IELTS_Score_Min,IELTS_Score_Max,Duolingo_English_Test_Score_Min,Duolingo_English_Test_Score_Max,Total_Students,Uni_Name,Type_,Year_) VALUES (3.48,3.99,NULL,NULL,7.5,8,125,150,25,'University of Warsaw','Awardees',2022);
INSERT INTO intake(GPA_Min,GPA_Max,TOEFL_Score_Min,TOEFL_Score_Max,IELTS_Score_Min,IELTS_Score_Max,Duolingo_English_Test_Score_Min,Duolingo_English_Test_Score_Max,Total_Students,Uni_Name,Type_,Year_) VALUES (3.39,4,NULL,NULL,7.5,7.5,135,145,20,'University of Warsaw','Awardees',2023);
INSERT INTO intake(GPA_Min,GPA_Max,TOEFL_Score_Min,TOEFL_Score_Max,IELTS_Score_Min,IELTS_Score_Max,Duolingo_English_Test_Score_Min,Duolingo_English_Test_Score_Max,Total_Students,Uni_Name,Type_,Year_) VALUES (3.15,3.92,NULL,NULL,8,8,130,150,15,'Grenoble Ecole de Management','Awardees',2023);
INSERT INTO intake(GPA_Min,GPA_Max,TOEFL_Score_Min,TOEFL_Score_Max,IELTS_Score_Min,IELTS_Score_Max,Duolingo_English_Test_Score_Min,Duolingo_English_Test_Score_Max,Total_Students,Uni_Name,Type_,Year_) VALUES (3.17,3.92,NULL,NULL,7.0,7.0,130,145,9,'M.V.Lomonosov Moscow State University','Awardees',2023);
INSERT INTO intake(GPA_Min,GPA_Max,TOEFL_Score_Min,TOEFL_Score_Max,IELTS_Score_Min,IELTS_Score_Max,Duolingo_English_Test_Score_Min,Duolingo_English_Test_Score_Max,Total_Students,Uni_Name,Type_,Year_) VALUES (3.11,4,94,94,7,8,NULL,NULL,15,'Radboud University','Awardees',2022);
INSERT INTO intake(GPA_Min,GPA_Max,TOEFL_Score_Min,TOEFL_Score_Max,IELTS_Score_Min,IELTS_Score_Max,Duolingo_English_Test_Score_Min,Duolingo_English_Test_Score_Max,Total_Students,Uni_Name,Type_,Year_) VALUES (3.17,4,102,102,7,8,NULL,NULL,15,'Radboud University','Awardees',2023);
INSERT INTO intake(GPA_Min,GPA_Max,TOEFL_Score_Min,TOEFL_Score_Max,IELTS_Score_Min,IELTS_Score_Max,Duolingo_English_Test_Score_Min,Duolingo_English_Test_Score_Max,Total_Students,Uni_Name,Type_,Year_) VALUES (3.35,3.98,NULL,NULL,NULL,NULL,105,130,8,'Vytautas Magnus University','Awardees',2022);
INSERT INTO intake(GPA_Min,GPA_Max,TOEFL_Score_Min,TOEFL_Score_Max,IELTS_Score_Min,IELTS_Score_Max,Duolingo_English_Test_Score_Min,Duolingo_English_Test_Score_Max,Total_Students,Uni_Name,Type_,Year_) VALUES (3.24,3.86,NULL,NULL,6,8,105,135,14,'Vytautas Magnus University','Awardees',2023);
INSERT INTO intake(GPA_Min,GPA_Max,TOEFL_Score_Min,TOEFL_Score_Max,IELTS_Score_Min,IELTS_Score_Max,Duolingo_English_Test_Score_Min,Duolingo_English_Test_Score_Max,Total_Students,Uni_Name,Type_,Year_) VALUES (3.81,3.98,NULL,NULL,7.5,8,140,150,5,'Sciences Po','Awardees',2023);
INSERT INTO intake(GPA_Min,GPA_Max,TOEFL_Score_Min,TOEFL_Score_Max,IELTS_Score_Min,IELTS_Score_Max,Duolingo_English_Test_Score_Min,Duolingo_English_Test_Score_Max,Total_Students,Uni_Name,Type_,Year_) VALUES (3.38,3.97,NULL,NULL,8,8,105,145,32,'Universitat Pompeu Fabra','Awardees',2022);
INSERT INTO intake(GPA_Min,GPA_Max,TOEFL_Score_Min,TOEFL_Score_Max,IELTS_Score_Min,IELTS_Score_Max,Duolingo_English_Test_Score_Min,Duolingo_English_Test_Score_Max,Total_Students,Uni_Name,Type_,Year_) VALUES (3.42,3.96,108,108,7.5,7.5,125,155,25,'Universitat Pompeu Fabra','Awardees',2023);
INSERT INTO intake(GPA_Min,GPA_Max,TOEFL_Score_Min,TOEFL_Score_Max,IELTS_Score_Min,IELTS_Score_Max,Duolingo_English_Test_Score_Min,Duolingo_English_Test_Score_Max,Total_Students,Uni_Name,Type_,Year_) VALUES (3.4,3.96,111,111,7.5,8,130,155,45,'Sapienza University of Rome','Awardees',2022);
INSERT INTO intake(GPA_Min,GPA_Max,TOEFL_Score_Min,TOEFL_Score_Max,IELTS_Score_Min,IELTS_Score_Max,Duolingo_English_Test_Score_Min,Duolingo_English_Test_Score_Max,Total_Students,Uni_Name,Type_,Year_) VALUES (3.45,3.97,NULL,NULL,8,8.5,120,160,41,'Sapienza University of Rome','Awardees',2023);
INSERT INTO intake(GPA_Min,GPA_Max,TOEFL_Score_Min,TOEFL_Score_Max,IELTS_Score_Min,IELTS_Score_Max,Duolingo_English_Test_Score_Min,Duolingo_English_Test_Score_Max,Total_Students,Uni_Name,Type_,Year_) VALUES (3.32,4,NULL,NULL,8,8,105,150,35,'University of Padua','Awardees',2022);
INSERT INTO intake(GPA_Min,GPA_Max,TOEFL_Score_Min,TOEFL_Score_Max,IELTS_Score_Min,IELTS_Score_Max,Duolingo_English_Test_Score_Min,Duolingo_English_Test_Score_Max,Total_Students,Uni_Name,Type_,Year_) VALUES (3.35,3.99,NULL,NULL,NULL,NULL,100,155,34,'University of Padua','Awardees',2023);
INSERT INTO intake(GPA_Min,GPA_Max,TOEFL_Score_Min,TOEFL_Score_Max,IELTS_Score_Min,IELTS_Score_Max,Duolingo_English_Test_Score_Min,Duolingo_English_Test_Score_Max,Total_Students,Uni_Name,Type_,Year_) VALUES (3.3,3.85,94,94,6.5,7.5,NULL,NULL,10,'Universidad Autónoma de Madrid','Awardees',2022);
INSERT INTO intake(GPA_Min,GPA_Max,TOEFL_Score_Min,TOEFL_Score_Max,IELTS_Score_Min,IELTS_Score_Max,Duolingo_English_Test_Score_Min,Duolingo_English_Test_Score_Max,Total_Students,Uni_Name,Type_,Year_) VALUES (3.6,3.87,NULL,NULL,7.5,8,NULL,NULL,10,'Universidad Autónoma de Madrid','Awardees',2023);
INSERT INTO intake(GPA_Min,GPA_Max,TOEFL_Score_Min,TOEFL_Score_Max,IELTS_Score_Min,IELTS_Score_Max,Duolingo_English_Test_Score_Min,Duolingo_English_Test_Score_Max,Total_Students,Uni_Name,Type_,Year_) VALUES (3.02,3.99,NULL,NULL,NULL,NULL,110,135,20,'Palacký University Olomouc','Awardees',2022);
INSERT INTO intake(GPA_Min,GPA_Max,TOEFL_Score_Min,TOEFL_Score_Max,IELTS_Score_Min,IELTS_Score_Max,Duolingo_English_Test_Score_Min,Duolingo_English_Test_Score_Max,Total_Students,Uni_Name,Type_,Year_) VALUES (3.21,4,NULL,NULL,6,7,125,150,22,'Palacký University Olomouc','Awardees',2023);
INSERT INTO intake(GPA_Min,GPA_Max,TOEFL_Score_Min,TOEFL_Score_Max,IELTS_Score_Min,IELTS_Score_Max,Duolingo_English_Test_Score_Min,Duolingo_English_Test_Score_Max,Total_Students,Uni_Name,Type_,Year_) VALUES (3.65,3.92,NULL,NULL,7.5,8.5,140,140,10,'Lancaster University','Awardees',2022);
INSERT INTO intake(GPA_Min,GPA_Max,TOEFL_Score_Min,TOEFL_Score_Max,IELTS_Score_Min,IELTS_Score_Max,Duolingo_English_Test_Score_Min,Duolingo_English_Test_Score_Max,Total_Students,Uni_Name,Type_,Year_) VALUES (3.5,3.97,NULL,NULL,7.5,8,NULL,NULL,10,'Lancaster University','Awardees',2023);
INSERT INTO intake(GPA_Min,GPA_Max,TOEFL_Score_Min,TOEFL_Score_Max,IELTS_Score_Min,IELTS_Score_Max,Duolingo_English_Test_Score_Min,Duolingo_English_Test_Score_Max,Total_Students,Uni_Name,Type_,Year_) VALUES (3.26,4,95,95,7.5,8,NULL,NULL,15,'Lancaster University','Cofunding Awardees',2023);
INSERT INTO intake(GPA_Min,GPA_Max,TOEFL_Score_Min,TOEFL_Score_Max,IELTS_Score_Min,IELTS_Score_Max,Duolingo_English_Test_Score_Min,Duolingo_English_Test_Score_Max,Total_Students,Uni_Name,Type_,Year_) VALUES (3.53,3.96,NULL,NULL,8,8,140,150,10,'University of Leicester','Awardees',2022);
INSERT INTO intake(GPA_Min,GPA_Max,TOEFL_Score_Min,TOEFL_Score_Max,IELTS_Score_Min,IELTS_Score_Max,Duolingo_English_Test_Score_Min,Duolingo_English_Test_Score_Max,Total_Students,Uni_Name,Type_,Year_) VALUES (3.48,3.92,NULL,NULL,7.5,8,140,145,10,'University of Leicester','Awardees',2023);
INSERT INTO intake(GPA_Min,GPA_Max,TOEFL_Score_Min,TOEFL_Score_Max,IELTS_Score_Min,IELTS_Score_Max,Duolingo_English_Test_Score_Min,Duolingo_English_Test_Score_Max,Total_Students,Uni_Name,Type_,Year_) VALUES (3.2,3.98,NULL,NULL,7.5,7.5,135,140,15,'University of Galway','Awardees',2022);
INSERT INTO intake(GPA_Min,GPA_Max,TOEFL_Score_Min,TOEFL_Score_Max,IELTS_Score_Min,IELTS_Score_Max,Duolingo_English_Test_Score_Min,Duolingo_English_Test_Score_Max,Total_Students,Uni_Name,Type_,Year_) VALUES (3.11,3.93,NULL,NULL,7.5,7.5,130,150,15,'University of Galway','Awardees',2023);
INSERT INTO intake(GPA_Min,GPA_Max,TOEFL_Score_Min,TOEFL_Score_Max,IELTS_Score_Min,IELTS_Score_Max,Duolingo_English_Test_Score_Min,Duolingo_English_Test_Score_Max,Total_Students,Uni_Name,Type_,Year_) VALUES (3.23,3.96,NULL,NULL,8,8.5,135,155,15,'University of Birmingham','Awardees',2022);
INSERT INTO intake(GPA_Min,GPA_Max,TOEFL_Score_Min,TOEFL_Score_Max,IELTS_Score_Min,IELTS_Score_Max,Duolingo_English_Test_Score_Min,Duolingo_English_Test_Score_Max,Total_Students,Uni_Name,Type_,Year_) VALUES (3.37,3.95,NULL,NULL,7,8.5,NULL,NULL,8,'University of Birmingham','Awardees',2023);
INSERT INTO intake(GPA_Min,GPA_Max,TOEFL_Score_Min,TOEFL_Score_Max,IELTS_Score_Min,IELTS_Score_Max,Duolingo_English_Test_Score_Min,Duolingo_English_Test_Score_Max,Total_Students,Uni_Name,Type_,Year_) VALUES (3.5,3.94,NULL,NULL,8.5,8.5,145,150,10,'Newcastle University','Awardees',2022);
INSERT INTO intake(GPA_Min,GPA_Max,TOEFL_Score_Min,TOEFL_Score_Max,IELTS_Score_Min,IELTS_Score_Max,Duolingo_English_Test_Score_Min,Duolingo_English_Test_Score_Max,Total_Students,Uni_Name,Type_,Year_) VALUES (3.25,3.93,NULL,NULL,8,8,120,160,10,'Newcastle University','Awardees',2023);
INSERT INTO intake(GPA_Min,GPA_Max,TOEFL_Score_Min,TOEFL_Score_Max,IELTS_Score_Min,IELTS_Score_Max,Duolingo_English_Test_Score_Min,Duolingo_English_Test_Score_Max,Total_Students,Uni_Name,Type_,Year_) VALUES (3.41,3.97,115,115,7.5,8.5,NULL,NULL,20,'University of Edinburgh','Awardees',2022);
INSERT INTO intake(GPA_Min,GPA_Max,TOEFL_Score_Min,TOEFL_Score_Max,IELTS_Score_Min,IELTS_Score_Max,Duolingo_English_Test_Score_Min,Duolingo_English_Test_Score_Max,Total_Students,Uni_Name,Type_,Year_) VALUES (3.46,4,112,112,8,8.5,NULL,NULL,15,'University of Edinburgh','Awardees',2023);
INSERT INTO intake(GPA_Min,GPA_Max,TOEFL_Score_Min,TOEFL_Score_Max,IELTS_Score_Min,IELTS_Score_Max,Duolingo_English_Test_Score_Min,Duolingo_English_Test_Score_Max,Total_Students,Uni_Name,Type_,Year_) VALUES (3.39,3.88,NULL,NULL,8,8,135,150,10,'University College Dublin','Awardees',2022);
INSERT INTO intake(GPA_Min,GPA_Max,TOEFL_Score_Min,TOEFL_Score_Max,IELTS_Score_Min,IELTS_Score_Max,Duolingo_English_Test_Score_Min,Duolingo_English_Test_Score_Max,Total_Students,Uni_Name,Type_,Year_) VALUES (3.55,3.95,NULL,NULL,NULL,NULL,130,150,10,'University College Dublin','Awardees',2023);
INSERT INTO intake(GPA_Min,GPA_Max,TOEFL_Score_Min,TOEFL_Score_Max,IELTS_Score_Min,IELTS_Score_Max,Duolingo_English_Test_Score_Min,Duolingo_English_Test_Score_Max,Total_Students,Uni_Name,Type_,Year_) VALUES (3.33,4,83,83,6.5,8,NULL,NULL,14,'University College Cork - National University of Ireland','Awardees',2022);
INSERT INTO intake(GPA_Min,GPA_Max,TOEFL_Score_Min,TOEFL_Score_Max,IELTS_Score_Min,IELTS_Score_Max,Duolingo_English_Test_Score_Min,Duolingo_English_Test_Score_Max,Total_Students,Uni_Name,Type_,Year_) VALUES (3.25,3.98,NULL,NULL,7.5,8,140,160,15,'University College Cork - National University of Ireland','Awardees',2023);
INSERT INTO intake(GPA_Min,GPA_Max,TOEFL_Score_Min,TOEFL_Score_Max,IELTS_Score_Min,IELTS_Score_Max,Duolingo_English_Test_Score_Min,Duolingo_English_Test_Score_Max,Total_Students,Uni_Name,Type_,Year_) VALUES (3.54,4,112,112,7.5,8,NULL,NULL,20,'University of Glasgow','Awardees',2022);
INSERT INTO intake(GPA_Min,GPA_Max,TOEFL_Score_Min,TOEFL_Score_Max,IELTS_Score_Min,IELTS_Score_Max,Duolingo_English_Test_Score_Min,Duolingo_English_Test_Score_Max,Total_Students,Uni_Name,Type_,Year_) VALUES (3.39,3.97,108,108,7.5,8,NULL,NULL,19,'University of Glasgow','Awardees',2023);
INSERT INTO intake(GPA_Min,GPA_Max,TOEFL_Score_Min,TOEFL_Score_Max,IELTS_Score_Min,IELTS_Score_Max,Duolingo_English_Test_Score_Min,Duolingo_English_Test_Score_Max,Total_Students,Uni_Name,Type_,Year_) VALUES (3.44,3.92,NULL,NULL,8,8,135,145,25,'University of Liverpool','Awardees',2022);
INSERT INTO intake(GPA_Min,GPA_Max,TOEFL_Score_Min,TOEFL_Score_Max,IELTS_Score_Min,IELTS_Score_Max,Duolingo_English_Test_Score_Min,Duolingo_English_Test_Score_Max,Total_Students,Uni_Name,Type_,Year_) VALUES (3.23,3.92,101,112,7,7.5,NULL,NULL,9,'University of Liverpool','Awardees',2023);
INSERT INTO intake(GPA_Min,GPA_Max,TOEFL_Score_Min,TOEFL_Score_Max,IELTS_Score_Min,IELTS_Score_Max,Duolingo_English_Test_Score_Min,Duolingo_English_Test_Score_Max,Total_Students,Uni_Name,Type_,Year_) VALUES (3.4,4,NULL,NULL,8.5,8.5,140,155,20,'University of Leeds','Awardees',2022);
INSERT INTO intake(GPA_Min,GPA_Max,TOEFL_Score_Min,TOEFL_Score_Max,IELTS_Score_Min,IELTS_Score_Max,Duolingo_English_Test_Score_Min,Duolingo_English_Test_Score_Max,Total_Students,Uni_Name,Type_,Year_) VALUES (3.26,3.91,NULL,NULL,8,8,130,160,19,'University of Leeds','Awardees',2023);
INSERT INTO intake(GPA_Min,GPA_Max,TOEFL_Score_Min,TOEFL_Score_Max,IELTS_Score_Min,IELTS_Score_Max,Duolingo_English_Test_Score_Min,Duolingo_English_Test_Score_Max,Total_Students,Uni_Name,Type_,Year_) VALUES (3.28,3.95,NULL,NULL,8.5,8.5,140,160,15,'University of Sussex','Awardees',2022);
INSERT INTO intake(GPA_Min,GPA_Max,TOEFL_Score_Min,TOEFL_Score_Max,IELTS_Score_Min,IELTS_Score_Max,Duolingo_English_Test_Score_Min,Duolingo_English_Test_Score_Max,Total_Students,Uni_Name,Type_,Year_) VALUES (3.47,3.96,NULL,NULL,NULL,NULL,140,155,15,'University of Sussex','Awardees',2023);
INSERT INTO intake(GPA_Min,GPA_Max,TOEFL_Score_Min,TOEFL_Score_Max,IELTS_Score_Min,IELTS_Score_Max,Duolingo_English_Test_Score_Min,Duolingo_English_Test_Score_Max,Total_Students,Uni_Name,Type_,Year_) VALUES (3.47,3.92,NULL,NULL,8.5,8.5,140,150,10,'University of Warwick','Awardees',2022);
INSERT INTO intake(GPA_Min,GPA_Max,TOEFL_Score_Min,TOEFL_Score_Max,IELTS_Score_Min,IELTS_Score_Max,Duolingo_English_Test_Score_Min,Duolingo_English_Test_Score_Max,Total_Students,Uni_Name,Type_,Year_) VALUES (3.59,3.95,102,102,7.5,8,NULL,NULL,10,'University of Warwick','Awardees',2023);
INSERT INTO intake(GPA_Min,GPA_Max,TOEFL_Score_Min,TOEFL_Score_Max,IELTS_Score_Min,IELTS_Score_Max,Duolingo_English_Test_Score_Min,Duolingo_English_Test_Score_Max,Total_Students,Uni_Name,Type_,Year_) VALUES (3.4,3.91,NULL,NULL,NULL,NULL,140,155,15,'University of York','Awardees',2022);
INSERT INTO intake(GPA_Min,GPA_Max,TOEFL_Score_Min,TOEFL_Score_Max,IELTS_Score_Min,IELTS_Score_Max,Duolingo_English_Test_Score_Min,Duolingo_English_Test_Score_Max,Total_Students,Uni_Name,Type_,Year_) VALUES (3.58,3.93,NULL,NULL,6.5,6.5,110,150,14,'University of York','Awardees',2023);
INSERT INTO intake(GPA_Min,GPA_Max,TOEFL_Score_Min,TOEFL_Score_Max,IELTS_Score_Min,IELTS_Score_Max,Duolingo_English_Test_Score_Min,Duolingo_English_Test_Score_Max,Total_Students,Uni_Name,Type_,Year_) VALUES (3.28,3.97,NULL,NULL,8,8.5,NULL,NULL,10,'University College London','Awardees',2022);
INSERT INTO intake(GPA_Min,GPA_Max,TOEFL_Score_Min,TOEFL_Score_Max,IELTS_Score_Min,IELTS_Score_Max,Duolingo_English_Test_Score_Min,Duolingo_English_Test_Score_Max,Total_Students,Uni_Name,Type_,Year_) VALUES (3.46,3.95,NULL,NULL,8,8.5,NULL,NULL,10,'University College London','Awardees',2023);
INSERT INTO intake(GPA_Min,GPA_Max,TOEFL_Score_Min,TOEFL_Score_Max,IELTS_Score_Min,IELTS_Score_Max,Duolingo_English_Test_Score_Min,Duolingo_English_Test_Score_Max,Total_Students,Uni_Name,Type_,Year_) VALUES (3.67,3.82,NULL,NULL,8,8,NULL,NULL,4,'Queen Mary University of London','Awardees',2022);
INSERT INTO intake(GPA_Min,GPA_Max,TOEFL_Score_Min,TOEFL_Score_Max,IELTS_Score_Min,IELTS_Score_Max,Duolingo_English_Test_Score_Min,Duolingo_English_Test_Score_Max,Total_Students,Uni_Name,Type_,Year_) VALUES (3.25,3.86,NULL,NULL,7,8,NULL,NULL,8,'Queen Mary University of London','Awardees',2023);
INSERT INTO intake(GPA_Min,GPA_Max,TOEFL_Score_Min,TOEFL_Score_Max,IELTS_Score_Min,IELTS_Score_Max,Duolingo_English_Test_Score_Min,Duolingo_English_Test_Score_Max,Total_Students,Uni_Name,Type_,Year_) VALUES (3.12,4,88,106,6.5,8.5,0,155,395,'Boston University','Applicants',2022);
INSERT INTO intake(GPA_Min,GPA_Max,TOEFL_Score_Min,TOEFL_Score_Max,IELTS_Score_Min,IELTS_Score_Max,Duolingo_English_Test_Score_Min,Duolingo_English_Test_Score_Max,Total_Students,Uni_Name,Type_,Year_) VALUES (2.89,3.99,67,67,5.5,8.5,80,155,231,'Boston University','Applicants',2023);
INSERT INTO intake(GPA_Min,GPA_Max,TOEFL_Score_Min,TOEFL_Score_Max,IELTS_Score_Min,IELTS_Score_Max,Duolingo_English_Test_Score_Min,Duolingo_English_Test_Score_Max,Total_Students,Uni_Name,Type_,Year_) VALUES (3.31,3.81,NULL,NULL,6.5,6.5,100,140,9,'Boston University','Cofunding Applicants',2023);
INSERT INTO intake(GPA_Min,GPA_Max,TOEFL_Score_Min,TOEFL_Score_Max,IELTS_Score_Min,IELTS_Score_Max,Duolingo_English_Test_Score_Min,Duolingo_English_Test_Score_Max,Total_Students,Uni_Name,Type_,Year_) VALUES (3.01,3.99,64,97,6.5,8.5,100,150,190,'Arizona State University','Applicants',2022);
INSERT INTO intake(GPA_Min,GPA_Max,TOEFL_Score_Min,TOEFL_Score_Max,IELTS_Score_Min,IELTS_Score_Max,Duolingo_English_Test_Score_Min,Duolingo_English_Test_Score_Max,Total_Students,Uni_Name,Type_,Year_) VALUES (3.16,3.99,NULL,NULL,6.5,8,90,150,68,'Arizona State University','Applicants',2023);
INSERT INTO intake(GPA_Min,GPA_Max,TOEFL_Score_Min,TOEFL_Score_Max,IELTS_Score_Min,IELTS_Score_Max,Duolingo_English_Test_Score_Min,Duolingo_English_Test_Score_Max,Total_Students,Uni_Name,Type_,Year_) VALUES (3.03,4,107,114,6.5,8.5,105,160,309,'The University of Pennsylvania','Applicants',2022);
INSERT INTO intake(GPA_Min,GPA_Max,TOEFL_Score_Min,TOEFL_Score_Max,IELTS_Score_Min,IELTS_Score_Max,Duolingo_English_Test_Score_Min,Duolingo_English_Test_Score_Max,Total_Students,Uni_Name,Type_,Year_) VALUES (3.11,4,99,99,7,8.5,65,160,155,'The University of Pennsylvania','Applicants',2023);
INSERT INTO intake(GPA_Min,GPA_Max,TOEFL_Score_Min,TOEFL_Score_Max,IELTS_Score_Min,IELTS_Score_Max,Duolingo_English_Test_Score_Min,Duolingo_English_Test_Score_Max,Total_Students,Uni_Name,Type_,Year_) VALUES (3.07,4,104,108,7,8.5,95,150,83,'Yale University','Applicants',2023);
INSERT INTO intake(GPA_Min,GPA_Max,TOEFL_Score_Min,TOEFL_Score_Max,IELTS_Score_Min,IELTS_Score_Max,Duolingo_English_Test_Score_Min,Duolingo_English_Test_Score_Max,Total_Students,Uni_Name,Type_,Year_) VALUES (3.09,3.96,90,102,6.5,7.5,90,145,80,'Penn State University','Applicants',2022);
INSERT INTO intake(GPA_Min,GPA_Max,TOEFL_Score_Min,TOEFL_Score_Max,IELTS_Score_Min,IELTS_Score_Max,Duolingo_English_Test_Score_Min,Duolingo_English_Test_Score_Max,Total_Students,Uni_Name,Type_,Year_) VALUES (3.09,3.99,NULL,NULL,6.5,8.5,100,160,107,'Penn State University','Applicants',2023);
INSERT INTO intake(GPA_Min,GPA_Max,TOEFL_Score_Min,TOEFL_Score_Max,IELTS_Score_Min,IELTS_Score_Max,Duolingo_English_Test_Score_Min,Duolingo_English_Test_Score_Max,Total_Students,Uni_Name,Type_,Year_) VALUES (3,4,84,95,6.5,8.5,95,155,509,'University of California, Davis','Applicants',2022);
INSERT INTO intake(GPA_Min,GPA_Max,TOEFL_Score_Min,TOEFL_Score_Max,IELTS_Score_Min,IELTS_Score_Max,Duolingo_English_Test_Score_Min,Duolingo_English_Test_Score_Max,Total_Students,Uni_Name,Type_,Year_) VALUES (3,4,112,112,6.5,8,55,155,285,'University of California, Davis','Applicants',2023);
INSERT INTO intake(GPA_Min,GPA_Max,TOEFL_Score_Min,TOEFL_Score_Max,IELTS_Score_Min,IELTS_Score_Max,Duolingo_English_Test_Score_Min,Duolingo_English_Test_Score_Max,Total_Students,Uni_Name,Type_,Year_) VALUES (3.47,4,56,94,6,7.5,125,160,12,'UC Chile','Applicants',2022);
INSERT INTO intake(GPA_Min,GPA_Max,TOEFL_Score_Min,TOEFL_Score_Max,IELTS_Score_Min,IELTS_Score_Max,Duolingo_English_Test_Score_Min,Duolingo_English_Test_Score_Max,Total_Students,Uni_Name,Type_,Year_) VALUES (3.04,4,92,120,6,7.5,40,150,165,'UC Chile','Applicants',2023);
INSERT INTO intake(GPA_Min,GPA_Max,TOEFL_Score_Min,TOEFL_Score_Max,IELTS_Score_Min,IELTS_Score_Max,Duolingo_English_Test_Score_Min,Duolingo_English_Test_Score_Max,Total_Students,Uni_Name,Type_,Year_) VALUES (3.06,4,88,110,6.5,8.5,90,155,343,'Michigan State University','Applicants',2022);
INSERT INTO intake(GPA_Min,GPA_Max,TOEFL_Score_Min,TOEFL_Score_Max,IELTS_Score_Min,IELTS_Score_Max,Duolingo_English_Test_Score_Min,Duolingo_English_Test_Score_Max,Total_Students,Uni_Name,Type_,Year_) VALUES (3.05,4,108,120,6,8,80,160,263,'Michigan State University','Applicants',2023);
INSERT INTO intake(GPA_Min,GPA_Max,TOEFL_Score_Min,TOEFL_Score_Max,IELTS_Score_Min,IELTS_Score_Max,Duolingo_English_Test_Score_Min,Duolingo_English_Test_Score_Max,Total_Students,Uni_Name,Type_,Year_) VALUES (3.15,3.91,45.3,45.3,6.5,7.5,110,145,41,'Michigan State University','Cofunding Applicants',2023);
INSERT INTO intake(GPA_Min,GPA_Max,TOEFL_Score_Min,TOEFL_Score_Max,IELTS_Score_Min,IELTS_Score_Max,Duolingo_English_Test_Score_Min,Duolingo_English_Test_Score_Max,Total_Students,Uni_Name,Type_,Year_) VALUES (3.01,4,89,89,6.5,7.5,95,155,134,'University of Colorado Boulder','Applicants',2023);
INSERT INTO intake(GPA_Min,GPA_Max,TOEFL_Score_Min,TOEFL_Score_Max,IELTS_Score_Min,IELTS_Score_Max,Duolingo_English_Test_Score_Min,Duolingo_English_Test_Score_Max,Total_Students,Uni_Name,Type_,Year_) VALUES (3.07,3.98,94,101,6,8,90,150,82,'University of British Columbia','Applicants',2022);
INSERT INTO intake(GPA_Min,GPA_Max,TOEFL_Score_Min,TOEFL_Score_Max,IELTS_Score_Min,IELTS_Score_Max,Duolingo_English_Test_Score_Min,Duolingo_English_Test_Score_Max,Total_Students,Uni_Name,Type_,Year_) VALUES (3.02,3.96,90,99,5,8,65,155,99,'University of British Columbia','Applicants',2023);
INSERT INTO intake(GPA_Min,GPA_Max,TOEFL_Score_Min,TOEFL_Score_Max,IELTS_Score_Min,IELTS_Score_Max,Duolingo_English_Test_Score_Min,Duolingo_English_Test_Score_Max,Total_Students,Uni_Name,Type_,Year_) VALUES (3.03,4,88,96,6.5,8.5,70,155,145,'University of Waterloo','Applicants',2022);
INSERT INTO intake(GPA_Min,GPA_Max,TOEFL_Score_Min,TOEFL_Score_Max,IELTS_Score_Min,IELTS_Score_Max,Duolingo_English_Test_Score_Min,Duolingo_English_Test_Score_Max,Total_Students,Uni_Name,Type_,Year_) VALUES (3.03,4,90,105,5,8,85,155,127,'University of Waterloo','Applicants',2023);
INSERT INTO intake(GPA_Min,GPA_Max,TOEFL_Score_Min,TOEFL_Score_Max,IELTS_Score_Min,IELTS_Score_Max,Duolingo_English_Test_Score_Min,Duolingo_English_Test_Score_Max,Total_Students,Uni_Name,Type_,Year_) VALUES (3.02,4,88,103,6.5,8,65,150,233,'Western University','Applicants',2022);
INSERT INTO intake(GPA_Min,GPA_Max,TOEFL_Score_Min,TOEFL_Score_Max,IELTS_Score_Min,IELTS_Score_Max,Duolingo_English_Test_Score_Min,Duolingo_English_Test_Score_Max,Total_Students,Uni_Name,Type_,Year_) VALUES (3.03,4,NULL,NULL,7.5,8,90,160,63,'Western University','Applicants',2023);
INSERT INTO intake(GPA_Min,GPA_Max,TOEFL_Score_Min,TOEFL_Score_Max,IELTS_Score_Min,IELTS_Score_Max,Duolingo_English_Test_Score_Min,Duolingo_English_Test_Score_Max,Total_Students,Uni_Name,Type_,Year_) VALUES (3.12,3.97,NULL,NULL,7,8.5,NULL,NULL,10,'The University of Chicago','Applicants',2023);
INSERT INTO intake(GPA_Min,GPA_Max,TOEFL_Score_Min,TOEFL_Score_Max,IELTS_Score_Min,IELTS_Score_Max,Duolingo_English_Test_Score_Min,Duolingo_English_Test_Score_Max,Total_Students,Uni_Name,Type_,Year_) VALUES (3.11,3.97,88,91,6,8.5,NULL,NULL,12,'University of Texas at Austin','Applicants',2023);
INSERT INTO intake(GPA_Min,GPA_Max,TOEFL_Score_Min,TOEFL_Score_Max,IELTS_Score_Min,IELTS_Score_Max,Duolingo_English_Test_Score_Min,Duolingo_English_Test_Score_Max,Total_Students,Uni_Name,Type_,Year_) VALUES (2.91,4,100,107,NULL,NULL,60,155,431,'Osaka University','Applicants',2023);
INSERT INTO intake(GPA_Min,GPA_Max,TOEFL_Score_Min,TOEFL_Score_Max,IELTS_Score_Min,IELTS_Score_Max,Duolingo_English_Test_Score_Min,Duolingo_English_Test_Score_Max,Total_Students,Uni_Name,Type_,Year_) VALUES (3.01,4,99,112,6,8,90,150,136,'Singapore Management University','Applicants',2023);
INSERT INTO intake(GPA_Min,GPA_Max,TOEFL_Score_Min,TOEFL_Score_Max,IELTS_Score_Min,IELTS_Score_Max,Duolingo_English_Test_Score_Min,Duolingo_English_Test_Score_Max,Total_Students,Uni_Name,Type_,Year_) VALUES (3,4,80,120,6,8,65,160,925,'Hanyang University (Seoul Campus)','Applicants',2022);
INSERT INTO intake(GPA_Min,GPA_Max,TOEFL_Score_Min,TOEFL_Score_Max,IELTS_Score_Min,IELTS_Score_Max,Duolingo_English_Test_Score_Min,Duolingo_English_Test_Score_Max,Total_Students,Uni_Name,Type_,Year_) VALUES (3.08,4,88,100,6,8.5,60,150,666,'Hanyang University (Seoul Campus)','Applicants',2023);
INSERT INTO intake(GPA_Min,GPA_Max,TOEFL_Score_Min,TOEFL_Score_Max,IELTS_Score_Min,IELTS_Score_Max,Duolingo_English_Test_Score_Min,Duolingo_English_Test_Score_Max,Total_Students,Uni_Name,Type_,Year_) VALUES (2.95,4,94,94,6,7.5,70,150,84,'Hanyang University (Seoul Campus)','Cofunding Applicants',2023);
INSERT INTO intake(GPA_Min,GPA_Max,TOEFL_Score_Min,TOEFL_Score_Max,IELTS_Score_Min,IELTS_Score_Max,Duolingo_English_Test_Score_Min,Duolingo_English_Test_Score_Max,Total_Students,Uni_Name,Type_,Year_) VALUES (3.16,4,NULL,NULL,6,7,80,145,183,'National Taiwan University of Science and Technology (Taiwan Tech)','Applicants',2022);
INSERT INTO intake(GPA_Min,GPA_Max,TOEFL_Score_Min,TOEFL_Score_Max,IELTS_Score_Min,IELTS_Score_Max,Duolingo_English_Test_Score_Min,Duolingo_English_Test_Score_Max,Total_Students,Uni_Name,Type_,Year_) VALUES (3.11,4,93,93,5,8,60,150,281,'National Taiwan University of Science and Technology (Taiwan Tech)','Applicants',2023);
INSERT INTO intake(GPA_Min,GPA_Max,TOEFL_Score_Min,TOEFL_Score_Max,IELTS_Score_Min,IELTS_Score_Max,Duolingo_English_Test_Score_Min,Duolingo_English_Test_Score_Max,Total_Students,Uni_Name,Type_,Year_) VALUES (3,4,81,120,6,8,0,160,555,'Korea University','Applicants',2022);
INSERT INTO intake(GPA_Min,GPA_Max,TOEFL_Score_Min,TOEFL_Score_Max,IELTS_Score_Min,IELTS_Score_Max,Duolingo_English_Test_Score_Min,Duolingo_English_Test_Score_Max,Total_Students,Uni_Name,Type_,Year_) VALUES (2.99,4,56,88,6,8.5,85,160,349,'Korea University','Applicants',2023);
INSERT INTO intake(GPA_Min,GPA_Max,TOEFL_Score_Min,TOEFL_Score_Max,IELTS_Score_Min,IELTS_Score_Max,Duolingo_English_Test_Score_Min,Duolingo_English_Test_Score_Max,Total_Students,Uni_Name,Type_,Year_) VALUES (3.17,4,NULL,NULL,6,7,0,145,176,'Universiti Malaya','Applicants',2022);
INSERT INTO intake(GPA_Min,GPA_Max,TOEFL_Score_Min,TOEFL_Score_Max,IELTS_Score_Min,IELTS_Score_Max,Duolingo_English_Test_Score_Min,Duolingo_English_Test_Score_Max,Total_Students,Uni_Name,Type_,Year_) VALUES (3.01,4,78,100,5,7.5,60,150,417,'Universiti Malaya','Applicants',2023);
INSERT INTO intake(GPA_Min,GPA_Max,TOEFL_Score_Min,TOEFL_Score_Max,IELTS_Score_Min,IELTS_Score_Max,Duolingo_English_Test_Score_Min,Duolingo_English_Test_Score_Max,Total_Students,Uni_Name,Type_,Year_) VALUES (2.95,3.98,NULL,NULL,6,7.5,75,150,71,'Universiti Malaya','Cofunding Applicants',2023);
INSERT INTO intake(GPA_Min,GPA_Max,TOEFL_Score_Min,TOEFL_Score_Max,IELTS_Score_Min,IELTS_Score_Max,Duolingo_English_Test_Score_Min,Duolingo_English_Test_Score_Max,Total_Students,Uni_Name,Type_,Year_) VALUES (3.06,3.99,90,90,4,7,0,140,191,'Universiti Kebangsaan Malaysia','Applicants',2022);
INSERT INTO intake(GPA_Min,GPA_Max,TOEFL_Score_Min,TOEFL_Score_Max,IELTS_Score_Min,IELTS_Score_Max,Duolingo_English_Test_Score_Min,Duolingo_English_Test_Score_Max,Total_Students,Uni_Name,Type_,Year_) VALUES (3.05,4,78,78,6,7,80,150,265,'Universiti Kebangsaan Malaysia','Applicants',2023);
INSERT INTO intake(GPA_Min,GPA_Max,TOEFL_Score_Min,TOEFL_Score_Max,IELTS_Score_Min,IELTS_Score_Max,Duolingo_English_Test_Score_Min,Duolingo_English_Test_Score_Max,Total_Students,Uni_Name,Type_,Year_) VALUES (3.31,4,NULL,NULL,6,8,95,150,52,'Universiti Kebangsaan Malaysia','Cofunding Applicants',2023);
INSERT INTO intake(GPA_Min,GPA_Max,TOEFL_Score_Min,TOEFL_Score_Max,IELTS_Score_Min,IELTS_Score_Max,Duolingo_English_Test_Score_Min,Duolingo_English_Test_Score_Max,Total_Students,Uni_Name,Type_,Year_) VALUES (3.13,4,NULL,NULL,6.5,7,0,140,130,'Universiti Sains Malaysia','Applicants',2022);
INSERT INTO intake(GPA_Min,GPA_Max,TOEFL_Score_Min,TOEFL_Score_Max,IELTS_Score_Min,IELTS_Score_Max,Duolingo_English_Test_Score_Min,Duolingo_English_Test_Score_Max,Total_Students,Uni_Name,Type_,Year_) VALUES (2.95,3.93,NULL,NULL,6,8,95,140,37,'Universiti Sains Malaysia','Applicants',2023);
INSERT INTO intake(GPA_Min,GPA_Max,TOEFL_Score_Min,TOEFL_Score_Max,IELTS_Score_Min,IELTS_Score_Max,Duolingo_English_Test_Score_Min,Duolingo_English_Test_Score_Max,Total_Students,Uni_Name,Type_,Year_) VALUES (3.12,4,100,109,6,8.5,105,155,112,'Nanyang Technological University','Applicants',2022);
INSERT INTO intake(GPA_Min,GPA_Max,TOEFL_Score_Min,TOEFL_Score_Max,IELTS_Score_Min,IELTS_Score_Max,Duolingo_English_Test_Score_Min,Duolingo_English_Test_Score_Max,Total_Students,Uni_Name,Type_,Year_) VALUES (2.89,4,93,104,6,8.5,70,160,197,'Nanyang Technological University','Applicants',2023);
INSERT INTO intake(GPA_Min,GPA_Max,TOEFL_Score_Min,TOEFL_Score_Max,IELTS_Score_Min,IELTS_Score_Max,Duolingo_English_Test_Score_Min,Duolingo_English_Test_Score_Max,Total_Students,Uni_Name,Type_,Year_) VALUES (3,4,58,107,5.5,8.5,70,155,836,'Keio University','Applicants',2023);
INSERT INTO intake(GPA_Min,GPA_Max,TOEFL_Score_Min,TOEFL_Score_Max,IELTS_Score_Min,IELTS_Score_Max,Duolingo_English_Test_Score_Min,Duolingo_English_Test_Score_Max,Total_Students,Uni_Name,Type_,Year_) VALUES (3.04,4,86,97,6.5,7.5,85,150,240,'National Taiwan University','Applicants',2022);
INSERT INTO intake(GPA_Min,GPA_Max,TOEFL_Score_Min,TOEFL_Score_Max,IELTS_Score_Min,IELTS_Score_Max,Duolingo_English_Test_Score_Min,Duolingo_English_Test_Score_Max,Total_Students,Uni_Name,Type_,Year_) VALUES (3.08,4,104,104,6,8,70,155,232,'National Taiwan University','Applicants',2023);
INSERT INTO intake(GPA_Min,GPA_Max,TOEFL_Score_Min,TOEFL_Score_Max,IELTS_Score_Min,IELTS_Score_Max,Duolingo_English_Test_Score_Min,Duolingo_English_Test_Score_Max,Total_Students,Uni_Name,Type_,Year_) VALUES (3.05,4,83,96,6.5,7.5,75,145,182,'Chulalongkorn University','Applicants',2022);
INSERT INTO intake(GPA_Min,GPA_Max,TOEFL_Score_Min,TOEFL_Score_Max,IELTS_Score_Min,IELTS_Score_Max,Duolingo_English_Test_Score_Min,Duolingo_English_Test_Score_Max,Total_Students,Uni_Name,Type_,Year_) VALUES (3.04,4,NULL,NULL,5,7,80,150,105,'Chulalongkorn University','Applicants',2023);
INSERT INTO intake(GPA_Min,GPA_Max,TOEFL_Score_Min,TOEFL_Score_Max,IELTS_Score_Min,IELTS_Score_Max,Duolingo_English_Test_Score_Min,Duolingo_English_Test_Score_Max,Total_Students,Uni_Name,Type_,Year_) VALUES (3.51,3.67,NULL,NULL,NULL,NULL,120,130,3,'Chulalongkorn University','Cofunding Applicants',2023);
INSERT INTO intake(GPA_Min,GPA_Max,TOEFL_Score_Min,TOEFL_Score_Max,IELTS_Score_Min,IELTS_Score_Max,Duolingo_English_Test_Score_Min,Duolingo_English_Test_Score_Max,Total_Students,Uni_Name,Type_,Year_) VALUES (3,4,94,94,6,7.5,0,140,551,'Middle East Technical University','Applicants',2022);
INSERT INTO intake(GPA_Min,GPA_Max,TOEFL_Score_Min,TOEFL_Score_Max,IELTS_Score_Min,IELTS_Score_Max,Duolingo_English_Test_Score_Min,Duolingo_English_Test_Score_Max,Total_Students,Uni_Name,Type_,Year_) VALUES (3.03,4,NULL,NULL,5,7.5,40,150,208,'Middle East Technical University','Applicants',2023);
INSERT INTO intake(GPA_Min,GPA_Max,TOEFL_Score_Min,TOEFL_Score_Max,IELTS_Score_Min,IELTS_Score_Max,Duolingo_English_Test_Score_Min,Duolingo_English_Test_Score_Max,Total_Students,Uni_Name,Type_,Year_) VALUES (3.21,4,NULL,NULL,6,7.5,70,140,38,'Middle East Technical University','Cofunding Applicants',2023);
INSERT INTO intake(GPA_Min,GPA_Max,TOEFL_Score_Min,TOEFL_Score_Max,IELTS_Score_Min,IELTS_Score_Max,Duolingo_English_Test_Score_Min,Duolingo_English_Test_Score_Max,Total_Students,Uni_Name,Type_,Year_) VALUES (3.12,4,96,108,6.5,8,80,160,109,'The Australian National University','Applicants',2022);
INSERT INTO intake(GPA_Min,GPA_Max,TOEFL_Score_Min,TOEFL_Score_Max,IELTS_Score_Min,IELTS_Score_Max,Duolingo_English_Test_Score_Min,Duolingo_English_Test_Score_Max,Total_Students,Uni_Name,Type_,Year_) VALUES (3.36,3.99,98,100,7,8.5,115,115,16,'The Australian National University','Applicants',2023);
INSERT INTO intake(GPA_Min,GPA_Max,TOEFL_Score_Min,TOEFL_Score_Max,IELTS_Score_Min,IELTS_Score_Max,Duolingo_English_Test_Score_Min,Duolingo_English_Test_Score_Max,Total_Students,Uni_Name,Type_,Year_) VALUES (3.09,4,0,114,6.5,8.5,NULL,NULL,56,'The University of Adelaide','Applicants',2022);
INSERT INTO intake(GPA_Min,GPA_Max,TOEFL_Score_Min,TOEFL_Score_Max,IELTS_Score_Min,IELTS_Score_Max,Duolingo_English_Test_Score_Min,Duolingo_English_Test_Score_Max,Total_Students,Uni_Name,Type_,Year_) VALUES (3.27,4,86,97,6.5,8,NULL,NULL,48,'The University of Adelaide','Applicants',2023);
INSERT INTO intake(GPA_Min,GPA_Max,TOEFL_Score_Min,TOEFL_Score_Max,IELTS_Score_Min,IELTS_Score_Max,Duolingo_English_Test_Score_Min,Duolingo_English_Test_Score_Max,Total_Students,Uni_Name,Type_,Year_) VALUES (3.05,4,NULL,NULL,6.5,8,105,120,30,'The University of Queensland','Applicants',2022);
INSERT INTO intake(GPA_Min,GPA_Max,TOEFL_Score_Min,TOEFL_Score_Max,IELTS_Score_Min,IELTS_Score_Max,Duolingo_English_Test_Score_Min,Duolingo_English_Test_Score_Max,Total_Students,Uni_Name,Type_,Year_) VALUES (2.97,4,90,115,6.5,8.5,NULL,NULL,94,'The University of Queensland','Applicants',2023);
INSERT INTO intake(GPA_Min,GPA_Max,TOEFL_Score_Min,TOEFL_Score_Max,IELTS_Score_Min,IELTS_Score_Max,Duolingo_English_Test_Score_Min,Duolingo_English_Test_Score_Max,Total_Students,Uni_Name,Type_,Year_) VALUES (3.15,3.97,87,102,6.5,8.5,100,120,18,'University of Sydney','Applicants',2022);
INSERT INTO intake(GPA_Min,GPA_Max,TOEFL_Score_Min,TOEFL_Score_Max,IELTS_Score_Min,IELTS_Score_Max,Duolingo_English_Test_Score_Min,Duolingo_English_Test_Score_Max,Total_Students,Uni_Name,Type_,Year_) VALUES (3.29,3.99,86,100,5.5,8,NULL,NULL,35,'University of Sydney','Applicants',2023);
INSERT INTO intake(GPA_Min,GPA_Max,TOEFL_Score_Min,TOEFL_Score_Max,IELTS_Score_Min,IELTS_Score_Max,Duolingo_English_Test_Score_Min,Duolingo_English_Test_Score_Max,Total_Students,Uni_Name,Type_,Year_) VALUES (3.19,3.98,89,101,6,8,NULL,NULL,57,'University of Auckland','Applicants',2022);
INSERT INTO intake(GPA_Min,GPA_Max,TOEFL_Score_Min,TOEFL_Score_Max,IELTS_Score_Min,IELTS_Score_Max,Duolingo_English_Test_Score_Min,Duolingo_English_Test_Score_Max,Total_Students,Uni_Name,Type_,Year_) VALUES (3.15,4,94,115,6,8.5,NULL,NULL,113,'University of Auckland','Applicants',2023);
INSERT INTO intake(GPA_Min,GPA_Max,TOEFL_Score_Min,TOEFL_Score_Max,IELTS_Score_Min,IELTS_Score_Max,Duolingo_English_Test_Score_Min,Duolingo_English_Test_Score_Max,Total_Students,Uni_Name,Type_,Year_) VALUES (3.28,4,80,108,6.5,8.5,90,120,53,'University of Melbourne','Applicants',2022);
INSERT INTO intake(GPA_Min,GPA_Max,TOEFL_Score_Min,TOEFL_Score_Max,IELTS_Score_Min,IELTS_Score_Max,Duolingo_English_Test_Score_Min,Duolingo_English_Test_Score_Max,Total_Students,Uni_Name,Type_,Year_) VALUES (3.04,4,94,108,5.5,8.5,NULL,NULL,103,'University of Melbourne','Applicants',2023);
INSERT INTO intake(GPA_Min,GPA_Max,TOEFL_Score_Min,TOEFL_Score_Max,IELTS_Score_Min,IELTS_Score_Max,Duolingo_English_Test_Score_Min,Duolingo_English_Test_Score_Max,Total_Students,Uni_Name,Type_,Year_) VALUES (3.06,4,79,114,6.5,8,100,130,60,'Monash University','Applicants',2022);
INSERT INTO intake(GPA_Min,GPA_Max,TOEFL_Score_Min,TOEFL_Score_Max,IELTS_Score_Min,IELTS_Score_Max,Duolingo_English_Test_Score_Min,Duolingo_English_Test_Score_Max,Total_Students,Uni_Name,Type_,Year_) VALUES (2.88,3.99,NULL,NULL,6.5,8,90,155,145,'Monash University','Applicants',2023);
INSERT INTO intake(GPA_Min,GPA_Max,TOEFL_Score_Min,TOEFL_Score_Max,IELTS_Score_Min,IELTS_Score_Max,Duolingo_English_Test_Score_Min,Duolingo_English_Test_Score_Max,Total_Students,Uni_Name,Type_,Year_) VALUES (3.13,3.98,86,104,6.5,8.5,NULL,NULL,36,'The University of Western Australia','Applicants',2023);
INSERT INTO intake(GPA_Min,GPA_Max,TOEFL_Score_Min,TOEFL_Score_Max,IELTS_Score_Min,IELTS_Score_Max,Duolingo_English_Test_Score_Min,Duolingo_English_Test_Score_Max,Total_Students,Uni_Name,Type_,Year_) VALUES (2.97,4,60,114,6,8,NULL,NULL,73,'University of Otago','Applicants',2023);
INSERT INTO intake(GPA_Min,GPA_Max,TOEFL_Score_Min,TOEFL_Score_Max,IELTS_Score_Min,IELTS_Score_Max,Duolingo_English_Test_Score_Min,Duolingo_English_Test_Score_Max,Total_Students,Uni_Name,Type_,Year_) VALUES (2.88,4,85,99,6,8.5,85,150,258,'Victoria University of Wellington','Applicants',2023);
INSERT INTO intake(GPA_Min,GPA_Max,TOEFL_Score_Min,TOEFL_Score_Max,IELTS_Score_Min,IELTS_Score_Max,Duolingo_English_Test_Score_Min,Duolingo_English_Test_Score_Max,Total_Students,Uni_Name,Type_,Year_) VALUES (3.13,3.97,NULL,NULL,6.5,8.5,NULL,NULL,68,'University of New South Wales','Applicants',2023);
INSERT INTO intake(GPA_Min,GPA_Max,TOEFL_Score_Min,TOEFL_Score_Max,IELTS_Score_Min,IELTS_Score_Max,Duolingo_English_Test_Score_Min,Duolingo_English_Test_Score_Max,Total_Students,Uni_Name,Type_,Year_) VALUES (3.11,3.98,60,98,5.5,8,NULL,NULL,143,'University of Canterbury','Applicants',2023);
INSERT INTO intake(GPA_Min,GPA_Max,TOEFL_Score_Min,TOEFL_Score_Max,IELTS_Score_Min,IELTS_Score_Max,Duolingo_English_Test_Score_Min,Duolingo_English_Test_Score_Max,Total_Students,Uni_Name,Type_,Year_) VALUES (3.05,3.98,96,106,6.5,8.5,70,150,174,'Vrije Universiteit Amsterdam','Applicants',2022);
INSERT INTO intake(GPA_Min,GPA_Max,TOEFL_Score_Min,TOEFL_Score_Max,IELTS_Score_Min,IELTS_Score_Max,Duolingo_English_Test_Score_Min,Duolingo_English_Test_Score_Max,Total_Students,Uni_Name,Type_,Year_) VALUES (3.19,3.97,99,115,6.5,8.5,NULL,NULL,62,'Vrije Universiteit Amsterdam','Applicants',2023);
INSERT INTO intake(GPA_Min,GPA_Max,TOEFL_Score_Min,TOEFL_Score_Max,IELTS_Score_Min,IELTS_Score_Max,Duolingo_English_Test_Score_Min,Duolingo_English_Test_Score_Max,Total_Students,Uni_Name,Type_,Year_) VALUES (3.07,3.98,90,115,6,8.5,100,135,81,'Leiden University','Applicants',2022);
INSERT INTO intake(GPA_Min,GPA_Max,TOEFL_Score_Min,TOEFL_Score_Max,IELTS_Score_Min,IELTS_Score_Max,Duolingo_English_Test_Score_Min,Duolingo_English_Test_Score_Max,Total_Students,Uni_Name,Type_,Year_) VALUES (3.19,3.95,NULL,NULL,6.5,8.5,NULL,NULL,28,'Leiden University','Applicants',2023);
INSERT INTO intake(GPA_Min,GPA_Max,TOEFL_Score_Min,TOEFL_Score_Max,IELTS_Score_Min,IELTS_Score_Max,Duolingo_English_Test_Score_Min,Duolingo_English_Test_Score_Max,Total_Students,Uni_Name,Type_,Year_) VALUES (3.3,3.99,84,89,5,8.5,115,115,67,'University of Twente','Applicants',2022);
INSERT INTO intake(GPA_Min,GPA_Max,TOEFL_Score_Min,TOEFL_Score_Max,IELTS_Score_Min,IELTS_Score_Max,Duolingo_English_Test_Score_Min,Duolingo_English_Test_Score_Max,Total_Students,Uni_Name,Type_,Year_) VALUES (3.05,4,90,112,5.5,8,NULL,NULL,114,'University of Twente','Applicants',2023);
INSERT INTO intake(GPA_Min,GPA_Max,TOEFL_Score_Min,TOEFL_Score_Max,IELTS_Score_Min,IELTS_Score_Max,Duolingo_English_Test_Score_Min,Duolingo_English_Test_Score_Max,Total_Students,Uni_Name,Type_,Year_) VALUES (3.04,4,64,115,6.5,8,70,150,393,'Maastricht University','Applicants',2022);
INSERT INTO intake(GPA_Min,GPA_Max,TOEFL_Score_Min,TOEFL_Score_Max,IELTS_Score_Min,IELTS_Score_Max,Duolingo_English_Test_Score_Min,Duolingo_English_Test_Score_Max,Total_Students,Uni_Name,Type_,Year_) VALUES (3.02,4,NULL,NULL,5.5,8,70,160,192,'Maastricht University','Applicants',2023);
INSERT INTO intake(GPA_Min,GPA_Max,TOEFL_Score_Min,TOEFL_Score_Max,IELTS_Score_Min,IELTS_Score_Max,Duolingo_English_Test_Score_Min,Duolingo_English_Test_Score_Max,Total_Students,Uni_Name,Type_,Year_) VALUES (3.04,3.98,100,111,6.5,8.5,75,140,23,'KU Leuven','Applicants',2022);
INSERT INTO intake(GPA_Min,GPA_Max,TOEFL_Score_Min,TOEFL_Score_Max,IELTS_Score_Min,IELTS_Score_Max,Duolingo_English_Test_Score_Min,Duolingo_English_Test_Score_Max,Total_Students,Uni_Name,Type_,Year_) VALUES (3.27,3.99,92,99,6.5,8,NULL,NULL,39,'KU Leuven','Applicants',2023);
INSERT INTO intake(GPA_Min,GPA_Max,TOEFL_Score_Min,TOEFL_Score_Max,IELTS_Score_Min,IELTS_Score_Max,Duolingo_English_Test_Score_Min,Duolingo_English_Test_Score_Max,Total_Students,Uni_Name,Type_,Year_) VALUES (3.04,3.99,NULL,NULL,5.5,8,95,150,190,'University of Tartu','Applicants',2022);
INSERT INTO intake(GPA_Min,GPA_Max,TOEFL_Score_Min,TOEFL_Score_Max,IELTS_Score_Min,IELTS_Score_Max,Duolingo_English_Test_Score_Min,Duolingo_English_Test_Score_Max,Total_Students,Uni_Name,Type_,Year_) VALUES (3.08,4,35,92,6,8,0,150,641,'University of Szeged','Applicants',2022);
INSERT INTO intake(GPA_Min,GPA_Max,TOEFL_Score_Min,TOEFL_Score_Max,IELTS_Score_Min,IELTS_Score_Max,Duolingo_English_Test_Score_Min,Duolingo_English_Test_Score_Max,Total_Students,Uni_Name,Type_,Year_) VALUES (2.91,4,79,79,6,8,55,150,472,'University of Szeged','Applicants',2023);
INSERT INTO intake(GPA_Min,GPA_Max,TOEFL_Score_Min,TOEFL_Score_Max,IELTS_Score_Min,IELTS_Score_Max,Duolingo_English_Test_Score_Min,Duolingo_English_Test_Score_Max,Total_Students,Uni_Name,Type_,Year_) VALUES (3.07,4,94,97,6.5,7.5,80,150,274,'University of Pisa','Applicants',2022);
INSERT INTO intake(GPA_Min,GPA_Max,TOEFL_Score_Min,TOEFL_Score_Max,IELTS_Score_Min,IELTS_Score_Max,Duolingo_English_Test_Score_Min,Duolingo_English_Test_Score_Max,Total_Students,Uni_Name,Type_,Year_) VALUES (2.6,4,72,102,6,8.5,80,160,399,'University of Pisa','Applicants',2023);
INSERT INTO intake(GPA_Min,GPA_Max,TOEFL_Score_Min,TOEFL_Score_Max,IELTS_Score_Min,IELTS_Score_Max,Duolingo_English_Test_Score_Min,Duolingo_English_Test_Score_Max,Total_Students,Uni_Name,Type_,Year_) VALUES (3.04,4,107,107,6,8.5,80,155,149,'Humboldt-Universität zu Berlin','Applicants',2022);
INSERT INTO intake(GPA_Min,GPA_Max,TOEFL_Score_Min,TOEFL_Score_Max,IELTS_Score_Min,IELTS_Score_Max,Duolingo_English_Test_Score_Min,Duolingo_English_Test_Score_Max,Total_Students,Uni_Name,Type_,Year_) VALUES (3.06,4,NULL,NULL,6.5,8,75,155,486,'Humboldt-Universität zu Berlin','Applicants',2023);
INSERT INTO intake(GPA_Min,GPA_Max,TOEFL_Score_Min,TOEFL_Score_Max,IELTS_Score_Min,IELTS_Score_Max,Duolingo_English_Test_Score_Min,Duolingo_English_Test_Score_Max,Total_Students,Uni_Name,Type_,Year_) VALUES (3.39,3.91,NULL,NULL,NULL,NULL,105,140,15,'Humboldt-Universität zu Berlin','Cofunding Applicants',2023);
INSERT INTO intake(GPA_Min,GPA_Max,TOEFL_Score_Min,TOEFL_Score_Max,IELTS_Score_Min,IELTS_Score_Max,Duolingo_English_Test_Score_Min,Duolingo_English_Test_Score_Max,Total_Students,Uni_Name,Type_,Year_) VALUES (3,4,102,102,5.5,8,75,155,340,'University of Zagreb','Applicants',2022);
INSERT INTO intake(GPA_Min,GPA_Max,TOEFL_Score_Min,TOEFL_Score_Max,IELTS_Score_Min,IELTS_Score_Max,Duolingo_English_Test_Score_Min,Duolingo_English_Test_Score_Max,Total_Students,Uni_Name,Type_,Year_) VALUES (3.03,3.99,NULL,NULL,6,8,80,150,214,'University of Zagreb','Applicants',2023);
INSERT INTO intake(GPA_Min,GPA_Max,TOEFL_Score_Min,TOEFL_Score_Max,IELTS_Score_Min,IELTS_Score_Max,Duolingo_English_Test_Score_Min,Duolingo_English_Test_Score_Max,Total_Students,Uni_Name,Type_,Year_) VALUES (3.13,4,89,89,6,8,80,150,203,'University of Warsaw','Applicants',2022);
INSERT INTO intake(GPA_Min,GPA_Max,TOEFL_Score_Min,TOEFL_Score_Max,IELTS_Score_Min,IELTS_Score_Max,Duolingo_English_Test_Score_Min,Duolingo_English_Test_Score_Max,Total_Students,Uni_Name,Type_,Year_) VALUES (3.06,4,NULL,NULL,6.5,8,85,160,283,'University of Warsaw','Applicants',2023);
INSERT INTO intake(GPA_Min,GPA_Max,TOEFL_Score_Min,TOEFL_Score_Max,IELTS_Score_Min,IELTS_Score_Max,Duolingo_English_Test_Score_Min,Duolingo_English_Test_Score_Max,Total_Students,Uni_Name,Type_,Year_) VALUES (2.52,4,NULL,NULL,6,8,60,155,324,'Grenoble Ecole de Management','Applicants',2023);
INSERT INTO intake(GPA_Min,GPA_Max,TOEFL_Score_Min,TOEFL_Score_Max,IELTS_Score_Min,IELTS_Score_Max,Duolingo_English_Test_Score_Min,Duolingo_English_Test_Score_Max,Total_Students,Uni_Name,Type_,Year_) VALUES (3.15,3.99,NULL,NULL,6,8.5,65,145,200,'M.V.Lomonosov Moscow State University','Applicants',2023);
INSERT INTO intake(GPA_Min,GPA_Max,TOEFL_Score_Min,TOEFL_Score_Max,IELTS_Score_Min,IELTS_Score_Max,Duolingo_English_Test_Score_Min,Duolingo_English_Test_Score_Max,Total_Students,Uni_Name,Type_,Year_) VALUES (3.11,4,111,111,5,8.5,110,125,65,'Radboud University','Applicants',2022);
INSERT INTO intake(GPA_Min,GPA_Max,TOEFL_Score_Min,TOEFL_Score_Max,IELTS_Score_Min,IELTS_Score_Max,Duolingo_English_Test_Score_Min,Duolingo_English_Test_Score_Max,Total_Students,Uni_Name,Type_,Year_) VALUES (3.05,4,90,102,5.5,8,NULL,NULL,106,'Radboud University','Applicants',2023);
INSERT INTO intake(GPA_Min,GPA_Max,TOEFL_Score_Min,TOEFL_Score_Max,IELTS_Score_Min,IELTS_Score_Max,Duolingo_English_Test_Score_Min,Duolingo_English_Test_Score_Max,Total_Students,Uni_Name,Type_,Year_) VALUES (3.04,3.99,94,94,6,7.5,90,145,241,'Vytautas Magnus University','Applicants',2022);
INSERT INTO intake(GPA_Min,GPA_Max,TOEFL_Score_Min,TOEFL_Score_Max,IELTS_Score_Min,IELTS_Score_Max,Duolingo_English_Test_Score_Min,Duolingo_English_Test_Score_Max,Total_Students,Uni_Name,Type_,Year_) VALUES (3.21,3.93,NULL,NULL,6,8,75,150,55,'Vytautas Magnus University','Applicants',2023);
INSERT INTO intake(GPA_Min,GPA_Max,TOEFL_Score_Min,TOEFL_Score_Max,IELTS_Score_Min,IELTS_Score_Max,Duolingo_English_Test_Score_Min,Duolingo_English_Test_Score_Max,Total_Students,Uni_Name,Type_,Year_) VALUES (3.48,4,101,101,6.5,8.5,90,155,71,'Sciences Po','Applicants',2023);
INSERT INTO intake(GPA_Min,GPA_Max,TOEFL_Score_Min,TOEFL_Score_Max,IELTS_Score_Min,IELTS_Score_Max,Duolingo_English_Test_Score_Min,Duolingo_English_Test_Score_Max,Total_Students,Uni_Name,Type_,Year_) VALUES (3,4,86,107,6,8,100,150,312,'Universitat Pompeu Fabra','Applicants',2022);
INSERT INTO intake(GPA_Min,GPA_Max,TOEFL_Score_Min,TOEFL_Score_Max,IELTS_Score_Min,IELTS_Score_Max,Duolingo_English_Test_Score_Min,Duolingo_English_Test_Score_Max,Total_Students,Uni_Name,Type_,Year_) VALUES (3.03,4,85,108,5.5,8.5,70,160,696,'Universitat Pompeu Fabra','Applicants',2023);
INSERT INTO intake(GPA_Min,GPA_Max,TOEFL_Score_Min,TOEFL_Score_Max,IELTS_Score_Min,IELTS_Score_Max,Duolingo_English_Test_Score_Min,Duolingo_English_Test_Score_Max,Total_Students,Uni_Name,Type_,Year_) VALUES (3.06,4,94,113,6,8.5,100,155,157,'Sapienza University of Rome','Applicants',2022);
INSERT INTO intake(GPA_Min,GPA_Max,TOEFL_Score_Min,TOEFL_Score_Max,IELTS_Score_Min,IELTS_Score_Max,Duolingo_English_Test_Score_Min,Duolingo_English_Test_Score_Max,Total_Students,Uni_Name,Type_,Year_) VALUES (3.05,4,NULL,NULL,6,8.5,65,160,418,'Sapienza University of Rome','Applicants',2023);
INSERT INTO intake(GPA_Min,GPA_Max,TOEFL_Score_Min,TOEFL_Score_Max,IELTS_Score_Min,IELTS_Score_Max,Duolingo_English_Test_Score_Min,Duolingo_English_Test_Score_Max,Total_Students,Uni_Name,Type_,Year_) VALUES (2.82,4,78,98,6,8,75,155,591,'University of Padua','Applicants',2022);
INSERT INTO intake(GPA_Min,GPA_Max,TOEFL_Score_Min,TOEFL_Score_Max,IELTS_Score_Min,IELTS_Score_Max,Duolingo_English_Test_Score_Min,Duolingo_English_Test_Score_Max,Total_Students,Uni_Name,Type_,Year_) VALUES (2.52,4,98,108,6,8,20,155,784,'University of Padua','Applicants',2023);
INSERT INTO intake(GPA_Min,GPA_Max,TOEFL_Score_Min,TOEFL_Score_Max,IELTS_Score_Min,IELTS_Score_Max,Duolingo_English_Test_Score_Min,Duolingo_English_Test_Score_Max,Total_Students,Uni_Name,Type_,Year_) VALUES (3.27,3.95,35,101,6.5,7.5,105,105,37,'Universidad Autónoma de Madrid','Applicants',2022);
INSERT INTO intake(GPA_Min,GPA_Max,TOEFL_Score_Min,TOEFL_Score_Max,IELTS_Score_Min,IELTS_Score_Max,Duolingo_English_Test_Score_Min,Duolingo_English_Test_Score_Max,Total_Students,Uni_Name,Type_,Year_) VALUES (3.22,4,78,92,5.5,8,NULL,NULL,104,'Universidad Autónoma de Madrid','Applicants',2023);
INSERT INTO intake(GPA_Min,GPA_Max,TOEFL_Score_Min,TOEFL_Score_Max,IELTS_Score_Min,IELTS_Score_Max,Duolingo_English_Test_Score_Min,Duolingo_English_Test_Score_Max,Total_Students,Uni_Name,Type_,Year_) VALUES (3.02,4,56,56,6,8,85,145,333,'Palacký University Olomouc','Applicants',2022);
INSERT INTO intake(GPA_Min,GPA_Max,TOEFL_Score_Min,TOEFL_Score_Max,IELTS_Score_Min,IELTS_Score_Max,Duolingo_English_Test_Score_Min,Duolingo_English_Test_Score_Max,Total_Students,Uni_Name,Type_,Year_) VALUES (3.21,3.97,NULL,NULL,6,8,100,145,47,'Palacký University Olomouc','Applicants',2023);
INSERT INTO intake(GPA_Min,GPA_Max,TOEFL_Score_Min,TOEFL_Score_Max,IELTS_Score_Min,IELTS_Score_Max,Duolingo_English_Test_Score_Min,Duolingo_English_Test_Score_Max,Total_Students,Uni_Name,Type_,Year_) VALUES (3.1,4,90,102,6,8.5,100,140,68,'Lancaster University','Applicants',2022);
INSERT INTO intake(GPA_Min,GPA_Max,TOEFL_Score_Min,TOEFL_Score_Max,IELTS_Score_Min,IELTS_Score_Max,Duolingo_English_Test_Score_Min,Duolingo_English_Test_Score_Max,Total_Students,Uni_Name,Type_,Year_) VALUES (3.03,4,95,97,6,8.5,NULL,NULL,89,'Lancaster University','Applicants',2023);
INSERT INTO intake(GPA_Min,GPA_Max,TOEFL_Score_Min,TOEFL_Score_Max,IELTS_Score_Min,IELTS_Score_Max,Duolingo_English_Test_Score_Min,Duolingo_English_Test_Score_Max,Total_Students,Uni_Name,Type_,Year_) VALUES (3.03,4,95,95,6.5,8.5,NULL,NULL,35,'Lancaster University','Cofunding Applicants',2023);
INSERT INTO intake(GPA_Min,GPA_Max,TOEFL_Score_Min,TOEFL_Score_Max,IELTS_Score_Min,IELTS_Score_Max,Duolingo_English_Test_Score_Min,Duolingo_English_Test_Score_Max,Total_Students,Uni_Name,Type_,Year_) VALUES (3.01,4,109,109,6,8,90,160,254,'University of Leicester','Applicants',2022);
INSERT INTO intake(GPA_Min,GPA_Max,TOEFL_Score_Min,TOEFL_Score_Max,IELTS_Score_Min,IELTS_Score_Max,Duolingo_English_Test_Score_Min,Duolingo_English_Test_Score_Max,Total_Students,Uni_Name,Type_,Year_) VALUES (3.08,4,NULL,NULL,6.5,8.5,90,155,148,'University of Leicester','Applicants',2023);
INSERT INTO intake(GPA_Min,GPA_Max,TOEFL_Score_Min,TOEFL_Score_Max,IELTS_Score_Min,IELTS_Score_Max,Duolingo_English_Test_Score_Min,Duolingo_English_Test_Score_Max,Total_Students,Uni_Name,Type_,Year_) VALUES (3,4,96,107,6.5,8,90,150,208,'University of Galway','Applicants',2022);
INSERT INTO intake(GPA_Min,GPA_Max,TOEFL_Score_Min,TOEFL_Score_Max,IELTS_Score_Min,IELTS_Score_Max,Duolingo_English_Test_Score_Min,Duolingo_English_Test_Score_Max,Total_Students,Uni_Name,Type_,Year_) VALUES (3.01,4,NULL,NULL,6,7.5,90,155,209,'University of Galway','Applicants',2023);
INSERT INTO intake(GPA_Min,GPA_Max,TOEFL_Score_Min,TOEFL_Score_Max,IELTS_Score_Min,IELTS_Score_Max,Duolingo_English_Test_Score_Min,Duolingo_English_Test_Score_Max,Total_Students,Uni_Name,Type_,Year_) VALUES (3.14,4,107,107,6,8.5,100,155,109,'University of Birmingham','Applicants',2022);
INSERT INTO intake(GPA_Min,GPA_Max,TOEFL_Score_Min,TOEFL_Score_Max,IELTS_Score_Min,IELTS_Score_Max,Duolingo_English_Test_Score_Min,Duolingo_English_Test_Score_Max,Total_Students,Uni_Name,Type_,Year_) VALUES (3.25,3.95,NULL,NULL,6.5,8.5,NULL,NULL,19,'University of Birmingham','Applicants',2023);
INSERT INTO intake(GPA_Min,GPA_Max,TOEFL_Score_Min,TOEFL_Score_Max,IELTS_Score_Min,IELTS_Score_Max,Duolingo_English_Test_Score_Min,Duolingo_English_Test_Score_Max,Total_Students,Uni_Name,Type_,Year_) VALUES (3,4,90,112,6,8.5,155,155,334,'Newcastle University','Applicants',2022);
INSERT INTO intake(GPA_Min,GPA_Max,TOEFL_Score_Min,TOEFL_Score_Max,IELTS_Score_Min,IELTS_Score_Max,Duolingo_English_Test_Score_Min,Duolingo_English_Test_Score_Max,Total_Students,Uni_Name,Type_,Year_) VALUES (3.19,3.95,98,98,6,8,80,160,111,'Newcastle University','Applicants',2023);
INSERT INTO intake(GPA_Min,GPA_Max,TOEFL_Score_Min,TOEFL_Score_Max,IELTS_Score_Min,IELTS_Score_Max,Duolingo_English_Test_Score_Min,Duolingo_English_Test_Score_Max,Total_Students,Uni_Name,Type_,Year_) VALUES (2.82,4,100,115,6.5,8.5,0,150,89,'University of Edinburgh','Applicants',2022);
INSERT INTO intake(GPA_Min,GPA_Max,TOEFL_Score_Min,TOEFL_Score_Max,IELTS_Score_Min,IELTS_Score_Max,Duolingo_English_Test_Score_Min,Duolingo_English_Test_Score_Max,Total_Students,Uni_Name,Type_,Year_) VALUES (3.04,4,88,112,6,8.5,NULL,NULL,115,'University of Edinburgh','Applicants',2023);
INSERT INTO intake(GPA_Min,GPA_Max,TOEFL_Score_Min,TOEFL_Score_Max,IELTS_Score_Min,IELTS_Score_Max,Duolingo_English_Test_Score_Min,Duolingo_English_Test_Score_Max,Total_Students,Uni_Name,Type_,Year_) VALUES (3.12,3.98,98,98,6.5,8,85,150,135,'University College Dublin','Applicants',2022);
INSERT INTO intake(GPA_Min,GPA_Max,TOEFL_Score_Min,TOEFL_Score_Max,IELTS_Score_Min,IELTS_Score_Max,Duolingo_English_Test_Score_Min,Duolingo_English_Test_Score_Max,Total_Students,Uni_Name,Type_,Year_) VALUES (3.22,3.99,NULL,NULL,6.5,8,100,155,84,'University College Dublin','Applicants',2023);
INSERT INTO intake(GPA_Min,GPA_Max,TOEFL_Score_Min,TOEFL_Score_Max,IELTS_Score_Min,IELTS_Score_Max,Duolingo_English_Test_Score_Min,Duolingo_English_Test_Score_Max,Total_Students,Uni_Name,Type_,Year_) VALUES (3.33,4,82,93,6.5,8.5,NULL,NULL,26,'University College Cork - National University of Ireland','Applicants',2022);
INSERT INTO intake(GPA_Min,GPA_Max,TOEFL_Score_Min,TOEFL_Score_Max,IELTS_Score_Min,IELTS_Score_Max,Duolingo_English_Test_Score_Min,Duolingo_English_Test_Score_Max,Total_Students,Uni_Name,Type_,Year_) VALUES (3.33,4,87,97,5.5,8,60,160,211,'University College Cork - National University of Ireland','Applicants',2023);
INSERT INTO intake(GPA_Min,GPA_Max,TOEFL_Score_Min,TOEFL_Score_Max,IELTS_Score_Min,IELTS_Score_Max,Duolingo_English_Test_Score_Min,Duolingo_English_Test_Score_Max,Total_Students,Uni_Name,Type_,Year_) VALUES (3.16,4,85,112,6,8,130,130,81,'University of Glasgow','Applicants',2022);
INSERT INTO intake(GPA_Min,GPA_Max,TOEFL_Score_Min,TOEFL_Score_Max,IELTS_Score_Min,IELTS_Score_Max,Duolingo_English_Test_Score_Min,Duolingo_English_Test_Score_Max,Total_Students,Uni_Name,Type_,Year_) VALUES (3.01,3.98,85,108,6,8.5,NULL,NULL,96,'University of Glasgow','Applicants',2023);
INSERT INTO intake(GPA_Min,GPA_Max,TOEFL_Score_Min,TOEFL_Score_Max,IELTS_Score_Min,IELTS_Score_Max,Duolingo_English_Test_Score_Min,Duolingo_English_Test_Score_Max,Total_Students,Uni_Name,Type_,Year_) VALUES (3.05,4,111,111,6,8,0,145,766,'University of Liverpool','Applicants',2022);
INSERT INTO intake(GPA_Min,GPA_Max,TOEFL_Score_Min,TOEFL_Score_Max,IELTS_Score_Min,IELTS_Score_Max,Duolingo_English_Test_Score_Min,Duolingo_English_Test_Score_Max,Total_Students,Uni_Name,Type_,Year_) VALUES (3,3.96,101,112,7,8,NULL,NULL,16,'University of Liverpool','Applicants',2023);
INSERT INTO intake(GPA_Min,GPA_Max,TOEFL_Score_Min,TOEFL_Score_Max,IELTS_Score_Min,IELTS_Score_Max,Duolingo_English_Test_Score_Min,Duolingo_English_Test_Score_Max,Total_Students,Uni_Name,Type_,Year_) VALUES (3,4,109,109,6.5,8.5,100,155,368,'University of Leeds','Applicants',2022);
INSERT INTO intake(GPA_Min,GPA_Max,TOEFL_Score_Min,TOEFL_Score_Max,IELTS_Score_Min,IELTS_Score_Max,Duolingo_English_Test_Score_Min,Duolingo_English_Test_Score_Max,Total_Students,Uni_Name,Type_,Year_) VALUES (3.1,4,108,108,6,8.5,60,160,251,'University of Leeds','Applicants',2023);
INSERT INTO intake(GPA_Min,GPA_Max,TOEFL_Score_Min,TOEFL_Score_Max,IELTS_Score_Min,IELTS_Score_Max,Duolingo_English_Test_Score_Min,Duolingo_English_Test_Score_Max,Total_Students,Uni_Name,Type_,Year_) VALUES (3,4,82,99,6,8.5,75,160,576,'University of Sussex','Applicants',2022);
INSERT INTO intake(GPA_Min,GPA_Max,TOEFL_Score_Min,TOEFL_Score_Max,IELTS_Score_Min,IELTS_Score_Max,Duolingo_English_Test_Score_Min,Duolingo_English_Test_Score_Max,Total_Students,Uni_Name,Type_,Year_) VALUES (3.1,3.98,85,100,5.5,8,80,160,161,'University of Sussex','Applicants',2023);
INSERT INTO intake(GPA_Min,GPA_Max,TOEFL_Score_Min,TOEFL_Score_Max,IELTS_Score_Min,IELTS_Score_Max,Duolingo_English_Test_Score_Min,Duolingo_English_Test_Score_Max,Total_Students,Uni_Name,Type_,Year_) VALUES (3,4,104,104,6,8.5,105,150,144,'University of Warwick','Applicants',2022);
INSERT INTO intake(GPA_Min,GPA_Max,TOEFL_Score_Min,TOEFL_Score_Max,IELTS_Score_Min,IELTS_Score_Max,Duolingo_English_Test_Score_Min,Duolingo_English_Test_Score_Max,Total_Students,Uni_Name,Type_,Year_) VALUES (3.18,3.95,102,102,5.5,8.5,NULL,NULL,48,'University of Warwick','Applicants',2023);
INSERT INTO intake(GPA_Min,GPA_Max,TOEFL_Score_Min,TOEFL_Score_Max,IELTS_Score_Min,IELTS_Score_Max,Duolingo_English_Test_Score_Min,Duolingo_English_Test_Score_Max,Total_Students,Uni_Name,Type_,Year_) VALUES (3,4,82,115,6.5,8,100,155,219,'University of York','Applicants',2022);
INSERT INTO intake(GPA_Min,GPA_Max,TOEFL_Score_Min,TOEFL_Score_Max,IELTS_Score_Min,IELTS_Score_Max,Duolingo_English_Test_Score_Min,Duolingo_English_Test_Score_Max,Total_Students,Uni_Name,Type_,Year_) VALUES (3,3.96,114,114,6.5,8,101,112,37,'University of York','Applicants',2023);
INSERT INTO intake(GPA_Min,GPA_Max,TOEFL_Score_Min,TOEFL_Score_Max,IELTS_Score_Min,IELTS_Score_Max,Duolingo_English_Test_Score_Min,Duolingo_English_Test_Score_Max,Total_Students,Uni_Name,Type_,Year_) VALUES (3.28,4,110,111,7.5,8.5,105,135,24,'University College London','Applicants',2022);
INSERT INTO intake(GPA_Min,GPA_Max,TOEFL_Score_Min,TOEFL_Score_Max,IELTS_Score_Min,IELTS_Score_Max,Duolingo_English_Test_Score_Min,Duolingo_English_Test_Score_Max,Total_Students,Uni_Name,Type_,Year_) VALUES (3.29,3.97,108,108,7,8.5,NULL,NULL,65,'University College London','Applicants',2023);
INSERT INTO intake(GPA_Min,GPA_Max,TOEFL_Score_Min,TOEFL_Score_Max,IELTS_Score_Min,IELTS_Score_Max,Duolingo_English_Test_Score_Min,Duolingo_English_Test_Score_Max,Total_Students,Uni_Name,Type_,Year_) VALUES (3.04,4,103,110,6,8,100,100,26,'Queen Mary University of London','Applicants',2022);
INSERT INTO intake(GPA_Min,GPA_Max,TOEFL_Score_Min,TOEFL_Score_Max,IELTS_Score_Min,IELTS_Score_Max,Duolingo_English_Test_Score_Min,Duolingo_English_Test_Score_Max,Total_Students,Uni_Name,Type_,Year_) VALUES (3.25,3.86,NULL,NULL,7,8,NULL,NULL,13,'Queen Mary University of London','Applicants',2023);
